,CASE_ID,ACCIDENT_YEAR,PROC_DATE,JURIS,COLLISION_DATE,COLLISION_TIME,OFFICER_ID,REPORTING_DISTRICT,DAY_OF_WEEK,CHP_SHIFT,POPULATION,CNTY_CITY_LOC,SPECIAL_COND,BEAT_TYPE,CHP_BEAT_TYPE,CITY_DIVISION_LAPD,CHP_BEAT_CLASS,BEAT_NUMBER,PRIMARY_RD,SECONDARY_RD,DISTANCE,DIRECTION,INTERSECTION,WEATHER_1,WEATHER_2,STATE_HWY_IND,CALTRANS_COUNTY,CALTRANS_DISTRICT,STATE_ROUTE,ROUTE_SUFFIX,POSTMILE_PREFIX,POSTMILE,LOCATION_TYPE,RAMP_INTERSECTION,SIDE_OF_HWY,TOW_AWAY,COLLISION_SEVERITY,NUMBER_KILLED,NUMBER_INJURED,PARTY_COUNT,PRIMARY_COLL_FACTOR,PCF_CODE_OF_VIOL,PCF_VIOL_CATEGORY,PCF_VIOLATION,PCF_VIOL_SUBSECTION,HIT_AND_RUN,TYPE_OF_COLLISION,MVIW,PED_ACTION,ROAD_SURFACE,ROAD_COND_1,ROAD_COND_2,LIGHTING,CONTROL_DEVICE,CHP_ROAD_TYPE,PEDESTRIAN_ACCIDENT,BICYCLE_ACCIDENT,MOTORCYCLE_ACCIDENT,TRUCK_ACCIDENT,NOT_PRIVATE_PROPERTY,ALCOHOL_INVOLVED,STWD_VEHTYPE_AT_FAULT,CHP_VEHTYPE_AT_FAULT,COUNT_SEVERE_INJ,COUNT_VISIBLE_INJ,COUNT_COMPLAINT_PAIN,COUNT_PED_KILLED,COUNT_PED_INJURED,COUNT_BICYCLIST_KILLED,COUNT_BICYCLIST_INJURED,COUNT_MC_KILLED,COUNT_MC_INJURED,PRIMARY_RAMP,SECONDARY_RAMP,LATITUDE,LONGITUDE,COUNTY,CITY,POINT_X,POINT_Y
127,8500446,2017,2017-12-04,109,2017-08-25,1958,9235,2,5,5,7,109,0,0,0,,0,30X,82ND AV,BIRCH ST,2.0,N,N,A,-,N,,,,,,,,,,Y,3,0,1,2,A,-,08,22107.0,,M,B,C,A,A,H,-,C,A,0,,,Y,,Y,,A,01,0,1,0,0,0,0,0,0,1,-,-,,,ALAMEDA,OAKLAND,-122.17399409999999,37.75832288
128,8499347,2017,2017-12-04,111,2017-10-15,2243,266,,7,5,5,111,0,0,0,,0,002,HOPYARD RD,RT 580,0.0,,Y,A,-,N,,,,,,,,,,N,4,0,2,2,A,-,03,22350.0,I,N,C,C,A,A,H,-,C,A,0,,,,,Y,,A,07,0,0,2,0,0,0,0,0,0,-,-,,,ALAMEDA,PLEASANTON,,
129,8499104,2017,2017-11-22,109,2017-06-18,1115,9263,2,7,5,7,109,0,0,0,,0,26X,66TH AV,INTERNATIONAL BL,5.0,S,N,A,-,N,,,,,,,,,,N,4,0,2,2,A,-,08,22107.0,,M,D,C,A,A,H,-,A,A,0,,,,,Y,,A,01,0,0,2,0,0,0,0,0,0,-,-,,,ALAMEDA,OAKLAND,-122.19373999999999,37.762370000000004
130,8499088,2017,2017-11-27,109,2017-06-07,1556,9693,1,3,5,7,109,0,0,0,,0,19X,E 12TH ST,4TH AV,0.0,,Y,A,-,N,,,,,,,,,,N,4,0,1,2,A,-,09,21802.0,A,N,B,C,A,A,H,-,A,A,0,,,,,Y,,A,01,0,0,1,0,0,0,0,0,0,-,-,,,ALAMEDA,OAKLAND,-122.25560986,37.79579997
131,8499030,2017,2017-11-27,109,2017-06-20,631,9329,1,2,5,7,109,0,0,0,,0,20X,FRUITVALE AV,E 12TH ST,0.0,,Y,A,-,N,,,,,,,,,,N,4,0,1,2,A,-,12,21453.0,A,N,D,G,A,A,H,-,A,A,0,,Y,,,Y,,L,04,0,0,1,0,0,0,1,0,0,-,-,,,ALAMEDA,OAKLAND,-122.22648994,37.77630988
132,8497705,2017,2017-12-07,101,2017-11-06,735,89,221,1,5,5,101,0,0,0,,0,002,GRAND ST,BUENA VISTA AV,0.0,,Y,A,-,N,,,,,,,,,,N,4,0,1,2,A,-,05,21650.0,,F,D,G,A,A,H,-,B,A,0,,Y,,,Y,,L,04,0,0,1,0,0,0,1,0,0,-,-,,,ALAMEDA,ALAMEDA,-122.25410997,37.77446996
133,8496950,2017,2018-02-17,103,2017-08-12,2304,15,,6,5,6,103,0,0,0,,0,005,SHATTUCK,DURANT AV,0.0,,-,A,-,N,,,,,,,,,,N,4,0,1,2,A,-,17,21208.0,B,N,B,G,A,A,H,-,C,A,0,,Y,,,Y,,L,04,0,0,1,0,0,0,1,0,0,-,-,37.866690000000006,-122.26768,ALAMEDA,BERKELEY,-122.26772993,37.86668991
134,8496281,2017,2017-12-04,108,2017-10-24,1520,12243,,2,5,4,108,0,0,0,,0,001,THORNTON AV,GATEWAY BL,55.0,E,N,A,-,N,,,,,,,,,,Y,4,0,1,2,A,-,04,21703.0,,N,C,C,A,A,H,-,A,A,0,,,,,Y,,A,08,0,0,1,0,0,0,0,0,0,-,-,37.53595,-122.06523999999999,ALAMEDA,NEWARK,-122.06514640000002,37.53576038
135,8495518,2017,2017-12-08,105,2017-11-03,1515,14591,849,5,5,6,105,0,0,0,,0,001,STEVENSON BL,DAVIS ST,2.0,W,N,B,-,N,,,,,,,,,,Y,4,0,1,2,A,-,09,21453.0,B,F,D,C,A,A,H,-,A,A,0,,,,,Y,,A,01,0,0,1,0,0,0,0,0,0,-,-,33.20316,-117.66035,ALAMEDA,FREMONT,-121.97622289,37.53731501
136,8495493,2017,2017-12-08,105,2017-11-20,1003,13916,1122,1,5,6,105,0,0,0,,0,003,CUSHING PKWY,AUTO MALL PKWY,160.0,S,N,A,-,N,,,,,,,,,,Y,4,0,1,2,A,-,08,22100.0,A,N,D,C,A,A,H,-,A,D,0,,,,,Y,,A,01,0,0,1,0,0,0,0,0,0,-,-,33.16836,-117.66436999999999,ALAMEDA,FREMONT,-121.97894733,37.50208828
137,8495485,2017,2018-07-06,105,2017-11-20,901,13916,709,1,5,6,105,0,0,0,,0,003,RT 262,BROWN RD,0.0,,Y,A,B,Y,ALA,4.0,262.0,-,R,0.92,I,5,S,Y,4,0,1,2,A,-,08,22100.0,A,N,D,C,A,A,H,-,A,D,0,,,Y,,Y,,A,07,0,0,1,0,0,0,0,0,1,-,-,33.15887,-117.6135,ALAMEDA,FREMONT,-121.92558523,37.49352052
138,8494853,2017,2017-12-06,105,2017-11-09,1506,11621,539,4,5,6,105,0,0,0,,0,002,CENTRAL AV,GLENMOOR DR,3.0,W,N,A,-,N,,,,,,,,,,N,3,0,1,2,A,-,12,21453.0,A,N,H,G,A,A,-,-,A,A,0,,Y,,,Y,,A,01,0,1,0,0,0,0,1,0,0,-,-,33.21524,-117.69254,ALAMEDA,FREMONT,-122.01007613,37.54878336
139,8493760,2017,2017-12-11,105,2017-11-13,1312,13915,601,1,5,6,105,0,0,0,,0,0P1,GALLAUDET DR,WALNUT AV,500.0,S,N,A,-,N,,,,,,,,,,Y,3,0,1,1,A,-,08,22107.0,,N,E,I,A,A,H,-,A,A,0,,,,,Y,,A,07,0,1,0,0,0,0,0,0,0,-,-,33.2272,-117.65235,ALAMEDA,FREMONT,-121.96682544,37.56015175
140,8492750,2017,2017-11-21,109,2017-06-27,803,9141,1,2,5,7,109,0,0,0,,0,19X,23RD AV,E 12TH ST,0.0,,Y,A,-,N,,,,,,,,,,N,4,0,1,2,A,-,10,21950.0,A,N,G,B,B,A,H,-,A,A,0,Y,,,,Y,,D,22,0,0,1,0,1,0,0,0,0,-,-,,,ALAMEDA,OAKLAND,-122.23870997,37.78360996
141,8492705,2017,2017-11-22,112,2017-10-31,1211,273,,2,5,5,112,0,0,0,,0,004,DOOLITTLE DR,ADAMS AV,450.0,N,N,A,-,N,,,,,,,,,,N,4,0,1,2,A,-,08,21717.0,,N,H,G,A,A,H,-,A,D,0,,Y,,,Y,,-,,0,0,1,0,0,0,1,0,0,-,-,,,ALAMEDA,SAN LEANDRO,-122.19537354,37.72300959
142,8492421,2017,2017-11-27,109,2017-06-22,1943,9149,1,4,5,7,109,0,0,0,,0,01X,WASHINGTON ST,EMBARCADERO W,30.0,N,N,A,-,N,,,,,,,,,,N,4,0,1,2,A,-,10,21954.0,B,N,B,B,D,A,H,-,A,D,0,Y,,,,Y,,A,01,0,0,1,0,1,0,0,0,0,-,-,,,ALAMEDA,OAKLAND,-122.27793235,37.79597323
143,8492401,2017,2017-11-27,109,2017-06-20,2015,9678,2,2,5,7,109,0,0,0,,0,31Y,98TH AV,WALTER AV,0.0,,Y,A,-,N,,,,,,,,,,Y,4,0,1,2,A,-,08,22107.0,,N,D,C,A,A,H,-,A,A,0,,,,,Y,,A,01,0,0,1,0,0,0,0,0,0,-,-,,,ALAMEDA,OAKLAND,-122.18266996,37.73698991
144,8491454,2017,2017-11-21,109,2017-06-21,44,9280,1,3,5,7,109,0,0,0,,0,21X,FOOTHILL BL,AUSTIN ST,32.0,W,N,A,-,N,,,,,,,,,,N,4,0,1,2,A,-,06,21755.0,,N,B,C,A,A,H,-,C,D,0,,,,,Y,,A,01,0,0,1,0,0,0,0,0,0,-,-,,,ALAMEDA,OAKLAND,-122.22463033,37.7843078
145,8490919,2017,2017-11-27,109,2017-09-27,803,8444,1,3,5,7,109,0,0,0,,0,08X,40TH ST,WEBSTER ST,0.0,,Y,A,-,N,,,,,,,,,,N,4,0,2,2,A,-,08,22107.0,,N,D,C,A,A,H,-,A,A,0,,,,,Y,,A,07,0,0,2,0,0,0,0,0,0,-,-,,,ALAMEDA,OAKLAND,-122.26081991,37.82855989
146,8489498,2017,2018-06-14,112,2017-10-29,350,362,,7,5,5,112,0,0,0,,0,007,DAVIS ST,PREDA ST,0.0,,Y,A,-,Y,ALA,4.0,112.0,-,-,1.1,H,-,W,Y,4,0,1,1,A,-,08,22107.0,,N,H,I,A,A,H,-,C,A,0,,,,,Y,,-,,0,0,1,0,0,0,0,0,0,-,-,,,ALAMEDA,SAN LEANDRO,-122.16825011,37.72172931
147,8488492,2017,2017-12-04,106,2017-10-01,1714,376,,7,5,6,106,0,0,0,,0,00B,B ST,4TH ST,0.0,,Y,A,-,N,,,,,,,,,,N,3,0,1,2,A,-,10,21950.0,A,N,A,B,B,-,H,-,A,A,0,Y,,,,Y,,A,01,0,1,0,0,1,0,0,0,0,-,-,37.6778,-122.07573000000001,ALAMEDA,HAYWARD,-122.07572987,37.67780991
148,8488488,2017,2017-12-04,106,2017-10-27,750,397,,5,5,6,106,0,0,0,,0,00A,MISSION BL,PALISADE ST,0.0,,Y,A,-,N,,,,,,,,,,N,3,0,1,2,A,-,08,22107.0,,N,H,G,A,A,H,-,A,D,0,,Y,,,Y,,A,01,0,1,0,0,0,0,1,0,0,-,-,,,ALAMEDA,HAYWARD,-122.07523996,37.66199995
149,8487809,2017,2018-06-29,105,2017-10-23,1237,14591,709,1,5,6,105,0,0,0,,0,001,RT 238,RT 680,0.0,,Y,A,-,Y,ALA,4.0,238.0,-,-,0.03,H,-,N,Y,3,0,1,1,A,-,03,22350.0,,N,F,A,A,A,H,-,A,A,0,,,,Y,Y,,G,25,0,1,0,0,0,0,0,0,0,-,SF,,,ALAMEDA,FREMONT,-121.92489040000001,37.54101051
150,8486949,2017,2017-11-20,108,2017-10-22,605,12344,13,7,5,4,108,0,0,0,,0,001,MAYHEWS LANDING RD,THORNTON AV,978.0,N,N,A,-,N,,,,,,,,,,Y,2,0,1,2,A,-,01,23152.0,A,N,C,E,A,A,H,-,C,D,0,,,,,Y,Y,A,01,1,0,0,0,0,0,0,0,0,-,-,37.53921,-122.02866000000002,ALAMEDA,NEWARK,-122.03215986,37.53955582
151,8486228,2017,2018-05-17,101,2017-10-22,1207,46,123,7,5,5,101,0,0,0,,0,001,RT 260,BUENA VISTA AV,0.0,,Y,A,-,N,,,,,,,,,,N,3,0,1,2,A,-,10,21950.0,A,N,G,B,B,A,H,-,A,A,0,Y,,,,Y,,A,01,0,1,0,0,1,0,0,0,0,-,-,,,ALAMEDA,ALAMEDA,,
152,8485905,2017,2017-11-07,109,2017-05-30,1230,9651,2,2,5,7,109,0,0,0,,0,30X,73RD AV,LOCKWOOD ST,0.0,,Y,A,-,N,,,,,,,,,,N,3,0,1,2,A,-,12,22450.0,A,F,D,G,A,A,H,-,A,A,0,,Y,,,Y,,A,01,0,1,0,0,0,0,1,0,0,-,-,,,ALAMEDA,OAKLAND,-122.18123995,37.76297994
153,8485529,2017,2018-06-28,105,2017-10-10,719,14591,367,2,5,6,105,0,0,0,,0,001,RT 238,NILES BL,0.0,,Y,A,-,Y,ALA,4.0,238.0,-,-,3.65,H,-,S,Y,3,0,2,3,A,-,03,22350.0,,N,C,C,A,A,H,-,A,A,0,,,,,Y,,A,01,0,1,1,0,0,0,0,0,0,-,-,,,ALAMEDA,FREMONT,-121.97180527,37.57651597
154,8484868,2017,2017-12-05,106,2017-10-22,1659,441,,7,5,6,106,0,0,0,,0,00H,MISSION BL,SORENSON RD,0.0,,Y,A,-,N,,,,,,,,,,Y,2,0,3,2,A,-,09,21804.0,A,N,F,A,A,A,H,-,A,A,0,,,,,Y,Y,A,01,1,0,2,0,0,0,0,0,0,-,-,37.64437,-122.06336,ALAMEDA,HAYWARD,-122.06322989,37.64634998
155,8482178,2017,2018-05-25,103,2017-07-06,1815,47,,4,5,6,103,0,0,0,,0,016,SAN PABLO,UNIVERSITY AV,23.0,N,N,A,-,Y,ALA,4.0,123.0,-,-,3.16,H,-,N,N,3,0,2,2,A,-,03,22350.0,,N,G,B,D,A,H,-,A,A,0,Y,,,,Y,,A,01,0,1,1,0,1,0,0,0,0,-,-,,,ALAMEDA,BERKELEY,-122.29215425,37.86925015
156,8482032,2017,2017-11-21,109,2017-07-18,2011,9184,2,2,5,7,109,0,0,0,,0,30X,INTERNATIONAL BL,70TH AV,10.0,W,N,A,-,N,,,,,,,,,,N,4,0,1,4,A,-,09,21802.0,A,N,D,C,A,A,H,-,B,A,0,,,,,Y,,A,01,0,0,1,0,0,0,0,0,0,-,-,,,ALAMEDA,OAKLAND,-122.18952852,37.76035556
157,8481881,2017,2018-07-06,105,2017-10-20,1643,12223,1242,5,5,6,105,0,0,0,,0,003,RT 262,BROWN RD,0.0,,Y,A,-,Y,ALA,4.0,262.0,-,R,0.92,I,5,S,Y,3,0,1,2,A,-,08,22107.0,,N,D,C,A,A,H,-,A,D,0,,,Y,,Y,,A,01,0,1,0,0,0,0,0,0,1,-,-,,,ALAMEDA,FREMONT,-121.92558523,37.49352052
158,8481532,2017,2017-11-28,112,2017-10-20,845,359,,5,5,5,112,0,0,0,,0,001,HAAS AV,E 14TH ST,802.0,E,N,A,-,N,,,,,,,,,,Y,4,0,2,2,A,-,08,22107.0,,N,D,C,A,B,H,-,A,D,0,,,,,Y,,-,,0,0,2,0,0,0,0,0,0,-,-,,,ALAMEDA,SAN LEANDRO,-122.15622142,37.72951017
159,8480290,2017,2017-11-15,109,2017-05-30,1559,9127,1,2,5,7,109,0,0,0,,0,03X,FRANKLIN ST,9TH ST,0.0,,Y,A,-,N,,,,,,,,,,N,4,0,1,2,A,-,08,22100.0,A,N,B,C,A,A,H,-,A,A,0,,,,Y,Y,,F,27,0,0,1,0,0,0,0,0,0,-,-,,,ALAMEDA,OAKLAND,-122.27210989,37.80038999
160,8477938,2017,2017-11-02,103,2017-07-16,1808,112,,7,5,6,103,0,0,0,,0,005,CARLETON ST,FULTON,0.0,,Y,A,-,N,,,,,,,,,,Y,4,0,1,2,A,-,02,22526.0,A,N,B,C,A,A,H,-,A,A,0,,,,,Y,,A,01,0,0,1,0,0,0,0,0,0,-,-,37.86157,-122.26468,ALAMEDA,BERKELEY,-122.26467993,37.86156991
161,8477922,2017,2017-11-02,103,2017-07-19,1600,47,,3,5,6,103,0,0,0,,0,005,CHANNING,MARTIN LUTHER KING JR,8.0,E,N,A,-,N,,,,,,,,,,N,3,0,1,2,A,-,03,22350.0,,N,D,G,A,A,H,-,A,A,0,,Y,,,Y,,L,04,0,1,0,0,0,0,1,0,0,-,-,,,ALAMEDA,BERKELEY,-122.27228259,37.86517328
162,8477284,2017,2017-10-24,100,2017-10-05,830,203264,400,4,5,4,198,0,0,0,,0,,ASPEN ST,SUMMER GLEN DR,5.0,S,N,A,-,N,,,,,,,,,,N,4,0,1,2,A,-,03,22350.0,,N,H,G,A,A,H,-,A,A,0,,Y,,,Y,,A,07,0,0,1,0,0,0,1,0,0,-,-,,,ALAMEDA,DUBLIN,-121.88292,37.71084626
163,8475226,2017,2017-12-09,103,2017-07-15,1326,71,,6,5,6,103,0,0,0,,0,014,ADDISON ST,BOLIVAR DR,0.0,,Y,A,-,N,,,,,,,,,,N,3,0,1,1,C,-,18,,,N,H,-,A,A,A,-,A,A,0,,Y,,,Y,,-,-,0,1,0,0,0,0,1,0,0,-,-,37.86595,-122.30213,ALAMEDA,BERKELEY,-122.30208996,37.8657099
164,8473029,2017,2017-11-21,109,2017-06-15,1640,9582,2,4,5,7,109,0,0,0,,0,31X,HEGENBERGER RD,EDES AV,400.0,N,N,A,-,N,,,,,,,,,,N,4,0,1,2,A,-,05,21651.0,B,N,G,G,A,A,H,-,A,A,0,,Y,,,Y,,L,04,0,0,1,0,0,0,1,0,0,-,-,,,ALAMEDA,OAKLAND,-122.19595,37.74583806
165,8472997,2017,2017-11-21,109,2017-05-25,1800,8959,1,4,5,7,109,0,0,0,,0,16X,EXCELSIOR AV,ARDLEY AV,0.0,,N,A,-,N,,,,,,,,,,N,4,0,1,2,A,-,17,21209.0,A,M,B,G,A,A,H,-,A,D,0,,Y,,,Y,,A,01,0,0,1,0,0,0,1,0,0,-,-,,,ALAMEDA,OAKLAND,-122.22348988,37.80188998
166,8472816,2017,2017-10-31,111,2017-09-28,840,273,,4,5,5,111,0,0,0,,0,003,BERNAL AV,TAWNY DR,0.0,,Y,A,-,N,,,,,,,,,,N,3,0,1,2,A,-,12,21453.0,A,N,D,G,A,A,H,-,A,A,0,,Y,,,Y,,A,01,0,1,0,0,0,0,1,0,0,-,-,,,ALAMEDA,PLEASANTON,-121.85675998,37.66279989
167,8469899,2017,2017-11-03,112,2017-09-26,814,326,,2,5,5,112,0,0,0,,0,001,BANCROFT AV,LEE AV,0.0,,Y,A,-,N,,,,,,,,,,N,3,0,1,2,A,-,09,21800.0,A,N,D,G,A,A,A,-,A,D,0,,Y,,,Y,,-,,0,1,0,0,0,0,1,0,0,-,-,,,ALAMEDA,SAN LEANDRO,-122.14892993,37.7296599
168,8468862,2017,2017-10-10,105,2017-09-30,1405,11621,464,6,5,6,105,0,0,0,,0,002,GIBRALTAR DR,JACINTO DR,12.0,N,N,A,-,N,,,,,,,,,,N,3,0,1,2,A,-,05,21650.0,1,N,H,G,A,A,H,-,A,D,0,,Y,,,Y,,L,04,0,1,0,0,0,0,1,0,0,-,-,33.22847,-117.70938000000001,ALAMEDA,FREMONT,-122.02818507,37.56182753
169,8468840,2017,2017-10-11,105,2017-09-28,2100,14997,834,4,5,6,105,0,0,0,,0,001,FREMONT BL,CHAPEL WY,21.0,S,N,A,-,N,,,,,,,,,,N,4,0,1,2,A,-,10,21950.0,A,N,G,B,B,A,H,-,C,A,0,Y,,,,Y,,A,01,0,0,1,0,1,0,0,0,0,-,-,33.200509999999994,-117.64761000000001,ALAMEDA,FREMONT,-121.96228966,37.53465808
170,8468678,2017,2018-05-21,105,2017-09-22,1833,14306,662,5,5,6,105,0,0,0,,0,002,PARISH AV,RT 84,72.0,S,N,A,-,Y,ALA,4.0,84.0,-,-,8.58,I,6,N,N,4,0,1,2,A,-,10,21950.0,A,N,G,B,D,A,H,-,A,D,0,Y,,,,Y,,D,82,0,0,1,0,1,0,0,0,0,-,-,,,ALAMEDA,FREMONT,-122.0037737,37.55943036
171,8468223,2017,2018-05-18,105,2017-09-23,1827,14175,930,6,5,6,105,0,0,0,,0,0Z3,WASHINGTON BL,RT 680,65.0,W,N,A,-,Y,ALA,4.0,680.0,-,M,5.45,R,4,S,Y,4,0,2,3,A,-,01,23152.0,A,F,E,I,A,A,H,-,B,D,0,,,,,Y,Y,A,01,0,0,2,0,0,0,0,0,0,-,SF,33.197140000000005,-117.63011000000002,ALAMEDA,FREMONT,-121.93990901,37.53218764
172,8467830,2017,2017-12-06,112,2017-10-05,751,273,,4,5,5,112,0,0,0,,0,006,WASHINGTON AV,FARGO AV,15.0,S,N,A,-,N,,,,,,,,,,N,4,0,1,2,A,-,10,21950.0,A,N,G,B,B,A,H,-,A,A,0,Y,,,,Y,,-,,0,0,1,0,1,0,0,0,0,-,-,,,ALAMEDA,SAN LEANDRO,-122.13905972,37.68802879
173,8467810,2017,2017-11-21,105,2017-10-03,830,15131,776,2,5,6,105,0,0,0,,0,001,PASEO PADRE PKWY,WALNUT AV,20.0,S,N,A,-,N,,,,,,,,,,N,4,0,1,2,A,-,10,21950.0,A,N,G,B,B,A,H,-,A,A,0,Y,,,,Y,,A,07,0,0,1,0,1,0,0,0,0,-,-,33.217890000000004,-117.66191,ALAMEDA,FREMONT,-121.97781179,37.551840500000004
174,8466349,2017,2017-10-11,105,2017-09-26,744,13915,287,2,5,6,105,0,0,0,,0,0P2,PASEO PADRE PKWY,ISHERWOOD WY,0.0,,Y,A,-,N,,,,,,,,,,N,3,0,1,2,A,-,10,21950.0,A,N,G,B,B,A,H,-,A,A,0,Y,,,,Y,,A,07,0,1,0,0,1,0,0,0,0,-,-,33.23814,-117.69632,ALAMEDA,FREMONT,-122.01466995,37.57156997
175,8463518,2017,2017-10-23,105,2017-09-26,747,12745,1020,2,5,6,105,0,0,0,,0,003,FREMONT BL,BLACOW RD,10.0,S,N,A,-,N,,,,,,,,,,N,3,0,1,2,A,-,05,21650.0,,N,H,G,A,A,H,-,A,A,0,,Y,,,Y,,L,04,0,1,0,0,0,0,1,0,0,-,-,33.18974,-117.64328,ALAMEDA,FREMONT,-121.95765581,37.52404273
176,8463421,2017,2017-10-25,105,2017-10-13,744,15131,800,5,5,6,105,0,0,0,,0,001,PASEO PADRE PKWY,GOMES RD,0.0,,Y,A,-,N,,,,,,,,,,N,4,0,1,2,A,-,05,21650.0,,N,H,G,A,A,H,-,A,A,0,,Y,,,Y,,L,04,0,0,1,0,0,0,1,0,0,-,-,33.20794,-117.63568000000001,ALAMEDA,FREMONT,-121.94993992,37.54221992
177,8461651,2017,2018-01-19,106,2017-09-23,2314,335,,6,5,6,106,0,0,0,,0,00D,WEST WINTON AV,CABOT RD,0.0,,Y,A,-,N,,,,,,,,,,Y,2,0,1,1,A,-,00,23103.0,A,N,F,A,A,A,H,-,C,D,0,,,,,Y,,D,22,1,0,0,0,0,0,0,0,0,-,-,37.65266,-122.13871999999999,ALAMEDA,HAYWARD,-122.13866992,37.65262991
178,8461600,2017,2017-11-28,106,2017-09-09,1639,449,,6,5,6,106,0,0,0,,0,00B,N FOOTHILL BL,W GROVE WY,0.0,,Y,A,-,N,,,,,,,,,,Y,4,0,1,2,A,-,03,22350.0,,N,D,C,A,A,H,-,A,D,0,,,,,Y,,A,01,0,0,1,0,0,0,0,0,0,-,-,37.68367,-122.09017,ALAMEDA,HAYWARD,-122.09022998,37.68360992
179,8461588,2017,2017-11-28,106,2017-09-05,1724,452,,2,5,6,106,0,0,0,,0,00H,TENNYSON RD,WHITMAN ST,0.0,,Y,A,-,N,,,,,,,,,,N,3,0,1,2,A,-,09,21800.0,A,N,H,G,A,A,H,-,A,A,0,,Y,,,Y,Y,A,01,0,1,0,0,0,0,1,0,0,-,-,37.635,-122.06165,ALAMEDA,HAYWARD,-122.06174993,37.63505995
180,8461579,2017,2017-11-21,105,2017-10-02,1806,14175,1040,1,5,6,105,0,0,0,,0,0Z1,BLACOW RD,ROBIN ST,2.0,S,N,A,-,N,,,,,,,,,,N,3,0,1,2,D,-,00,,,N,H,G,A,A,H,-,A,A,0,,Y,,,Y,,-,-,0,1,0,0,0,0,1,0,0,-,-,33.18868,-117.65681000000001,ALAMEDA,FREMONT,-121.97175399,37.52281729999999
181,8461109,2017,2017-10-13,109,2017-05-25,1211,9522,1,4,5,7,109,0,0,0,,0,13X,MERCED AV,MOUNTAIN BL,0.0,,Y,A,-,N,,,,,,,,,,N,4,0,1,2,A,-,12,22450.0,A,N,G,-,B,A,H,-,A,A,0,Y,,,,Y,,A,01,0,0,1,0,1,0,0,0,0,-,-,,,ALAMEDA,OAKLAND,-122.20953995,37.82497996
182,8455684,2017,2017-09-27,105,2017-09-19,800,14175,1020,2,5,6,105,0,0,0,,0,0Z3,GATEWOOD ST,BLACOW RD,12.0,W,N,A,-,N,,,,,,,,,,N,3,0,1,2,A,-,05,21650.0,,N,H,G,A,A,H,-,A,D,0,,Y,,,Y,,L,04,0,1,0,0,0,0,0,0,0,-,-,33.18946,-117.6456,ALAMEDA,FREMONT,-121.95996000000001,37.52378
183,8455372,2017,2017-10-24,108,2017-08-29,810,12243,3,2,5,4,108,0,0,0,,0,001,CEDAR BL,NEWARK BL,20.0,S,N,A,-,N,,,,,,,,,,N,2,0,1,2,A,-,10,21950.0,A,N,G,B,B,A,H,-,A,A,0,Y,,,,Y,,A,01,1,0,0,0,1,0,0,0,0,-,-,37.54806,-122.04433999999999,ALAMEDA,NEWARK,-122.04463298,37.54798702
184,8455368,2017,2017-10-03,108,2017-08-31,1818,12245,13,4,5,4,108,0,0,0,,0,002,SAINT EDWARDS ST,THORNTON AV,5.0,S,N,A,-,N,,,,,,,,,,N,3,0,1,2,A,-,05,21650.0,1,N,H,G,A,A,H,-,A,A,0,,Y,,,Y,,L,04,0,1,0,0,0,0,1,0,0,-,-,37.54006,-122.02814,ALAMEDA,NEWARK,-122.02814539,37.540032700000005
185,8455229,2017,2017-09-26,109,2017-05-10,1519,9617,2,3,5,7,109,0,0,0,,0,35X,98TH AV,STANLEY AV,0.0,,Y,A,-,N,,,,,,,,,,Y,4,0,1,2,A,-,09,21804.0,A,F,D,-,A,A,H,-,A,D,0,,,Y,,Y,,A,01,0,0,1,0,0,0,0,0,1,-,-,,,ALAMEDA,OAKLAND,-122.15357994,37.75238997
186,8454689,2017,2017-10-10,107,2017-08-24,2101,C544,B430,4,5,5,107,0,0,0,,0,00B,GREENVILLE RD,PATTERSON PASS RD,528.0,N,N,A,-,N,,,,,,,,,,N,2,0,1,2,A,-,21,22106.0,,N,C,C,A,A,H,-,D,D,0,,,,,Y,,A,01,1,0,0,0,0,0,0,0,0,-,-,37.69577,-121.70148,ALAMEDA,LIVERMORE,-121.69693117,37.69730021
187,8452907,2017,2018-06-14,109,2017-08-25,2106,7715,2,5,5,7,109,0,0,0,,0,26X,HIGH ST,INTERNATIONAL BL,0.0,,Y,B,-,Y,ALA,4.0,185.0,-,-,10.429,I,5,S,N,4,0,1,2,A,-,08,22100.0,A,M,D,C,A,A,C,D,C,A,0,,,,,Y,,A,01,0,0,1,0,0,0,0,0,0,-,-,,,ALAMEDA,OAKLAND,-122.21495530000001,37.7723315
188,8452645,2017,2017-09-19,109,2017-08-09,1705,7715,2,3,5,7,109,0,0,0,,0,33X,81ST AV,RUSDALE ST,450.0,S,N,B,-,N,,,,,,,,,,N,3,0,1,2,A,-,05,21460.0,C,N,D,C,A,A,H,-,A,A,0,,,Y,,Y,,C,02,0,1,0,0,0,0,0,0,1,-,-,,,ALAMEDA,OAKLAND,-122.18636683,37.75264635
189,8452591,2017,2018-06-14,105,2017-08-31,1447,2799,709,4,5,6,105,0,0,0,,0,001,MISSION BL,I-680,32.0,N,N,A,-,Y,ALA,4.0,238.0,-,-,0.03,H,-,N,Y,3,0,1,1,A,-,03,22350.0,,N,F,I,A,A,H,-,A,A,0,,,,Y,Y,,G,25,0,1,0,0,0,0,0,0,0,-,-,33.15923,-117.61317,ALAMEDA,FREMONT,-121.92489040000001,37.54101051