,CASE_ID,ACCIDENT_YEAR,PROC_DATE,JURIS,COLLISION_DATE,COLLISION_TIME,OFFICER_ID,REPORTING_DISTRICT,DAY_OF_WEEK,CHP_SHIFT,POPULATION,CNTY_CITY_LOC,SPECIAL_COND,BEAT_TYPE,CHP_BEAT_TYPE,CITY_DIVISION_LAPD,CHP_BEAT_CLASS,BEAT_NUMBER,PRIMARY_RD,SECONDARY_RD,DISTANCE,DIRECTION,INTERSECTION,WEATHER_1,WEATHER_2,STATE_HWY_IND,CALTRANS_COUNTY,CALTRANS_DISTRICT,STATE_ROUTE,ROUTE_SUFFIX,POSTMILE_PREFIX,POSTMILE,LOCATION_TYPE,RAMP_INTERSECTION,SIDE_OF_HWY,TOW_AWAY,COLLISION_SEVERITY,NUMBER_KILLED,NUMBER_INJURED,PARTY_COUNT,PRIMARY_COLL_FACTOR,PCF_CODE_OF_VIOL,PCF_VIOL_CATEGORY,PCF_VIOLATION,PCF_VIOL_SUBSECTION,HIT_AND_RUN,TYPE_OF_COLLISION,MVIW,PED_ACTION,ROAD_SURFACE,ROAD_COND_1,ROAD_COND_2,LIGHTING,CONTROL_DEVICE,CHP_ROAD_TYPE,PEDESTRIAN_ACCIDENT,BICYCLE_ACCIDENT,MOTORCYCLE_ACCIDENT,TRUCK_ACCIDENT,NOT_PRIVATE_PROPERTY,ALCOHOL_INVOLVED,STWD_VEHTYPE_AT_FAULT,CHP_VEHTYPE_AT_FAULT,COUNT_SEVERE_INJ,COUNT_VISIBLE_INJ,COUNT_COMPLAINT_PAIN,COUNT_PED_KILLED,COUNT_PED_INJURED,COUNT_BICYCLIST_KILLED,COUNT_BICYCLIST_INJURED,COUNT_MC_KILLED,COUNT_MC_INJURED,PRIMARY_RAMP,SECONDARY_RAMP,LATITUDE,LONGITUDE,COUNTY,CITY,POINT_X,POINT_Y
632,8332018,2017,2017-03-24,709,2017-03-05,301,435,1360,7,5,4,709,0,0,0,,0,001,BONNIE PL,HOOVER CT,0.0,,Y,A,-,N,,,,,,,,,,Y,2,0,1,1,A,-,01,23152.0,A,N,E,I,A,A,H,-,A,D,0,,,,,Y,Y,A,01,1,0,0,0,0,0,0,0,0,-,-,,,CONTRA COSTA,PLEASANT HILL,-122.07962990000001,37.93007995
633,8330392,2017,2017-04-03,704,2017-03-17,1730,0561,,5,5,6,704,0,0,0,,0,002,CLAYTON RD,FRY WY,168.0,W,N,A,-,N,,,,,,,,,,N,4,0,1,2,A,-,05,21650.0,1,N,D,G,A,A,H,-,A,A,0,,Y,,,Y,,L,04,0,0,1,0,0,0,1,0,0,-,-,,,CONTRA COSTA,CONCORD,-122.04104271,37.97178634
634,8329838,2017,2017-03-30,708,2017-02-06,744,343,046,1,5,5,708,0,0,0,,0,003,WEST LELAND RD,BAILEY RD,3.0,W,N,A,-,N,,,,,,,,,,N,4,0,1,2,A,-,10,21950.0,A,N,G,B,C,B,H,-,A,A,0,Y,,,,Y,,D,22,0,0,1,0,1,0,0,0,0,-,-,,,CONTRA COSTA,PITTSBURG,-121.94193042,38.01533
635,8329834,2017,2017-04-05,708,2017-03-13,1837,344,046,1,5,5,708,0,0,0,,0,005,LOVERIDGE RD,LELAND RD,0.0,,Y,A,-,N,,,,,,,,,,N,4,0,1,2,A,-,10,21950.0,A,M,G,B,B,A,H,-,A,A,0,Y,,,,Y,,D,22,0,0,1,0,1,0,0,0,0,-,-,,,CONTRA COSTA,PITTSBURG,-121.87095991,38.00815994
636,8329688,2017,2017-03-29,708,2017-03-16,1420,229,,4,5,5,708,0,0,0,,0,005,LOVERIDGE RD,WEST LELAND RD,953.0,N,N,A,-,N,,,,,,,,,,N,4,0,1,2,A,-,03,22350.0,,N,C,C,A,A,H,-,A,A,0,,,,,Y,,A,07,0,0,1,0,0,0,0,0,0,-,-,,,CONTRA COSTA,PITTSBURG,-121.86967275,38.0105348
637,8328721,2017,2017-03-24,700,2017-02-26,1250,49,EBRPD,7,5,3,792,0,0,0,,0,006,BEAR CREEK RD,OVERLOOK STAGING AREA,50.0,W,N,A,-,N,,,,,,,,,,Y,2,0,1,1,A,-,03,22350.0,,N,E,I,A,A,G,-,A,D,0,,,Y,,Y,,-,-,1,0,0,0,0,0,0,0,1,-,-,37.5445,-122.12700000000001,CONTRA COSTA,ORINDA,,
638,8319527,2017,2017-06-28,707,2017-01-27,1915,217,BAY,5,5,3,707,0,0,0,,0,002,PINOLE VALLEY RD,RT 80,0.0,,Y,A,-,Y,CC,4.0,80.0,-,-,8.716000000000001,R,1.0,E,N,3,0,1,2,A,-,10,21950.0,A,N,G,B,B,A,H,-,C,A,0,Y,,,,Y,,A,01,0,1,0,0,1,0,0,0,0,-,EO,,,CONTRA COSTA,PINOLE,-122.28388109,37.99931448
639,8317888,2017,2017-03-14,703,2017-02-25,1216,C048,0703,6,5,3,703,0,0,0,,0,001,CLAYTON RD,EL CAMINO DR,12.0,W,N,A,-,N,,,,,,,,,,N,4,0,1,2,A,-,10,21950.0,A,N,G,B,B,A,H,-,A,A,0,Y,,,,Y,,D,22,0,0,1,0,1,0,0,0,0,-,-,37.94847,-121.95026999999999,CONTRA COSTA,CLAYTON,-121.95028425,37.94827873
640,8316748,2017,2017-08-04,701,2017-01-09,2200,5228,303,1,5,5,701,0,0,0,,0,003,SOMERSVILLE RD,RT 4,0.0,,Y,A,-,Y,CC,4.0,4.0,-,-,25.875999999999998,R,1.0,E,N,3,0,1,2,A,-,05,21650.0,1,N,D,G,A,A,H,-,C,A,0,,Y,,,Y,,L,04,0,1,0,0,0,0,1,0,0,-,-,,,CONTRA COSTA,ANTIOCH,-121.84012537,38.00454975
641,8316110,2017,2017-03-03,707,2017-02-10,2145,214,,5,5,3,707,0,0,0,,0,003,FITZGERALD DR,FITZGERALD DR 1550,7.0,W,N,A,-,N,,,,,,,,,,N,4,0,1,2,B,-,22,,,N,G,B,B,A,H,-,C,D,0,Y,,,,Y,,A,01,0,0,1,0,1,0,0,0,0,-,-,,,CONTRA COSTA,PINOLE,,
642,8314504,2017,2017-03-03,708,2017-02-02,1651,318,046,4,5,5,708,0,0,0,,0,004,RAILROAD AV,MARIPOSA DR,0.0,,Y,C,-,N,,,,,,,,,,N,2,0,1,2,A,-,00,21453.0,,N,G,B,B,B,H,-,A,A,0,Y,,,,Y,,A,07,1,0,0,0,1,0,0,0,0,-,-,38.00694,-121.8931,CONTRA COSTA,PITTSBURG,-121.89310989,38.00691995
643,8311955,2017,2017-02-23,704,2017-02-07,945,478,,2,5,6,704,0,0,0,,0,,KIRKER PASS RD,MYRTLE DR,200.0,N,N,C,-,N,,,,,,,,,,N,3,0,2,2,D,-,00,,,N,C,C,A,B,H,-,A,A,0,,,,,Y,,-,-,0,1,1,0,0,0,0,0,0,-,-,,,CONTRA COSTA,CONCORD,-121.94568499,37.96017671
644,8311515,2017,2017-03-10,704,2017-02-09,1823,0552,,4,5,6,704,0,0,0,,0,,YGNACIO VALLEY RD,COWELL RD,1584.0,W,N,B,C,N,,,,,,,,,,Y,4,0,1,3,A,-,03,22350.0,,N,C,C,A,B,H,-,C,D,0,,,,,Y,,A,01,0,0,1,0,0,0,0,0,0,-,-,,,CONTRA COSTA,CONCORD,-121.99619806,37.94428355
645,8306391,2017,2017-02-27,701,2017-01-20,1631,5705,409,5,5,5,701,0,0,0,,0,004,LONE TREE WY,DAVISON DR,0.0,,Y,B,-,N,,,,,,,,,,N,4,0,1,2,D,-,00,,,N,C,C,A,B,H,-,A,A,0,,,,,Y,,-,-,0,0,1,0,0,0,0,0,0,-,-,,,CONTRA COSTA,ANTIOCH,-121.80593987,37.98506993
646,8302558,2017,2017-06-28,701,2017-01-31,1323,4265,615,2,5,5,701,0,0,0,,0,006,LONE TREE WY,BYPASS HWY,0.0,,Y,A,-,Y,CC,4.0,4.0,-,R,27.662,R,4.0,W,Y,4,0,1,2,A,-,10,21950.0,A,N,G,B,B,A,H,-,A,A,0,Y,,,,Y,,A,01,0,0,1,0,1,0,0,0,0,-,-,,,CONTRA COSTA,ANTIOCH,-121.80864179,37.99825859
647,8300158,2017,2017-02-21,711,2017-01-20,1909,S1051,,5,5,4,711,0,0,0,,0,001,BROADWAY AV,17TH ST,0.0,,Y,-,-,N,,,,,,,,,,N,4,0,1,2,A,-,10,21950.0,A,F,G,B,B,-,-,-,-,D,0,Y,,,,Y,,A,01,0,0,1,0,1,0,0,0,0,-,-,,,CONTRA COSTA,SAN PABLO,-122.34764987,37.97093994
648,8296729,2017,2017-02-13,704,2017-01-10,1752,0577,,2,5,6,704,0,0,0,,0,004,SALVIO ST,MOUNT DIABLO ST,22.0,W,N,C,G,N,,,,,,,,,,N,4,0,1,2,A,-,10,21950.0,A,N,G,B,B,B,H,-,C,D,0,Y,,,,Y,,A,01,0,0,1,0,1,0,0,0,0,-,-,,,CONTRA COSTA,CONCORD,-122.03475773,37.97740211
649,8296678,2017,2017-02-13,704,2017-01-21,1837,511,,6,5,6,704,0,0,0,,0,006,CLAYTON RD,SILVERLEAF LN,5.0,W,N,C,-,N,,,,,,,,,,Y,4,0,1,2,A,-,09,21804.0,A,N,C,C,A,B,H,-,C,A,0,,,,,Y,,A,01,0,0,1,0,0,0,0,0,0,-,-,,,CONTRA COSTA,CONCORD,-121.97416580000001,37.95821566
650,8296663,2017,2017-05-31,704,2017-01-19,812,559,,4,5,6,704,0,0,0,,0,003,TREAT BL,WINTON DR,10.0,E,N,B,-,N,,,,,,,,,,Y,4,0,1,2,A,-,09,21453.0,B,N,D,C,A,B,H,-,A,A,0,,,,,Y,,A,01,0,0,1,0,0,0,0,0,0,-,-,,,CONTRA COSTA,CONCORD,-122.03318076,37.93457477
651,8288767,2017,2017-04-14,706,2017-02-07,1746,159,84,2,5,3,706,0,0,0,,0,000,HERCULES AV,VILLAGE PKWY,0.0,,Y,B,-,N,,,,,,,,,,N,4,0,1,2,A,-,03,22350.0,,N,G,B,C,B,H,-,B,D,0,Y,,,,Y,,A,01,0,0,1,0,1,0,0,0,0,-,-,,,CONTRA COSTA,HERCULES,-122.28133991,38.00859994
652,8200989,2017,2017-03-16,704,2017-02-19,2324,568,,7,5,6,704,0,0,0,,0,002,CLAYTON RD,MARKET ST,0.0,,Y,B,-,N,,,,,,,,,,N,4,0,1,2,A,-,01,21200.0,5,N,G,G,A,B,H,-,C,A,0,,Y,,,Y,Y,L,04,0,0,1,0,0,0,1,0,0,-,-,,,CONTRA COSTA,CONCORD,-122.04674991,37.96961992
653,8200431,2017,2017-03-14,709,2017-02-07,1712,395,3170,2,5,4,709,0,0,0,,0,001,CONTRA COSTA BL,ASTRID DR,300.0,N,N,B,-,N,,,,,,,,,,N,2,0,1,2,A,-,09,21804.0,A,N,D,G,A,A,H,-,B,D,0,,Y,,,Y,,L,04,1,0,0,0,0,0,1,0,0,-,-,,,CONTRA COSTA,PLEASANT HILL,-122.06092,37.93885671
654,90487339,2017,2017-06-26,9320,2017-06-17,1630,021088,,6,2,9,700,0,3,5,,2,070,CANAL RD,BAILEY ROAD,128.0,E,N,A,-,N,,,,,,,,,,N,4,0,1,2,A,-,05,21650.0,,N,A,G,A,A,H,-,A,D,0,,Y,,,Y,,L,04,0,0,1,0,0,0,1,0,0,-,-,38.020179999999996,-121.94136,CONTRA COSTA,UNINCORPORATED,-121.94188,38.02156
655,90506899,2017,2017-07-24,9320,2017-07-15,1156,019458,,6,1,9,700,0,1,3,,1,406,SR-4 W/B,BIXLER RD.,410.0,E,N,A,-,N,,,,,,,,,,Y,3,0,1,2,A,-,09,21804.0,A,N,C,C,A,A,H,-,A,D,0,,,Y,,Y,,A,01,0,1,0,0,0,0,0,0,1,-,-,,,CONTRA COSTA,UNINCORPORATED,-121.62164911,37.88946
656,90534682,2017,2017-08-28,9370,2017-08-19,1405,021803,,6,2,9,700,0,3,5,,2,010,MARKET AVE. E/B,GIARAMITA ST.,0.0,,Y,A,-,N,,,,,,,,,,N,4,0,1,2,A,-,12,22450.0,A,N,D,C,A,A,H,-,A,A,0,,,,,Y,,A,01,0,0,1,0,0,0,0,0,0,-,-,37.57311,-122.21481000000001,CONTRA COSTA,UNINCORPORATED,-122.36330987,37.95867994
657,90535186,2017,2017-08-28,9320,2017-08-25,655,020889,,5,1,9,700,0,3,5,,2,075,DRIFTWOOD DR,JILL AVE.,3.0,N,N,A,-,N,,,,,,,,,,N,4,0,1,2,A,-,06,21755.0,,N,B,C,A,A,H,-,A,D,0,,,Y,,Y,,C,02,0,0,1,0,0,0,0,0,1,-,-,38.0329,-121.97931000000001,CONTRA COSTA,UNINCORPORATED,-121.97927613,38.03284765
658,90537783,2017,2017-08-31,9320,2017-08-24,740,014911,,4,1,4,790,1,4,S,,2,901,DIABLO ROAD,WILLOWMERE ROAD,450.0,N,N,A,-,N,,,,,,,,,,N,4,0,1,2,A,-,08,22101.0,D,N,D,G,A,A,H,-,A,D,0,,Y,,,Y,,L,04,0,0,1,0,0,0,1,0,0,-,-,,,CONTRA COSTA,DANVILLE,-121.98728477,37.830165799999996
659,90571692,2017,2017-10-18,9370,2017-10-10,926,020475,,2,1,4,711,0,3,5,,2,012,FORDHAM ST (2400 BLOCK),EL PORTAL DR,8.0,N,N,A,-,N,,,,,,,,,,N,3,0,1,2,A,-,10,21950.0,A,N,G,B,B,A,H,-,A,A,0,Y,,,,Y,,A,08,0,1,0,0,1,0,0,0,0,-,-,37.57476,-122.19578999999999,CONTRA COSTA,SAN PABLO,-122.33264887,37.96315196
660,90589315,2017,2017-11-07,9320,2017-11-03,1350,020984,,5,1,9,700,0,3,5,,2,075,DESANIE CIR,LAURA ANN CT,0.0,,Y,B,-,N,,,,,,,,,,Y,4,0,1,2,A,-,05,21650.0,,N,D,C,A,A,H,-,A,D,0,,,,,Y,,A,01,0,0,1,0,0,0,0,0,0,-,-,38.0313,-121.9592,CONTRA COSTA,UNINCORPORATED,-121.95919991,38.03126991
661,90610282,2017,2017-12-05,9320,2017-11-28,925,019522,,2,1,9,700,0,3,5,,2,060,SPRINGBROOK RD.,RODRIGUEA LN.,10.0,E,N,A,-,N,,,,,,,,,,N,4,0,1,2,A,-,08,22107.0,,N,D,C,A,A,H,-,A,D,0,,,,,Y,,A,01,0,0,1,0,0,0,0,0,0,-,-,37.901740000000004,-122.08162,CONTRA COSTA,UNINCORPORATED,-122.08162161,37.90175423
662,8423434,2017,2018-04-10,901,2017-06-28,150,296,901.0,3,5,2,901,0,0,0,,0,PP1,RT 50,CENTER ST,61.0,E,N,A,-,Y,ED,3.0,50.0,-,-,17.8,H,-,E,N,3,0,1,1,C,-,18,,,N,H,J,A,D,B,-,C,A,0,,,Y,,Y,,-,-,0,1,0,0,0,0,0,0,1,-,-,,,EL DORADO,PLACERVILLE,-120.80301108,38.72884314
663,8525121,2017,2018-01-12,901,2017-12-07,1435,296,901.0,4,5,2,901,0,0,0,,0,PP1,PLACERVILLE DR,HELMRICH LN,281.0,N,N,A,-,N,,,,,,,,,,N,4,0,1,2,A,-,9,21804.0,A,N,H,G,A,A,H,-,A,D,0,,Y,,,Y,,D,22,0,0,1,0,0,0,0,0,0,-,-,,,EL DORADO,PLACERVILLE,-120.83425389,38.72322251
664,90366781,2017,2017-01-11,9245,2017-01-01,2330,16328,,7,3,9,900,0,3,5,,2,004,KING OF THE MOUNTAIN CT,FOREBAY RD,1000.0,N,N,D,-,N,,,,,,,,,,Y,3,0,2,1,A,-,3,22350.0,,N,F,A,A,C,H,-,D,D,0,,,,,Y,,D,22,0,1,1,0,0,0,0,0,0,-,-,38.7804,-120.6046,EL DORADO,UNINCORPORATED,,
665,90367125,2017,2017-03-09,9245,2017-01-04,945,12382,,3,1,9,900,0,1,2,,2,140,US-50 E/B,SMITH FLAT RD U/C,30.0,E,N,B,C,Y,,,,,,,,,,Y,4,0,1,1,A,-,3,22350.0,,N,E,I,A,B,H,-,A,A,0,,,,Y,Y,,F,26,0,0,1,0,0,0,0,0,0,-,-,38.73302,-120.77055,EL DORADO,UNINCORPORATED,-120.77081196,38.73324496
666,90424721,2017,2017-03-30,9245,2017-03-21,146,18624,,2,3,9,900,0,3,5,,2,002,SPANISH DRY DIGGINS RD,SR-193,220.0,N,N,C,-,N,,,,,,,,,,Y,2,0,1,1,A,-,1,23152.0,F,N,E,I,A,B,H,-,D,D,0,,,,,Y,,A,01,1,0,0,0,0,0,0,0,0,-,-,38.90837,-120.85229,EL DORADO,UNINCORPORATED,-120.85227754,38.90840323
667,90505094,2017,2017-07-20,9245,2017-07-13,1030,18656,,4,1,9,900,0,2,4,,1,037,MISSOURI FLAT RD,INDUSTRIAL DR,60.0,S,N,A,-,N,,,,,,,,,,N,3,0,1,1,A,-,8,22107.0,,N,E,I,A,A,H,-,A,D,0,,,,,Y,,A,01,0,1,0,0,0,0,0,0,0,-,-,38.69836,-120.82321,EL DORADO,UNINCORPORATED,-120.82306471,38.69843903
668,90519782,2017,2017-08-09,9245,2017-08-07,1500,15421,,1,2,9,900,0,1,S,,2,904,US-50 W/B,EL DORADO HILLS BLVD,2736.0,W,N,A,-,Y,,,50.0,,,,,,W,Y,4,0,1,2,A,-,7,21658.0,A,M,F,A,A,A,H,-,A,D,0,,,,,Y,,-,99,0,0,1,0,0,0,0,0,0,-,-,38.65059,-121.07985,EL DORADO,UNINCORPORATED,-121.07967562,38.65005988
669,90551955,2017,2017-09-20,9245,2017-09-19,1100,13342,,2,1,9,900,0,2,4,,2,012,EL DORADO HILLS BLVD,SARATOGA WAY,0.0,,Y,A,-,N,,,,,,,,,,N,4,0,1,2,A,-,12,21453.0,A,N,D,C,A,A,H,-,A,D,0,,,,,Y,,A,01,0,0,1,0,0,0,0,0,0,-,-,38.6541,-121.07028000000001,EL DORADO,UNINCORPORATED,-121.07191989,38.65671988
670,90632771,2017,2018-01-04,9245,2017-12-01,1634,18624,,5,2,9,900,0,3,5,,2,003,E/B US-50 ONRAMP FROM MISSOURI FLAT,E PROLONGATION OF MISSOURI FLAT RD,236.0,E,N,A,-,Y,,,50.0,,,,R,,,Y,3,0,1,1,A,-,1,23152.0,A,N,E,I,A,A,H,-,A,A,0,,,,,Y,Y,A,07,0,1,0,0,0,0,0,0,0,-,-,38.711929999999995,-120.83828999999999,EL DORADO,UNINCORPORATED,-120.83828999999999,38.711929999999995
671,90475698,2017,2017-06-12,9435,2017-06-03,825,020481,,6,1,9,1000,0,3,5,,2,034,CLOVIS AVENUE SOUTHBOUND,NORTH AVENUE,1056.0,S,N,A,-,N,,,,,,,,,,Y,4,0,1,2,A,-,3,22350.0,,N,C,C,A,A,H,-,A,D,0,,,Y,,Y,,C,02,0,0,1,0,0,0,0,0,1,-,-,36.69028,-119.69996,FRESNO,UNINCORPORATED,-119.69996001,36.68994149
672,90468154,2017,2017-05-31,9435,2017-05-22,544,020078,,1,3,9,1000,0,3,5,,2,010,BELMONT AVE,PLUMAS AVE,1232.0,W,N,A,-,N,,,,,,,,,,Y,4,0,1,2,A,-,3,22350.0,,N,C,C,A,A,H,-,A,D,0,,,,Y,Y,,D,22,0,0,1,0,0,0,0,0,0,-,-,36.74955,-120.14471,FRESNO,UNINCORPORATED,-120.14552324,36.74937939
673,90459286,2017,2017-05-19,9435,2017-05-03,1257,017088,,3,1,9,1000,1,3,5,,2,060,ADAMS AVE,CRAWFORD AVE,0.0,,Y,A,-,N,,,,,,,,,,N,3,0,1,1,C,-,18,,,N,H,A,A,A,H,-,A,D,0,,,,,Y,,-,-,0,1,0,0,0,0,0,0,0,-,-,36.37577,-119.22348000000001,FRESNO,UNINCORPORATED,-119.37634993,36.63269002
674,90448969,2017,2017-05-04,9435,2017-04-28,1535,020082,,5,2,9,1000,0,3,5,,2,034,MCCALL AVE,SR-180,33.0,S,N,A,-,Y,,,,,,,,,,Y,4,0,2,3,A,-,8,22107.0,,N,D,C,A,A,H,-,A,A,0,,,,,Y,,A,07,0,0,2,0,0,0,0,0,0,-,-,36.73512,-119.61023,FRESNO,UNINCORPORATED,-119.61007377,36.73589948
675,90447436,2017,2017-05-02,9435,2017-04-28,850,015095,,5,1,9,1000,0,3,5,,2,030,CLINTON AVENUE,CHESTNUT AVENUE,5.0,W,N,A,-,N,,,,,,,,,,N,4,0,1,2,A,-,10,21950.0,A,F,G,B,B,A,H,-,A,A,0,Y,,,,Y,,A,01,0,0,1,0,1,0,0,0,0,-,-,36.77163,-119.73463999999998,FRESNO,UNINCORPORATED,-119.73642706,36.77224016
676,90439416,2017,2017-04-21,9435,2017-04-17,1820,015181,,1,2,9,1000,0,3,5,,2,015,CLAYTON AVENUE,CHESTNUT AVENUE,528.0,E,N,B,-,N,,,,,,,,,,Y,3,0,3,2,A,-,3,22350.0,,N,C,C,A,A,H,-,A,D,0,,,,,Y,,A,07,0,2,1,0,0,0,0,0,0,-,-,36.641709999999996,-119.72906,FRESNO,UNINCORPORATED,-119.73498157,36.64167299
677,90422052,2017,2017-03-28,9435,2017-03-21,1655,020419,,2,2,9,1000,0,3,5,,2,034,JENSEN AVE,MCCALL AVE,0.0,,Y,B,-,N,,,,,,,,,,Y,3,0,2,2,A,-,1,23152.0,A,N,D,C,A,A,H,-,A,A,0,,,,Y,Y,Y,A,01,0,2,0,0,0,0,0,0,0,-,-,36.70664,-119.61022,FRESNO,UNINCORPORATED,-119.61022993,36.70661001
678,90418402,2017,2017-03-23,9435,2017-03-12,1210,014363,,7,1,9,1000,0,3,5,,2,030,ZEDIKER AVENUE,ADAMS AVENUE,107.0,S,N,A,-,N,,,,,,,,,,Y,3,0,2,1,A,-,3,22350.0,,N,E,I,A,A,H,-,A,D,0,,,,,Y,,A,07,0,1,1,0,0,0,0,0,0,-,-,36.61078,-119.53611000000001,FRESNO,UNINCORPORATED,-119.52073237,36.63344635
679,90399453,2017,2017-02-24,9435,2017-02-13,1205,017591,,1,1,9,1000,0,3,5,,2,034,NEWMARK AVE,AMERICAN AVE,16.0,S,N,A,-,N,,,,,,,,,,Y,4,0,1,2,A,-,3,22350.0,,N,C,C,A,A,H,-,A,D,0,,,,,Y,,A,01,0,0,1,0,0,0,0,0,0,-,-,36.66294,-119.54632,FRESNO,UNINCORPORATED,-119.54638723,36.66310731
680,90393044,2017,2017-02-14,9435,2017-02-07,1945,015181,,2,2,9,1000,0,3,5,,2,040,FOWLER AVENUE,NARES AVENUE,50.0,S,N,B,-,N,,,,,,,,,,Y,4,0,1,2,A,-,3,22350.0,,N,C,C,A,A,H,-,C,D,0,,,,,Y,Y,A,01,0,0,1,0,0,0,0,0,0,-,-,36.43132,-119.68661000000002,FRESNO,UNINCORPORATED,,
681,90389151,2017,2017-02-24,9435,2017-02-08,720,016833,,3,1,9,1000,0,3,5,,2,034,JENSEN AVE W/B,DEL REY AVE,47.0,W,N,B,-,N,,,,,,,,,,Y,4,0,1,2,A,-,12,22450.0,A,N,B,C,A,A,H,-,A,A,0,,,,,Y,,A,01,0,0,1,0,0,0,0,0,0,-,-,36.7067,-119.5427,FRESNO,UNINCORPORATED,-119.59223021,36.70673978
682,8605308,2017,2018-05-15,1001,2017-11-17,1936,5465,,5,5,5,1001,0,0,0,,0,002,SIERRA VISTA,SANTA ANA AV,0.0,,Y,A,-,N,,,,,,,,,,N,4,0,1,2,A,-,10,21950.0,A,N,G,B,B,A,H,-,C,A,0,Y,,,,Y,,A,01,0,0,1,0,1,0,0,0,0,-,-,36.80402,-119.69186,FRESNO,CLOVIS,-119.69185996,36.80402011
683,8547756,2017,2018-02-07,1001,2017-10-02,1805,5722,,1,5,5,1001,0,0,0,,0,003,SUNNYSIDE AV,BARSTOW,22.0,S,N,A,-,N,,,,,,,,,,Y,4,0,1,3,A,-,5,21460.0,A,F,D,C,A,A,H,-,A,A,0,,,,,Y,,A,01,0,0,1,0,0,0,0,0,0,-,-,36.81576,-119.69097,FRESNO,CLOVIS,-119.69097,36.81569962
684,8532803,2017,2018-01-17,1001,2017-12-13,1438,5605,,3,5,5,1001,0,0,0,,0,007,TOLLHOUSE RD,N FOWLER AV,0.0,,Y,A,-,N,,,,,,,,,,N,3,0,1,2,A,-,6,21755.0,I,N,D,G,A,A,H,-,A,A,0,,Y,,,Y,,L,04,0,1,0,0,0,0,1,0,0,-,-,,,FRESNO,CLOVIS,-119.68205986,36.83213005
685,8524398,2017,2018-01-11,1001,2017-12-22,1923,5683,,5,5,5,1001,0,0,0,,0,004,WEST SHAW AV,HELM AV,237.0,W,N,A,-,N,,,,,,,,,,Y,4,0,2,2,A,-,9,21804.0,,N,D,C,A,A,H,-,C,D,0,,,,,Y,,A,01,0,0,2,0,0,0,0,0,0,-,-,36.80857,-119.72726000000002,FRESNO,CLOVIS,-119.72466899,36.80856249
686,8519032,2017,2018-01-05,1001,2017-12-11,1500,5277,,1,5,5,1001,0,0,0,,0,003,HAMPTON WY,ARMSTRONG AV,9.0,E,N,A,-,N,,,,,,,,,,N,4,0,1,2,A,-,5,21650.0,,N,D,G,A,A,H,-,A,A,0,,Y,,,Y,,L,04,0,0,1,0,0,0,1,0,0,-,-,,,FRESNO,CLOVIS,-119.67303941,36.79277781
687,8516832,2017,2018-01-11,1004,2017-11-13,715,G053,FOWLE,1,5,2,1004,0,0,0,,0,0FO,GOLDEN STATE BL,MANNING AV,0.0,,Y,A,-,N,,,,,,,,,,Y,3,0,1,1,A,-,8,22107.0,,N,E,I,A,A,H,-,A,A,0,,,,,Y,,-,,0,1,0,0,0,0,0,0,0,-,-,,,FRESNO,FOWLER,-119.65474994,36.60547002
688,8511132,2017,2017-12-21,1001,2017-12-04,1548,5634,,1,5,5,1001,0,0,0,,0,007,SIERRA AV,N COVENTRY AV,0.0,,Y,A,-,N,,,,,,,,,,N,4,0,1,2,A,-,12,22450.0,A,N,H,G,A,A,H,-,A,A,0,,Y,,,Y,,A,07,0,0,1,0,0,0,1,0,0,-,-,36.83016,-119.6639,FRESNO,CLOVIS,-119.66332993,36.83019004
689,8510474,2017,2018-01-02,1001,2017-12-01,1319,5605,,5,5,5,1001,0,0,0,,0,004,WEST SHAW AV,WILLOW AV,0.0,,Y,A,-,N,,,,,,,,,,N,4,0,1,2,A,-,5,21650.0,1,N,D,G,A,A,H,-,A,A,0,,Y,,,Y,,L,04,0,0,1,0,0,0,1,0,0,-,-,36.80857,-119.72726000000002,FRESNO,CLOVIS,-119.72731998,36.80857009
690,8508859,2017,2017-12-12,1015,2017-11-30,1214,N094,SELMA,4,5,3,1015,0,0,0,,0,001,GOLDEN STATE BL,FLORA AV,0.0,,Y,A,-,N,,,,,,,,,,N,4,0,2,3,A,-,3,22350.0,,N,C,C,A,A,H,-,A,A,0,,,,,Y,,-,,0,0,2,0,0,0,0,0,0,-,-,,,FRESNO,SELMA,,
691,8506785,2017,2018-06-08,1012,2017-11-13,1515,L030,FRESN,1,5,3,1012,0,0,0,,0,001,EAST NORTH AV,N COLUMBIA AV,0.0,,Y,A,-,N,,,,,,,,,,N,3,0,1,2,A,-,8,22107.0,,F,G,B,A,A,H,-,A,D,0,,Y,,,Y,,L,04,0,1,0,0,0,0,1,0,0,-,-,,,FRESNO,REEDLEY,-119.43977995,36.6005301