,CASE_ID,ACCIDENT_YEAR,PROC_DATE,JURIS,COLLISION_DATE,COLLISION_TIME,OFFICER_ID,REPORTING_DISTRICT,DAY_OF_WEEK,CHP_SHIFT,POPULATION,CNTY_CITY_LOC,SPECIAL_COND,BEAT_TYPE,CHP_BEAT_TYPE,CITY_DIVISION_LAPD,CHP_BEAT_CLASS,BEAT_NUMBER,PRIMARY_RD,SECONDARY_RD,DISTANCE,DIRECTION,INTERSECTION,WEATHER_1,WEATHER_2,STATE_HWY_IND,CALTRANS_COUNTY,CALTRANS_DISTRICT,STATE_ROUTE,ROUTE_SUFFIX,POSTMILE_PREFIX,POSTMILE,LOCATION_TYPE,RAMP_INTERSECTION,SIDE_OF_HWY,TOW_AWAY,COLLISION_SEVERITY,NUMBER_KILLED,NUMBER_INJURED,PARTY_COUNT,PRIMARY_COLL_FACTOR,PCF_CODE_OF_VIOL,PCF_VIOL_CATEGORY,PCF_VIOLATION,PCF_VIOL_SUBSECTION,HIT_AND_RUN,TYPE_OF_COLLISION,MVIW,PED_ACTION,ROAD_SURFACE,ROAD_COND_1,ROAD_COND_2,LIGHTING,CONTROL_DEVICE,CHP_ROAD_TYPE,PEDESTRIAN_ACCIDENT,BICYCLE_ACCIDENT,MOTORCYCLE_ACCIDENT,TRUCK_ACCIDENT,NOT_PRIVATE_PROPERTY,ALCOHOL_INVOLVED,STWD_VEHTYPE_AT_FAULT,CHP_VEHTYPE_AT_FAULT,COUNT_SEVERE_INJ,COUNT_VISIBLE_INJ,COUNT_COMPLAINT_PAIN,COUNT_PED_KILLED,COUNT_PED_INJURED,COUNT_BICYCLIST_KILLED,COUNT_BICYCLIST_INJURED,COUNT_MC_KILLED,COUNT_MC_INJURED,PRIMARY_RAMP,SECONDARY_RAMP,LATITUDE,LONGITUDE,COUNTY,CITY,POINT_X,POINT_Y
876,8356960,2017,2017-05-02,1502,2017-04-24,1955,1181,,1,5,6,1502,0,0,0,,0,CENTRA,MING AV,CALLE SALIDA,13.0,W,N,A,-,N,,,,,,,,,,Y,3,0,2,2,A,-,9,21802.0,A,N,C,C,A,A,H,-,C,A,0,,,,,Y,,A,01,0,1,1,0,0,0,0,0,0,-,-,35.33982,-119.08958,KERN,BAKERSFIELD,-119.08985332,35.33975356
877,8352599,2017,2018-04-23,1502,2017-04-08,1404,1153,,6,5,6,1502,0,0,0,,0,SOUTH,PANAMA LN,RT 99,0.0,,Y,A,-,Y,KER,6.0,99.0,-,-,19.368,R,4,N,N,4,0,1,2,A,-,12,21453.0,A,N,D,C,A,A,H,-,A,A,0,,,,,Y,,A,01,0,0,1,0,0,0,0,0,0,-,-,35.29593,-119.02774,KERN,BAKERSFIELD,-119.02974922,35.29342956
878,8352201,2017,2017-07-10,1509,2017-04-05,1642,984,W,3,5,3,1509,0,0,0,,0,001,VALLEY BL,SOUTH MILL ST,0.0,,Y,A,-,N,,,,,,,,,,N,4,0,2,3,A,-,6,21750.0,,N,D,D,A,A,H,-,A,A,0,,,,Y,Y,,F,26,0,0,2,0,0,0,0,0,0,-,-,35.124309999999994,-118.4534,KERN,TEHACHAPI,,
879,8343553,2017,2017-04-10,1502,2017-03-28,1351,1181,,2,5,6,1502,0,0,0,,0,,Q ST,19TH ST,0.0,,Y,A,-,N,,,,,,,,,,N,3,0,1,2,A,-,8,22107.0,,N,H,G,A,A,H,-,A,A,0,,Y,,,Y,,A,01,0,1,0,0,0,0,1,0,0,-,-,35.37612,-119.01011000000001,KERN,BAKERSFIELD,,
880,8343025,2017,2017-04-11,1506,2017-03-12,1936,8216,53,7,5,4,1506,0,0,0,,0,,S CHINA LAKE BL,LIGHT POLE 4177409E,25.0,N,N,A,-,N,,,,,,,,,,N,2,0,1,2,A,-,9,21804.0,A,F,H,G,A,A,H,-,C,A,0,,Y,,,Y,,A,01,1,0,0,0,0,0,1,0,0,-,-,35.60406,-117.6749,KERN,RIDGECREST,,
881,8337792,2017,2017-04-21,1506,2017-03-07,1430,5977,35,2,5,4,1506,0,0,0,,0,,UPJOHN AV,S SUNSET ST,0.0,,Y,A,-,N,,,,,,,,,,N,4,0,1,2,A,-,5,21650.0,1,N,H,G,A,A,H,-,A,A,0,,Y,,,Y,,L,04,0,0,1,0,0,0,1,0,0,-,-,35.61525,-117.68125,KERN,RIDGECREST,-117.68127005,35.61524006
882,8336710,2017,2017-05-01,1502,2017-04-14,242,1221,,5,5,6,1502,0,0,0,,0,CENTRA,GOSFORD RD,DISTRICT BL,510.0,N,N,A,-,N,,,,,,,,,,N,4,0,1,1,A,-,8,22107.0,,N,E,I,A,A,H,-,C,D,0,,,,,Y,,A,01,0,0,1,0,0,0,0,0,0,-,-,35.31333,-119.09223,KERN,BAKERSFIELD,-119.09225363,35.31453945
883,8336691,2017,2017-05-01,1502,2017-04-16,1139,P45,,7,5,6,1502,0,0,0,,0,METRO,CALIFORNIA AV,BROWN ST,119.0,E,N,A,-,N,,,,,,,,,,N,4,0,2,4,A,-,8,22107.0,,N,B,C,A,A,H,-,A,D,0,,,,,Y,,A,01,0,0,2,0,0,0,0,0,0,-,-,35.368759999999995,-118.98265,KERN,BAKERSFIELD,-118.9820014,35.36858375
884,8336687,2017,2017-05-01,1502,2017-04-16,1456,1271,,7,5,6,1502,0,0,0,,0,HILL,BERNARD ST,MOUNT VERNON AV,102.0,W,N,A,-,N,,,,,,,,,,Y,4,0,1,2,A,-,3,22350.0,,N,C,C,A,A,H,-,A,D,0,,,Y,,Y,,A,01,0,0,1,0,0,0,0,0,1,-,-,35.39042,-118.9674,KERN,BAKERSFIELD,-118.96792177,35.390240000000006
885,8333206,2017,2017-04-05,1500,2017-02-02,1910,201596,WA02,4,5,3,1510,0,0,0,,0,4401,RT 43,PROSPECT,0.0,,Y,A,-,Y,,,,,,,,,,N,4,0,1,2,A,-,9,21802.0,A,N,D,C,A,A,H,-,D,A,0,,,,,Y,,-,,0,0,1,0,0,0,0,0,0,-,-,,,KERN,WASCO,-119.33335988,35.56524007
886,8328050,2017,2017-03-27,1503,2017-02-18,805,10151,1503,6,5,4,1503,0,0,0,,0,ALL,17TH AV,VASSAR ST,28.0,W,N,B,-,N,,,,,,,,,,Y,4,0,1,2,A,-,8,22107.0,,N,B,C,A,B,H,-,A,A,0,,,,,Y,,D,22,0,0,1,0,0,0,0,0,0,-,-,,,KERN,DELANO,-119.22768429,35.77765
887,8319312,2017,2017-03-07,1502,2017-02-17,1327,P63,,5,5,6,1502,0,0,0,,0,METRO,30TH ST,GARCES CIR E,0.0,,Y,B,C,N,,,,,,,,,,N,4,0,1,2,A,-,5,21650.0,1,N,H,G,A,B,H,-,A,A,0,,Y,,,Y,,L,04,0,0,1,0,0,0,1,0,0,-,-,35.38668,-119.01762,KERN,BAKERSFIELD,,
888,8310302,2017,2017-03-02,1502,2017-02-08,1641,1213,,3,5,6,1502,0,0,0,,0,METRO,MING AV,WIBLE RD,82.0,E,N,A,-,N,,,,,,,,,,N,4,0,1,2,A,-,10,21950.0,A,M,G,B,F,A,H,-,A,D,0,Y,,,,Y,,-,99,0,0,1,0,1,0,0,0,0,-,-,,,KERN,BAKERSFIELD,-119.03874540000001,35.33954
889,8310140,2017,2017-03-09,1502,2017-01-31,933,1149,,2,5,6,1502,0,0,0,,0,CENTRA,STOCKDALE HWY,CALIFORNIA AV,20.0,W,N,A,-,N,,,,,,,,,,Y,3,0,1,1,A,-,8,22107.0,,N,F,A,A,A,H,-,A,A,0,,,,Y,Y,,F,27,0,1,0,0,0,0,0,0,0,-,-,35.35413,-119.0607,KERN,BAKERSFIELD,-119.06131698,35.3542907
890,8308216,2017,2018-03-22,1502,2017-03-21,852,993,,2,5,6,1502,0,0,0,,0,METRO,UNION AV,TUXTUN FRONTAGE AV,0.0,,Y,B,-,Y,KER,6.0,204.0,-,-,3.42,H,-,S,N,4,0,1,2,A,-,5,21650.0,1,N,H,G,A,A,H,-,A,A,0,,Y,,,Y,,L,04,0,0,1,0,0,0,1,0,0,-,-,35.37325,-119.00243999999999,KERN,BAKERSFIELD,-119.00292564,35.37324714
891,8308176,2017,2017-04-05,1502,2017-03-16,1847,1213,,4,5,6,1502,0,0,0,,0,NORTH,OLIVE GROVE ST,FALLS GROVE CT,47.0,W,N,A,-,N,,,,,,,,,,Y,4,0,2,2,A,-,8,22107.0,,N,A,E,A,A,H,-,B,D,0,,,,,Y,,A,01,0,0,2,0,0,0,0,0,0,-,-,35.4005,-119.09531000000001,KERN,BAKERSFIELD,-119.09547479999999,35.40058328
892,8308063,2017,2017-03-28,1502,2017-03-03,1200,P17,,5,5,6,1502,0,0,0,,0,HILL,UNION AV,34TH ST,190.0,N,N,A,-,N,,,,,,,,,,N,4,0,1,2,A,-,8,22100.0,A,N,D,G,A,A,H,-,A,A,0,,Y,,,Y,,A,01,0,0,1,0,0,0,1,0,0,-,-,35.39077,-119.0028,KERN,BAKERSFIELD,,
893,8307949,2017,2017-03-21,1502,2017-02-25,720,1211,,6,5,6,1502,0,0,0,,0,METRO,24TH ST,F ST,0.0,,Y,A,-,N,,,,,,,,,,Y,4,0,1,2,A,-,9,21453.0,B,N,D,C,A,A,H,-,A,A,0,,,,,Y,,A,01,0,0,1,0,0,0,0,0,0,-,-,35.381040000000006,-119.02292,KERN,BAKERSFIELD,-119.02346009,35.38103005
894,8302511,2017,2017-02-22,1506,2017-01-05,1035,5977,44,4,5,4,1506,0,0,0,,0,,S SANDERS ST,W IOWA AV,31.0,N,N,A,-,N,,,,,,,,,,N,4,0,1,2,A,-,8,22100.0,A,N,C,C,A,A,H,-,A,D,0,,,,,Y,,A,07,0,0,1,0,0,0,0,0,0,-,-,,,KERN,RIDGECREST,-117.67278,35.61486495
895,8302463,2017,2017-02-17,1506,2017-01-13,558,9919,28,5,5,4,1506,0,0,0,,0,,W CORONA AV,S GUAM ST,93.0,E,N,B,-,N,,,,,,,,,,Y,4,0,1,3,A,-,3,22350.0,,M,C,E,A,B,H,-,A,D,0,,,,,Y,,D,22,0,0,1,0,0,0,0,0,0,-,-,33.6258,-117.67521,KERN,RIDGECREST,,
896,8301818,2017,2017-12-27,1502,2017-01-27,1634,1195,,5,5,6,1502,0,0,0,,0,VALLEY,WIBLE RD,VALLEY PLAZA,3.0,N,N,A,-,N,,,,,,,,,,N,3,0,1,2,A,-,5,21650.0,1,F,H,G,A,A,H,-,A,A,0,,Y,,,Y,,L,04,0,1,0,0,0,0,1,0,0,-,-,35.33671,-119.03894,KERN,BAKERSFIELD,-119.03898000000001,35.33656823
897,8301816,2017,2017-02-10,1502,2017-01-25,755,1048,,3,5,6,1502,0,0,0,,0,,OLD RIVER RD,CAMINO MEDIA,0.0,,Y,A,-,N,,,,,,,,,,N,4,0,1,2,A,-,10,21950.0,A,N,G,B,B,A,H,-,A,A,0,Y,,,,Y,,A,01,0,0,1,0,1,0,0,0,0,-,-,35.34479,-119.11401000000001,KERN,BAKERSFIELD,-119.11446007,35.344430100000004
898,8301758,2017,2017-02-09,1502,2017-01-25,1844,1195,,3,5,6,1502,0,0,0,,0,VALLEY,MING AV,HUGHES LN,650.0,W,N,A,-,N,,,,,,,,,,N,3,0,1,2,A,-,5,21650.0,1,N,H,G,A,A,H,-,C,A,0,,Y,,,Y,,L,04,0,1,0,0,0,0,1,0,0,-,-,35.339529999999996,-119.03002,KERN,BAKERSFIELD,-119.03223663,35.33955
899,8293200,2017,2017-01-27,1502,2017-01-10,811,P73,,2,5,6,1502,0,0,0,,0,METRO,LINCOLN ST,BEALE AV,25.0,W,N,A,-,N,,,,,,,,,,N,3,0,1,2,A,-,5,21650.0,1,M,H,G,A,A,H,-,A,D,0,,Y,,,Y,,L,04,0,1,0,0,0,0,1,0,0,-,-,35.38684,-118.98603,KERN,BAKERSFIELD,-118.98623626,35.38659838
900,8293032,2017,2018-03-22,1502,2017-01-14,1837,1283,,6,5,6,1502,0,0,0,,0,HILL,RT 178,VALLEY ST,0.0,,Y,A,-,Y,KER,6.0,178.0,-,-,8.64,H,-,W,Y,4,0,1,2,A,-,9,21802.0,A,N,D,C,A,A,H,-,E,A,0,,,,,Y,Y,D,22,0,0,1,0,0,0,0,0,0,-,-,35.40364,-118.86983000000001,KERN,BAKERSFIELD,-118.87016463,35.40426027
901,8293000,2017,2017-02-03,1502,2017-01-10,1750,1033,,2,5,6,1502,0,0,0,,0,METRO,TRUXTON AV,Q ST,0.0,,Y,B,-,N,,,,,,,,,,N,4,0,1,2,A,-,10,21950.0,C,F,G,B,B,A,H,-,C,A,0,Y,,,,Y,,E,22,0,0,1,0,1,0,0,0,0,-,-,35.37322,-119.01016000000001,KERN,BAKERSFIELD,-119.01063002,35.37340002
902,8291722,2017,2017-02-28,1502,2017-02-07,2251,1283,,2,5,6,1502,0,0,0,,0,VALLEY,PANAMA LN,H ST,45.0,W,N,B,-,N,,,,,,,,,,Y,3,0,1,1,A,-,1,23152.0,A,M,F,I,A,B,H,-,D,A,0,,,,,Y,Y,D,22,0,1,0,0,0,0,0,0,0,-,-,35.29587,-119.02172,KERN,BAKERSFIELD,-119.02146061,35.29588
903,8281552,2017,2017-01-18,1502,2017-01-06,1420,P63,,5,5,6,1502,0,0,0,,0,VALLEY,MERRIMAC AV,MONITOR ST,0.0,,Y,A,-,N,,,,,,,,,,Y,3,0,1,2,A,-,9,21801.0,A,N,H,G,A,A,H,-,A,D,0,,Y,,,Y,,A,01,0,1,0,0,0,0,1,0,0,-,-,35.32123,-119.01206,KERN,BAKERSFIELD,-119.01187003,35.32130011
904,8281449,2017,2017-01-27,1502,2017-01-04,1643,1195,,3,5,6,1502,0,0,0,,0,METRO,BAKER ST,DOLORES ST,0.0,,Y,B,-,N,,,,,,,,,,N,3,0,1,2,A,-,9,21802.0,A,N,H,G,A,A,H,-,A,A,0,,Y,,,Y,,D,22,0,1,0,0,0,0,1,0,0,-,-,35.371990000000004,-118.99491,KERN,BAKERSFIELD,-118.99475007,35.37163005
905,8008676,2017,2017-04-06,1502,2017-03-21,1616,P82,,2,5,6,1502,0,0,0,,0,,NILES ST,VIRGINIA ST,0.0,,Y,A,-,N,,,,,,,,,,N,4,0,1,2,A,-,11,21453.0,D,N,G,B,B,A,H,-,A,A,0,Y,,,,Y,,N,60,0,0,1,0,1,0,0,0,0,-,-,35.37853,-118.97567,KERN,BAKERSFIELD,-118.97556005,35.37831002
906,90487639,2017,2017-06-26,9420,2017-06-19,425,019686,,1,3,9,1500,0,3,5,,2,070,FLOWER STREET,MILLER STREET,0.0,,Y,A,-,N,,,,,,,,,,N,4,0,1,2,A,-,9,21802.0,A,N,D,G,A,A,H,-,D,D,0,,Y,,,Y,,D,22,0,0,1,0,0,0,1,0,0,-,-,35.3841,-118.9803,KERN,UNINCORPORATED,-118.98029002,35.38403003
907,90490027,2017,2017-06-28,9830,2017-06-27,855,019400,,2,1,9,1500,0,3,5,,2,001,CUMMINGS VALLEY RD,SR-202 W/B,67.0,W,N,A,-,N,,,,,,,,,,N,3,0,1,2,A,-,17,23114.0,A,N,H,C,A,A,H,-,A,D,0,,Y,,,Y,,D,22,0,1,0,0,0,0,1,0,0,-,-,35.0754,-118.34056000000001,KERN,UNINCORPORATED,,
908,90495457,2017,2017-07-06,9420,2017-06-30,1230,014770,,5,1,9,1500,0,3,5,,2,610,S. REAL RD.,BELLE TERRACE,0.0,,Y,A,-,N,,,,,,,,,,N,4,0,1,2,A,-,5,21650.0,,N,D,G,A,A,H,-,A,A,0,,Y,,,Y,,L,04,0,0,1,0,0,0,1,0,0,-,-,35.20487,-119.23658,KERN,UNINCORPORATED,-119.04340003,35.34677006
909,90500360,2017,2017-07-13,9430,2017-06-30,1440,017153,,5,2,9,1500,0,2,4,,1,021,FRAZIER MOUNTAIN PARK RD,WOODS DRIVE,1584.0,W,N,A,-,N,,,,,,,,,,N,4,0,1,2,A,-,9,21804.0,A,N,D,G,A,A,H,-,A,D,0,,Y,,,Y,,D,22,0,0,1,0,0,0,1,0,0,-,-,34.81903,-118.99175,KERN,UNINCORPORATED,-118.99262391,34.8188088
910,90501695,2017,2017-07-17,9420,2017-07-11,1740,020782,,2,2,9,1500,0,3,5,,2,610,BELLE TERRACE,DAWN STREET,0.0,,Y,A,-,N,,,,,,,,,,N,4,0,1,2,A,-,5,21650.0,,N,D,C,A,A,H,-,A,A,0,,,Y,,Y,,C,03,0,0,1,0,0,0,0,0,1,-,-,35.34666,-119.00691,KERN,UNINCORPORATED,-119.00691005,35.34670011
911,90509265,2017,2017-07-26,9426,2017-07-17,1450,017230,,1,2,9,1500,0,1,3,,2,581,SR-58,MIRASOL AVE,0.0,,Y,A,-,Y,,,58.0,,,,,,,Y,4,0,1,2,A,-,8,22100.0,A,N,B,C,A,A,H,-,A,D,0,,,,Y,Y,,G,25,0,0,1,0,0,0,0,0,0,-,-,35.39953,-119.46768,KERN,UNINCORPORATED,-119.46770184,35.39967802
912,90515557,2017,2017-08-03,9420,2017-07-26,1205,017560,,3,1,9,1500,0,3,5,,2,630,VALPREDO RD.,I-5 N/B,1584.0,E,N,A,-,N,,,,,,,,,,Y,4,0,1,2,A,-,6,21755.0,,N,B,C,A,A,H,-,A,D,0,,,,Y,Y,,A,01,0,0,1,0,0,0,0,0,0,-,-,35.07639,-119.01133,KERN,UNINCORPORATED,,
913,90526526,2017,2017-08-18,9420,2017-08-15,1750,020163,,2,2,9,1500,0,3,5,,2,672,BELLE TERRACE,S. OLEANDER AVE.,145.0,E,N,A,-,N,,,,,,,,,,N,4,0,1,2,A,-,6,21755.0,,N,D,C,A,A,H,-,A,D,0,,,,,Y,,A,07,0,0,1,0,0,0,0,0,0,-,-,35.34667,-119.0251,KERN,UNINCORPORATED,-119.02511439,35.34669
914,90543175,2017,2017-09-07,9420,2017-08-31,1258,014770,,4,1,9,1500,0,2,4,,1,051,N. CHESTER AVE.,E. NORRIS RD.,0.0,,Y,A,-,N,,,,,,,,,,N,4,0,1,2,A,-,12,21453.0,A,N,H,G,A,A,H,-,A,A,0,,Y,,,Y,,L,04,0,0,1,0,0,0,1,0,0,-,-,35.25111,-119.11589,KERN,UNINCORPORATED,-119.02111004,35.41964007
915,90543241,2017,2017-09-07,9420,2017-09-05,525,013475,,2,3,9,1500,0,1,3,,1,583,SR-58 (ROSEDALE HIGHWAY),WEAR STREET,108.0,W,N,A,-,Y,,,58.0,,,,,,,N,4,0,1,2,A,-,9,21802.0,A,N,C,C,A,A,H,-,C,A,0,,,Y,,Y,,A,08,0,0,1,0,0,0,0,0,1,-,-,35.38343,-119.07937,KERN,UNINCORPORATED,-119.07937018,35.38336716
916,90546473,2017,2017-09-13,9420,2017-08-31,1310,019316,,4,1,9,1500,0,2,4,,1,064,OLIVE DRIVE,ROBERTS LANE,20.0,W,N,A,-,N,,,,,,,,,,Y,4,0,2,2,A,-,6,21755.0,,N,B,C,A,A,H,-,A,A,0,,,,,Y,,A,01,0,0,2,0,0,0,0,0,0,-,-,35.4123,-119.0487,KERN,UNINCORPORATED,-119.04866559999999,35.41238869
917,90547694,2017,2017-09-14,9420,2017-09-12,845,017242,,2,1,9,1500,0,2,4,,1,071,MT VERNON AVENUE,NILES STREET,10.0,N,N,A,-,N,,,,,,,,,,N,4,0,1,2,A,-,9,21453.0,B,N,B,C,A,A,H,-,A,A,0,,,,,Y,,A,01,0,0,1,0,0,0,0,0,0,-,-,35.376259999999995,-118.96725,KERN,UNINCORPORATED,-118.9675795,35.37643744
918,90551853,2017,2017-09-20,9420,2017-09-08,1218,014770,,5,1,9,1500,0,3,5,,2,060,NORD AVE.,BRIMHALL RD.,1049.0,S,N,A,-,N,,,,,,,,,,Y,4,0,1,2,A,-,3,22350.0,,N,D,C,A,A,H,-,A,D,0,,,,Y,Y,,A,01,0,0,1,0,0,0,0,0,0,-,-,35.2218,-119.11554,KERN,UNINCORPORATED,-119.19876938,35.36603185
919,90555279,2017,2017-09-25,9420,2017-09-13,1823,016969,,3,2,9,1500,0,1,3,,1,184,SR-184 (MAIN ST),COLLISON ST,128.0,N,N,A,-,Y,,,184.0,,,,,,,N,4,0,1,2,A,-,3,22350.0,,N,D,C,A,A,H,-,A,D,0,,,,,Y,,A,01,0,0,1,0,0,0,0,0,0,-,-,35.270990000000005,-118.91436999999999,KERN,UNINCORPORATED,-118.91439478,35.27099004
920,90556259,2017,2017-09-26,9426,2017-09-17,930,015466,,7,1,9,1500,0,1,3,,2,330,SR-33 S/B,TWISSELMAN RD,23760.0,S,N,A,-,Y,,,33.0,,,,,,S,Y,2,0,1,2,A,-,3,22350.0,,N,D,C,A,A,H,-,A,D,0,,,,Y,Y,,A,07,1,0,0,0,0,0,0,0,0,-,-,35.67323,-119.90741000000001,KERN,UNINCORPORATED,-119.90740682,35.67323204
921,90564496,2017,2017-10-06,9420,2017-09-24,2145,020784,,7,2,9,1500,0,2,4,,1,075,S. UNION AVE.,MING AVE.,0.0,,Y,A,-,N,,,,,,,,,,N,4,0,1,2,A,-,8,22107.0,,F,H,G,A,A,H,-,C,A,0,,Y,,,Y,,A,07,0,0,1,0,0,0,1,0,0,-,-,35.33396,-119.00299999999999,KERN,UNINCORPORATED,-119.00311012,35.33949012
922,90564971,2017,2017-10-06,9420,2017-10-03,1140,020782,,2,1,9,1500,0,3,5,,2,320,KELSO CREEK ROAD,SAGE LANE,0.0,,Y,A,-,N,,,,,,,,,,Y,4,0,1,1,A,-,3,22350.0,,N,F,A,A,A,H,-,A,D,0,,,,,Y,,D,22,0,0,1,0,0,0,0,0,0,-,-,35.63811,-118.24748999999998,KERN,UNINCORPORATED,-118.24743012,35.63828007
923,90569520,2017,2017-11-13,9420,2017-09-26,1430,021788,,2,2,9,1500,0,2,4,,1,072,EDISON HIGHWAY,CHAMBERLAIN AVENUE,175.0,E,N,A,-,N,,,,,,,,,,N,4,0,1,2,A,-,3,22350.0,,N,B,C,A,A,H,-,A,D,0,,,,,Y,,A,01,0,0,1,0,0,0,0,0,0,-,-,35.22286,-118.58178999999998,KERN,UNINCORPORATED,-118.96972712,35.37161581
924,90571839,2017,2017-10-18,9420,2017-10-05,2145,019901,,4,2,9,1500,0,3,5,,2,050,OLIVE DR.,STATE RD.,155.0,E,N,A,-,N,,,,,,,,,,Y,4,0,2,1,A,-,3,22350.0,,N,E,I,A,A,H,-,C,D,0,,,,,Y,Y,A,01,0,0,2,0,0,0,0,0,0,-,-,35.4122,-119.05232,KERN,UNINCORPORATED,-119.05229059,35.41239944
925,90575300,2017,2017-10-20,9420,2017-10-18,1710,016973,,3,2,9,1500,0,3,5,,2,050,PETROL RD.,HIGHLAND HILLS ST.,5.0,W,N,A,-,N,,,,,,,,,,N,3,0,1,2,A,-,6,21755.0,,N,D,C,A,A,H,-,A,D,0,,,,,Y,,D,22,0,1,0,0,0,0,0,0,0,-,-,35.4485,-119.03406000000001,KERN,UNINCORPORATED,-119.03396676,35.44853027
926,90576841,2017,2017-10-24,9420,2017-10-11,1335,018607,,3,1,9,1500,0,3,5,,2,520,WHISLER RD,FAMOSO PORTERVILLE HWY,233.0,S,N,A,-,N,,,,,,,,,,Y,3,0,1,1,A,-,3,22350.0,,N,F,A,A,A,H,-,A,D,0,,,,Y,Y,,G,25,0,1,0,0,0,0,0,0,0,-,-,36.6455,-119.1967,KERN,UNINCORPORATED,-119.20074,35.64555
927,90577692,2017,2017-10-24,9426,2017-10-16,1720,017230,,1,2,9,1500,0,1,1,,2,500,I-5 S/B TO STATE ROUTE 46,STATE ROUTE 46,50.0,N,N,A,-,Y,,,5.0,,,,R,,S,Y,4,0,1,2,A,-,8,22107.0,,N,B,C,A,A,H,-,A,A,0,,,,Y,Y,,G,25,0,0,1,0,0,0,0,0,0,-,-,35.61663,-119.65553,KERN,UNINCORPORATED,-119.65553,35.61663
928,90588995,2017,2017-11-07,9420,2017-10-24,735,015261,,2,1,9,1500,0,3,5,,2,530,SANTA FE WAY,CHERRY AVE.,0.0,,Y,A,-,N,,,,,,,,,,Y,4,0,2,2,A,-,9,21802.0,A,N,D,C,A,A,H,-,A,A,0,,,,,Y,,E,22,0,0,2,0,0,0,0,0,0,-,-,35.977920000000005,-119.24298,KERN,UNINCORPORATED,-119.24305995,35.47761005
929,90598739,2017,2017-11-20,9830,2017-11-14,1055,019332,,2,1,9,1500,0,1,3,,1,040,SR-14 SB TO SR-58 WB,SR-14,20.0,W,N,A,-,Y,,,14.0,,,,R,,S,Y,3,0,1,2,A,-,7,21658.0,A,N,B,C,A,A,H,-,A,D,0,,,,Y,Y,,G,25,0,1,0,0,0,0,0,0,0,-,-,35.100809999999996,-118.14308,KERN,UNINCORPORATED,-118.14308,35.100809999999996
930,90616193,2017,2017-12-13,9420,2017-12-02,2137,019649,,6,2,9,1500,0,3,5,,2,050,MERLE HAGGARD DR.,MCCRAY ST.,0.0,,Y,A,-,N,,,,,,,,,,Y,2,0,1,3,A,-,9,21453.0,C,N,D,C,A,A,H,-,C,D,0,,,Y,,Y,,C,02,1,0,0,0,0,0,0,0,1,-,-,35.44113,-119.02988,KERN,UNINCORPORATED,,
931,90618451,2017,2017-12-15,9420,2017-12-10,220,019686,,7,3,9,1500,0,2,4,,1,064,OLIVE DR.,COFFEE RD.,0.0,,Y,A,-,N,,,,,,,,,,Y,4,0,3,2,A,-,1,23152.0,A,N,D,C,A,A,H,-,C,A,0,,,,,Y,Y,A,01,0,0,3,0,0,0,0,0,0,-,-,35.412440000000004,-119.09201999999999,KERN,UNINCORPORATED,-119.09234009999999,35.41251005
932,90620709,2017,2017-12-19,9420,2017-12-12,1437,019311,,2,2,9,1500,0,2,4,,1,071,FAIRFAX ROAD,PIONEER DRIVE,5.0,S,N,A,-,N,,,,,,,,,,N,3,0,1,1,A,-,8,22107.0,,N,H,A,A,A,H,-,A,A,0,,,,,Y,,A,01,0,1,0,0,0,0,0,0,0,-,-,35.22756,-118.5555,KERN,UNINCORPORATED,-118.93194037,35.36875628
933,90628147,2017,2017-12-27,9426,2017-12-06,555,017581,,3,3,9,1500,0,1,3,,2,582,STATE ROUTE 58 WESTBOUND,TRACY AVENUE,9.0,W,N,A,-,Y,,,58.0,,,,,,W,Y,1,1,0,2,A,-,8,22107.0,,N,B,C,A,A,H,-,B,A,0,,,Y,Y,Y,,C,02,0,0,0,0,0,0,0,1,0,-,-,35.39889,-119.39589,KERN,UNINCORPORATED,-119.39589025,35.39886314
934,90638718,2017,2018-01-12,9420,2017-12-31,1629,020672,,7,2,9,1500,0,3,5,,2,672,SPARKS ST.,MALIBAR AVE.,0.0,,Y,A,-,N,,,,,,,,,,Y,4,0,2,1,A,-,3,22350.0,,N,E,I,A,A,H,-,B,D,0,,,,,Y,,A,07,0,0,2,0,0,0,0,0,0,-,-,35.3013,-118.99451,KERN,UNINCORPORATED,-118.99422005,35.30135011
935,8201377,2017,2017-04-03,1602,2017-03-13,738,1433,18,1,5,4,1602,0,0,0,,0,002,N 10TH AV,LELAND WAY,0.0,,Y,A,-,N,,,,,,,,,,N,4,0,1,2,A,-,5,21650.0,1,N,D,G,A,A,H,-,A,A,0,,Y,,,Y,,L,4.0,0,0,1,0,0,0,1,0,0,-,-,36.349920000000004,-119.63711,KINGS,HANFORD,-119.63711989,36.34993004