,CASE_ID,ACCIDENT_YEAR,PROC_DATE,JURIS,COLLISION_DATE,COLLISION_TIME,OFFICER_ID,REPORTING_DISTRICT,DAY_OF_WEEK,CHP_SHIFT,POPULATION,CNTY_CITY_LOC,SPECIAL_COND,BEAT_TYPE,CHP_BEAT_TYPE,CITY_DIVISION_LAPD,CHP_BEAT_CLASS,BEAT_NUMBER,PRIMARY_RD,SECONDARY_RD,DISTANCE,DIRECTION,INTERSECTION,WEATHER_1,WEATHER_2,STATE_HWY_IND,CALTRANS_COUNTY,CALTRANS_DISTRICT,STATE_ROUTE,ROUTE_SUFFIX,POSTMILE_PREFIX,POSTMILE,LOCATION_TYPE,RAMP_INTERSECTION,SIDE_OF_HWY,TOW_AWAY,COLLISION_SEVERITY,NUMBER_KILLED,NUMBER_INJURED,PARTY_COUNT,PRIMARY_COLL_FACTOR,PCF_CODE_OF_VIOL,PCF_VIOL_CATEGORY,PCF_VIOLATION,PCF_VIOL_SUBSECTION,HIT_AND_RUN,TYPE_OF_COLLISION,MVIW,PED_ACTION,ROAD_SURFACE,ROAD_COND_1,ROAD_COND_2,LIGHTING,CONTROL_DEVICE,CHP_ROAD_TYPE,PEDESTRIAN_ACCIDENT,BICYCLE_ACCIDENT,MOTORCYCLE_ACCIDENT,TRUCK_ACCIDENT,NOT_PRIVATE_PROPERTY,ALCOHOL_INVOLVED,STWD_VEHTYPE_AT_FAULT,CHP_VEHTYPE_AT_FAULT,COUNT_SEVERE_INJ,COUNT_VISIBLE_INJ,COUNT_COMPLAINT_PAIN,COUNT_PED_KILLED,COUNT_PED_INJURED,COUNT_BICYCLIST_KILLED,COUNT_BICYCLIST_INJURED,COUNT_MC_KILLED,COUNT_MC_INJURED,PRIMARY_RAMP,SECONDARY_RAMP,LATITUDE,LONGITUDE,COUNTY,CITY,POINT_X,POINT_Y
1545,8509565,2017,2017-12-16,1905,2017-11-12,745,1117,431,7,5,4,1905,0,0,0,,0,001,SOUTH AZUSA AV,ARROW,299.0,N,N,A,-,N,,,,,,,,,,N,4,0,1,2,A,-,10,21952.0,,M,D,B,F,A,H,-,A,D,0,Y,,,,Y,,A,01,0,0,1,0,1,0,0,0,0,-,-,,,LOS ANGELES,AZUSA,-117.90773966,34.10756969
1546,8509416,2017,2018-01-10,1942,2017-11-08,1845,38550,1151,3,5,7,1942,0,0,0,K,0,11A51,SUNSET BL,NORMANDIE AV,0.0,,Y,A,-,N,,,,,,,,,,N,4,0,3,2,A,-,08,22107.0,,N,D,C,A,A,H,-,C,A,0,,,,,Y,,-,-,0,0,3,0,0,0,0,0,0,-,-,,,LOS ANGELES,LOS ANGELES,-118.30052013,34.09812009
1547,8509407,2017,2018-06-13,1946,2017-10-10,1614,P38,1946,2,5,4,1946,0,0,0,,0,003,CALIFORNIA,CENTRAL,0.0,,Y,A,-,N,,,,,,,,,,Y,3,0,1,3,A,-,12,21453.0,A,N,B,C,A,A,H,-,A,A,0,,,,Y,Y,Y,A,01,0,1,0,0,0,0,0,0,0,-,-,,,LOS ANGELES,MONROVIA,-117.99505012,34.13587007
1548,8509338,2017,2017-12-05,1947,2017-10-06,1232,1351,,5,5,5,1947,0,0,0,,0,00A,E VIA CAMPO,N FINDLAY AV N,0.0,,Y,A,-,N,,,,,,,,,,Y,4,0,2,2,A,-,09,21802.0,A,N,D,C,A,A,H,-,A,A,0,,,,,Y,,-,-,0,0,2,0,0,0,0,0,0,-,-,34.03267,-118.13791,LOS ANGELES,MONTEBELLO,-118.13796001,34.03266001
1549,8509253,2017,2017-12-13,1941,2017-11-04,224,10539,,6,5,7,1941,0,0,0,,0,,MAGNOLIA AV,190TH,15.0,S,N,A,-,N,,,,,,,,,,Y,4,0,1,1,A,-,08,22107.0,,N,H,J,A,A,H,-,C,D,0,,,,,Y,,A,,0,0,1,0,0,0,0,0,0,-,-,,,LOS ANGELES,LONG BEACH,,
1550,8509128,2017,2017-12-18,1956,2017-11-22,709,1183,27,3,5,5,1956,0,0,0,,0,002,BERYL ST,N LUCIA AV,0.0,,Y,A,-,N,,,,,,,,,,,4,0,1,2,A,-,10,21950.0,A,N,G,B,B,A,H,-,A,A,0,Y,,,,Y,,A,01,0,0,1,0,1,0,0,0,0,-,-,,,LOS ANGELES,REDONDO BEACH,-118.38480013,33.85204006
1551,8509103,2017,2017-12-14,1942,2017-11-13,750,42821,1778,1,5,7,1942,0,0,0,Q,0,17A67,PATTON DR,MURPHY DR,0.0,W,N,A,-,N,,,,,,,,,,N,4,0,1,3,A,-,06,21750.0,A,N,B,C,A,A,H,-,A,D,0,,,Y,,Y,,C,02,0,0,1,0,0,0,0,0,1,-,-,,,LOS ANGELES,LOS ANGELES,,
1552,8509101,2017,2017-12-13,1942,2017-11-08,1520,35481,2145,3,5,7,1942,0,0,0,,0,9TL54,TOPANGA CANYON BL,VANOWEN ST,0.0,,Y,A,-,N,,,,,,,,,,N,4,0,1,2,A,-,10,21950.0,A,F,G,B,B,A,H,-,A,A,0,Y,,,,Y,,-,99,0,0,1,0,1,0,0,0,0,-,-,,,LOS ANGELES,LOS ANGELES,-118.60591009,34.193750099999995
1553,8509094,2017,2017-12-15,1942,2017-11-29,815,42746,0901,3,5,7,1942,0,0,0,I,0,9A63,SEPULVEDA BL,VALERIO,15.0,E,N,A,-,N,,,,,,,,,,N,4,0,1,2,A,-,03,22350.0,,F,D,C,A,A,H,-,A,D,0,,,,,Y,Y,-,99,0,0,1,0,0,0,0,0,0,-,-,,,LOS ANGELES,LOS ANGELES,-118.46621,34.204840000000004
1554,8509091,2017,2017-12-15,1942,2017-11-15,1515,42344,1772,3,5,7,1942,0,0,0,Q,0,16T26,CORBIN AV,PRAIRIE ST,16.0,S,N,A,-,N,,,,,,,,,,N,4,0,1,2,A,-,11,21451.0,C,N,D,B,B,A,H,-,A,D,0,Y,,,,Y,,A,01,0,0,1,0,1,0,0,0,0,-,-,,,LOS ANGELES,LOS ANGELES,-118.56230946,34.23909611
1555,8509087,2017,2017-12-15,1942,2017-11-16,1100,34634,1779,4,5,7,1942,0,0,0,Q,0,17A95,NORDHOFF ST,HASKELL AV,0.0,,Y,B,-,N,,,,,,,,,,N,4,0,1,2,A,-,11,21456.0,B,N,G,B,B,A,H,-,A,A,0,Y,,,,Y,,N,60,0,0,1,0,1,0,0,0,0,-,-,,,LOS ANGELES,LOS ANGELES,-118.47634004,34.23557008
1556,8509084,2017,2017-12-19,1942,2017-11-09,1100,31931,1774,4,5,7,1942,0,0,0,Q,0,35M39,ZELZAH AV,SUPERIOR ST,0.0,,Y,A,-,N,,,,,,,,,,N,4,0,2,3,A,-,11,21950.0,B,N,-,B,B,A,H,-,A,A,0,Y,,,,Y,,N,60,0,0,2,0,2,0,0,0,0,-,-,,,LOS ANGELES,LOS ANGELES,-118.52330009,34.24675001
1557,8509083,2017,2017-12-15,1942,2017-11-12,1215,38857,1782,7,5,7,1942,0,0,0,Q,0,15TL44,CORBIN AV,NORDHOFF ST,0.0,,Y,A,-,N,,,,,,,,,,N,4,0,1,2,A,-,08,22100.0,A,N,D,C,A,A,H,-,A,A,0,,,,,Y,,A,01,0,0,1,0,0,0,0,0,0,-,-,,,LOS ANGELES,LOS ANGELES,-118.56230004,34.23548004
1558,8509079,2017,2017-12-15,1942,2017-11-28,1915,40388,1752,2,5,7,1942,0,0,0,Q,0,17A23,DE SOTO AV,LASSEN ST,0.0,,Y,A,-,N,,,,,,,,,,N,4,0,1,2,A,-,11,21456.0,A,N,G,B,B,A,H,-,C,A,0,Y,,,,Y,,N,60,0,0,1,0,1,0,0,0,0,-,-,,,LOS ANGELES,LOS ANGELES,-118.58857005,34.24998004
1559,8509078,2017,2017-12-15,1942,2017-11-21,1200,26319,1749,2,5,7,1942,0,0,0,Q,0,19TL74,GOTHIC AV,CHATSWORTH ST,0.0,,Y,A,-,N,,,,,,,,,,Y,4,0,1,2,A,-,09,21453.0,B,N,D,C,A,A,H,-,A,A,0,,,,,Y,,A,01,0,0,1,0,0,0,0,0,0,-,-,,,LOS ANGELES,LOS ANGELES,-118.48921000000001,34.2647101
1560,8508995,2017,2017-12-19,1942,2017-11-05,1746,41661,0469,7,5,7,1942,0,0,0,D,0,4A59,E 1ST ST,INDIANA ST,130.0,W,N,A,-,N,,,,,,,,,,N,4,0,1,3,A,-,04,21703.0,,N,C,C,-,A,H,-,A,D,0,Y,,,,Y,,D,22,0,0,1,0,1,0,0,0,0,-,-,,,LOS ANGELES,LOS ANGELES,-118.19279270000001,34.03613994
1561,8508991,2017,2017-12-19,1942,2017-11-05,2000,39062,0497,7,5,7,1942,0,0,0,D,0,4A97,EAST WASHINGTON BL,SOTO ST,157.0,E,N,A,-,N,,,,,,,,,,N,4,0,1,2,A,-,03,22350.0,,N,D,C,A,A,H,-,C,D,0,,,,Y,Y,,A,01,0,0,1,0,0,0,0,0,0,-,-,,,LOS ANGELES,LOS ANGELES,-118.21953312,34.01727885
1562,8508883,2017,2017-12-14,1942,2017-10-25,735,36257,1701,3,5,7,1942,0,0,0,Q,0,17A23,SESNON BL,HIGH GLEN WY,0.0,,Y,A,-,N,,,,,,,,,,N,3,0,1,2,A,-,11,21950.0,B,N,G,B,B,A,H,-,-,D,0,Y,,,,Y,,N,60,0,1,0,0,1,0,0,0,0,-,-,,,LOS ANGELES,LOS ANGELES,-118.56029005,34.29712002
1563,8508705,2017,2017-12-20,1942,2017-11-08,520,41878,1268,3,5,7,1942,0,0,0,L,0,12A67,MANCHESTER AV,WALL ST,0.0,,Y,A,-,N,,,,,,,,,,N,4,0,1,2,A,-,03,22350.0,,F,H,G,A,A,H,-,C,D,0,,Y,,,Y,,-,-,0,0,1,0,0,0,0,0,0,-,-,,,LOS ANGELES,LOS ANGELES,-118.27169001,33.96010002
1564,8508540,2017,2017-12-18,1900,2017-11-25,1300,478092,2609,6,5,6,1950,0,0,0,,0,263TI,20TH ST EAST,PALMDALE BL,0.0,,Y,A,-,N,,,,,,,,,,N,4,0,2,2,A,-,08,22107.0,,N,H,G,A,A,A,-,A,A,0,,Y,,,Y,,A,01,0,0,2,0,0,0,1,0,0,-,-,,,LOS ANGELES,PALMDALE,-118.09410008,34.57977009
1565,8508520,2017,2017-12-18,1942,2017-11-06,800,34959,0742,1,5,7,1942,0,0,0,G,0,20TL59,CARRILLO DR,COMMODORE SLOAT DR,0.0,,Y,A,-,N,,,,,,,,,,N,4,0,1,2,A,-,09,21802.0,A,N,H,G,A,A,H,-,A,A,0,,Y,,,Y,,A,07,0,0,1,0,0,0,1,0,0,-,-,,,LOS ANGELES,LOS ANGELES,-118.36778999999999,34.05996008
1566,8508512,2017,2017-12-18,1942,2017-11-13,755,34959,0749,1,5,7,1942,0,0,0,G,0,20TL29,MULLEN AV,8TH ST,0.0,,Y,A,-,N,,,,,,,,,,Y,4,0,1,2,A,-,09,21802.0,A,N,D,C,A,A,H,-,A,A,0,,,,,Y,,A,07,0,0,1,0,0,0,0,0,0,-,-,,,LOS ANGELES,LOS ANGELES,-118.33079008,34.06098006
1567,8508436,2017,2017-12-15,1942,2017-11-08,850,39624,0773,3,5,7,1942,0,0,0,G,0,20TL59,WEST WASHINGTON BL,S COCHRAN AV,0.0,,Y,A,-,N,,,,,,,,,,N,4,0,1,2,A,-,05,21650.0,1,N,D,G,A,A,H,-,A,A,0,,Y,,,Y,,L,04,0,0,1,0,0,0,1,0,0,-,-,,,LOS ANGELES,LOS ANGELES,-118.35484002,34.04147003
1568,8508408,2017,2017-12-16,1942,2017-11-18,1945,38090,0743,6,5,7,1942,0,0,0,G,0,20T59,SAN VICENTE BL,OLYMPIC BL,20.0,S,N,A,-,N,,,,,,,,,,N,3,0,1,2,A,-,10,21950.0,A,N,G,B,B,A,H,-,C,A,0,Y,,,,Y,,A,01,0,1,0,0,1,0,0,0,0,-,-,,,LOS ANGELES,LOS ANGELES,-118.36282999,34.05799428
1569,8508407,2017,2017-12-18,1942,2017-10-19,1630,38090,0721,4,5,7,1942,0,0,0,G,0,20T59,SHERBOURNE DR,3RD ST,12.0,N,N,A,-,N,,,,,,,,,,N,4,0,1,2,A,-,10,21950.0,A,N,G,B,B,A,H,-,A,A,0,Y,,,,Y,,A,01,0,0,1,0,1,0,0,0,0,-,-,,,LOS ANGELES,LOS ANGELES,-118.37951942,34.07361291
1570,8508404,2017,2017-12-16,1942,2017-11-14,1205,31255,0782,2,5,7,1942,0,0,0,G,0,7TL38,DAUPHIN AV,VENICE BL,10.0,S,N,A,-,N,,,,,,,,,,N,3,0,1,2,A,-,09,21804.0,A,N,H,G,A,A,H,-,A,A,0,,Y,,,Y,,L,04,0,1,0,0,0,0,1,0,0,-,-,,,LOS ANGELES,LOS ANGELES,-118.37653346,34.03590375
1571,8508193,2017,2017-12-20,1942,2017-12-01,820,30989,1527,5,5,7,1942,0,0,0,O,0,15A27,VICTORY BL,VINELAND AV,115.0,W,N,A,-,N,,,,,,,,,,Y,4,0,1,2,A,-,09,21804.0,A,N,D,C,A,A,H,-,A,D,0,,,,Y,Y,,A,01,0,0,1,0,0,0,0,0,0,-,-,,,LOS ANGELES,LOS ANGELES,-118.37068955,34.186690000000006
1572,8508108,2017,2017-12-13,1942,2017-10-23,1900,39306,0865,1,5,7,1942,0,0,0,H,0,7A21,OVERLAND AVE,NATIONAL BL,0.0,,Y,A,-,N,,,,,,,,,,N,3,0,1,2,A,-,10,21950.0,A,N,G,B,B,A,H,-,C,A,0,Y,,,,Y,,A,01,0,1,0,0,1,0,0,0,0,-,-,,,LOS ANGELES,LOS ANGELES,-118.41761006,34.03246002
1573,8508079,2017,2017-12-13,1942,2017-11-06,625,35945,0643,1,5,7,1942,0,0,0,F,0,6TL7,FRANKLIN AV,LA BREA AV,85.0,E,N,B,-,N,,,,,,,,,,Y,4,0,1,2,A,-,05,21460.0,A,N,B,C,A,A,H,-,A,A,0,,,,,Y,,A,01,0,0,1,0,0,0,0,0,0,-,-,,,LOS ANGELES,LOS ANGELES,-118.34560825,34.10384232
1574,8508078,2017,2017-12-13,1942,2017-11-19,1625,39655,0886,7,5,7,1942,0,0,0,H,0,20T59,PICO BL,ROXBURY DR,81.0,W,N,A,-,N,,,,,,,,,,N,3,0,1,2,B,-,22,,,N,H,G,A,A,H,-,A,D,0,,Y,,,Y,,L,04,0,1,0,0,0,0,1,0,0,-,-,,,LOS ANGELES,LOS ANGELES,-118.40243779,34.0538974
1575,8508076,2017,2017-12-18,1969,2017-11-07,640,10156,TRAFF,2,5,5,1969,0,0,0,,0,003,TWEEDY BL,SAN ANTONIO AV,0.0,,Y,A,-,N,,,,,,,,,,N,3,0,1,2,A,-,05,21650.0,,N,D,G,A,A,H,-,B,D,0,,Y,,,Y,,L,04,0,1,0,0,0,0,1,0,0,-,-,,,LOS ANGELES,SOUTH GATE,-118.20643009,33.94430001
1576,8508069,2017,2017-12-13,1942,2017-11-22,2335,41629,0489,3,5,7,1942,0,0,0,D,0,4A97,S SOTO ST,OLYMPIC,225.0,N,N,A,-,N,,,,,,,,,,N,4,0,2,2,A,-,04,21703.0,,N,C,C,A,A,H,-,C,D,0,,,,,Y,,A,01,0,0,2,0,0,0,0,0,0,-,-,,,LOS ANGELES,LOS ANGELES,-118.21979663,34.02488543
1577,8508037,2017,2017-12-13,1942,2017-11-13,825,42186,0123,1,5,7,1942,0,0,0,A,0,1A61,1ST ST,BROADWAY,0.0,,Y,A,-,N,,,,,,,,,,N,3,0,1,2,A,-,17,21451.0,A,F,G,B,B,A,H,-,A,A,0,Y,,,,Y,,-,99,0,1,0,0,1,0,0,0,0,-,-,,,LOS ANGELES,LOS ANGELES,-118.24555005,34.05364004
1578,8508020,2017,2018-02-06,1956,2017-11-14,1147,1183,16,2,5,5,1956,0,0,0,,0,002,TORRANCE BL,BROADWAY,0.0,,Y,A,-,N,,,,,,,,,,N,3,0,1,2,A,-,08,22107.0,,N,D,G,A,A,H,-,A,D,0,,Y,,,Y,,A,07,0,1,0,0,0,0,1,0,0,-,-,,,LOS ANGELES,REDONDO BEACH,-118.38674007,33.83830003
1579,8507973,2017,2017-12-13,1906,2017-11-20,1053,4410,,1,5,5,1906,0,0,0,,0,002,LOS ANGELES ST,BRESEE AV,3.0,W,N,A,-,N,,,,,,,,,,N,4,0,1,2,A,-,05,21650.0,1,N,D,G,A,A,H,-,A,A,0,,Y,,,Y,,L,04,0,0,1,0,0,0,1,0,0,-,-,,,LOS ANGELES,BALDWIN PARK,-117.97142988,34.09216970000001
1580,8507969,2017,2017-12-13,1906,2017-11-28,1319,4415,BEAT2,2,5,5,1906,0,0,0,,0,BALDWI,HEINTZ ST,EDISON POLE #4736699E,7.0,S,N,A,-,N,,,,,,,,,,Y,4,0,3,2,A,-,09,21804.0,,N,D,C,A,A,H,-,A,D,0,,,,,Y,,A,01,0,0,3,0,0,0,0,0,0,-,-,34.10407,-117.95286000000002,LOS ANGELES,BALDWIN PARK,,
1581,8507953,2017,2017-12-13,1942,2017-11-11,908,329L73,0426,6,5,7,1942,0,0,0,D,0,4A9,NAVARRO ST,N EASTERN AV,0.0,,Y,A,-,N,,,,,,,,,,N,4,0,1,2,A,-,09,21804.0,A,N,D,G,A,A,H,-,A,D,0,,Y,,,Y,,L,04,0,0,1,0,0,0,1,0,0,-,-,,,LOS ANGELES,LOS ANGELES,-118.17807009,34.08517008
1582,8507944,2017,2017-12-16,1942,2017-11-16,1700,37966,0859,4,5,7,1942,0,0,0,H,0,6TL2,SOUTH LA CIENEGA BL,PICO BL,215.0,N,N,A,-,N,,,,,,,,,,N,3,0,1,2,A,-,08,22107.0,,N,H,A,A,A,H,-,C,D,0,,Y,,Y,Y,,F,26,0,1,0,0,0,0,1,0,0,-,-,,,LOS ANGELES,LOS ANGELES,-118.37617893,34.05392965
1583,8507892,2017,2018-07-09,1900,2017-11-18,1130,456525,2610,6,5,6,1950,0,0,0,,0,262T1,10TH ST EAST,RT 138,188.0,N,N,A,-,Y,LA,7.0,138.0,-,-,44.692,I,6,W,Y,4,0,1,2,A,-,09,21804.0,A,N,D,C,A,A,H,-,A,A,0,,,,,Y,,A,01,0,0,1,0,0,0,0,0,0,-,-,,,LOS ANGELES,PALMDALE,-118.11184739,34.57956314
1584,8507876,2017,2018-07-09,1900,2017-11-16,1353,517840,2608,4,5,6,1950,0,0,0,,0,264T1,RT 138,35TH ST EAST,0.0,,Y,A,-,Y,LA,7.0,138.0,-,-,47.251000000000005,I,6,W,Y,2,0,3,2,A,-,05,21650.0,,N,A,C,A,A,H,-,A,A,0,,,,,Y,,A,01,2,0,1,0,0,0,0,0,0,-,-,,,LOS ANGELES,PALMDALE,-118.06725199,34.58019925
1585,8507632,2017,2017-12-15,1941,2017-11-28,910,5292,,2,5,7,1941,0,0,0,,0,,EAST 7TH ST,MARTIN LUTHER KING JR AV,100.0,W,N,A,-,N,,,,,,,,,,N,3,0,1,2,A,-,03,22350.0,,N,D,G,A,A,H,-,A,D,0,,Y,,,Y,,L,,0,1,0,0,0,0,1,0,0,-,-,,,LOS ANGELES,LONG BEACH,-118.18100838,33.77534
1586,8507631,2017,2017-12-13,1942,2017-10-31,1530,34796,1983,2,5,7,1942,0,0,0,,0,19A61,CHASE ST,NOBLE AV,0.0,,Y,B,-,N,,,,,,,,,,N,3,0,1,2,A,-,11,21950.0,B,N,D,B,B,A,H,-,A,D,0,Y,,,,Y,,N,60,0,1,0,0,1,0,0,0,0,-,-,,,LOS ANGELES,LOS ANGELES,-118.46113011,34.22460004
1587,8507599,2017,2017-12-20,1942,2017-11-22,950,34467,1045,3,5,7,1942,0,0,0,J,0,35M38,LINDLEY AV,BURBANK BL,355.0,N,N,A,-,N,,,,,,,,,,Y,4,0,1,3,A,-,03,22350.0,,N,C,C,A,A,H,-,A,D,0,,,,,Y,,A,01,0,0,1,0,0,0,0,0,0,-,-,,,LOS ANGELES,LOS ANGELES,-118.52727563,34.17322381
1588,8507578,2017,2017-12-18,1942,2017-11-14,1315,33927,1987,2,5,7,1942,0,0,0,,0,35M43,CHASE ST,WOODMAN AV,75.0,W,N,A,-,N,,,,,,,,,,N,4,0,1,2,A,-,05,21650.0,,N,-,C,A,A,H,-,A,A,0,,,,,Y,,-,,0,0,1,0,0,0,0,0,0,-,-,,,LOS ANGELES,LOS ANGELES,-118.43459753,34.22783773
1589,8507545,2017,2017-12-14,1942,2017-11-17,1140,34427,1797,5,5,7,1942,0,0,0,Q,0,17A95,WOODLEY AV,PARTHENIA ST,265.0,S,N,A,-,N,,,,,,,,,,N,4,0,1,2,A,-,03,22350.0,,F,C,C,A,A,H,-,A,D,0,,,,,Y,,-,99,0,0,1,0,0,0,0,0,0,-,-,,,LOS ANGELES,LOS ANGELES,-118.48516096,34.22765316
1590,8507527,2017,2017-12-20,1942,2017-11-12,1100,41274,,7,5,7,1942,0,0,0,,0,,VENTURA BL,MECCA AV,13.0,W,N,A,-,N,,,,,,,,,,Y,4,0,1,2,A,-,08,22100.0,A,N,D,C,A,A,H,-,A,D,0,,,,,Y,,A,01,0,0,1,0,0,0,0,0,0,-,-,,,LOS ANGELES,LOS ANGELES,-118.53752866,34.16934546
1591,8507440,2017,2017-12-14,1976,2017-10-24,2220,568,,2,5,3,1964,0,0,0,,0,001,TELEGRAPH RD,SANTA FE SPRINGS RD,0.0,,Y,A,-,N,,,,,,,,,,N,3,0,1,2,A,-,12,21453.0,A,N,D,C,A,A,H,-,C,A,0,,,,,Y,,A,01,0,1,0,0,0,0,0,0,0,-,-,,,LOS ANGELES,SANTA FE SPRINGS,-118.06407,33.94193009
1592,8507436,2017,2017-12-14,1942,2017-10-30,1500,41858,0668,1,5,7,1942,0,0,0,F,0,8TL26,N WESTERN AV,FOUNTAIN AV,130.0,S,N,B,-,N,,,,,,,,,,N,4,0,1,2,A,-,10,21950.0,A,N,G,B,B,A,H,-,A,D,0,Y,,,,Y,,A,01,0,0,1,0,1,0,0,0,0,-,-,,,LOS ANGELES,LOS ANGELES,-118.30920727,34.09452352
1593,8507400,2017,2017-12-14,1942,2017-10-16,740,42825,0663,1,5,7,1942,0,0,0,F,0,6A77,HOLLYWOOD BL,HIGHLAND AV,0.0,,Y,A,-,N,,,,,,,,,,N,3,0,1,2,A,-,08,22107.0,,N,H,G,A,A,H,-,A,A,0,,Y,,,Y,,L,04,0,1,0,0,0,0,1,0,0,-,-,,,LOS ANGELES,LOS ANGELES,-118.33869004,34.10155004
1594,8507313,2017,2017-12-15,1942,2017-10-06,1430,41043,LAPD,5,5,7,1942,0,0,0,,0,7A47,WESTERN AV,HOLLYWOOD BL,70.0,N,N,A,-,N,,,,,,,,,,N,4,0,1,2,A,-,08,22107.0,,N,D,C,A,A,H,-,A,D,0,,,Y,,Y,,A,01,0,0,1,0,0,0,0,0,1,-,-,,,LOS ANGELES,LOS ANGELES,-118.30927436,34.10194195
1595,8507309,2017,2017-12-15,1942,2017-10-20,1800,42471,RD064,5,5,7,1942,0,0,0,,0,6A48,VINE ST,SELMA AV,0.0,,Y,A,-,N,,,,,,,,,,N,4,0,1,2,A,-,04,21703.0,,N,C,C,A,A,H,-,A,A,0,,,,,Y,,A,01,0,0,1,0,0,0,0,0,0,-,-,,,LOS ANGELES,LOS ANGELES,-118.32667009999999,34.09980005
1596,8507260,2017,2017-12-18,1942,2017-11-06,1210,34959,0666,1,5,7,1942,0,0,0,F,0,20TL59,CAHUENGA BL,FOUNTAIN AV,18.0,N,N,A,-,N,,,,,,,,,,Y,4,0,1,2,A,-,08,22100.0,A,N,B,C,A,A,D,-,A,D,0,,,Y,Y,Y,,G,25,0,0,1,0,0,0,0,0,1,-,-,,,LOS ANGELES,LOS ANGELES,-118.32882,34.09439937
1597,8507003,2017,2018-01-25,1942,2017-11-02,1625,36659,517,4,5,7,1942,0,0,0,,0,5A24,OPP ST,BANNING BL,0.0,,Y,A,-,N,,,,,,,,,,Y,4,0,1,2,A,-,12,22450.0,A,M,A,C,A,A,H,-,A,A,0,,,,,Y,,A,01,0,0,1,0,0,0,0,0,0,-,-,,,LOS ANGELES,LOS ANGELES,-118.25819007,33.78316003
1598,8506947,2017,2018-01-22,1942,2017-10-31,2350,42188,0118,2,5,7,1942,0,0,0,A,0,018,BLOOM ST,NORTH MAIN ST,20.0,E,N,B,-,N,,,,,,,,,,N,4,0,1,2,A,-,03,22350.0,,F,G,B,E,A,H,-,C,D,0,Y,,,,Y,,-,99,0,0,1,0,1,0,0,0,0,-,-,,,LOS ANGELES,LOS ANGELES,-118.23060296,34.06517463
1599,8506931,2017,2017-12-08,1942,2017-10-17,720,42352,0111,2,5,7,1942,0,0,0,A,0,1A1,ORD ST,HILL ST,12.0,E,N,A,-,N,,,,,,,,,,Y,4,0,1,2,A,-,00,21453.0,,N,B,C,A,A,H,-,A,A,0,,,,,Y,,A,01,0,0,1,0,0,0,0,0,0,-,-,,,LOS ANGELES,LOS ANGELES,-118.24045334,34.06072767
1600,8506898,2017,2017-12-07,1942,2017-10-30,1200,39655,2027,1,5,7,1942,0,0,0,,0,20T59,VERMONT AV,5TH ST,0.0,,Y,A,-,N,,,,,,,,,,N,4,0,1,2,A,-,09,21804.0,A,M,H,G,A,A,H,-,A,A,0,,Y,,,Y,,L,04,0,0,1,0,0,0,1,0,0,-,-,,,LOS ANGELES,LOS ANGELES,,
1601,8506862,2017,2017-12-07,1942,2017-11-08,1850,37613,0639,3,5,7,1942,0,0,0,F,0,7T23,FRANKLIN AV,HARVARD BL,0.0,,Y,A,-,N,,,,,,,,,,Y,2,0,1,3,A,-,09,21801.0,A,N,D,C,A,A,H,-,C,A,0,,,Y,,Y,,A,01,1,0,0,0,0,0,0,0,1,-,-,,,LOS ANGELES,LOS ANGELES,-118.3050101,34.10539009
1602,8506855,2017,2017-12-08,1942,2017-11-16,1230,42822,0507,4,5,7,1942,0,0,0,E,0,5A16,HALLDALE AV,W 223RD ST,0.0,,Y,B,-,N,,,,,,,,,,N,4,0,1,2,A,-,07,21658.0,A,N,B,C,A,A,H,-,A,D,0,,,,,Y,,A,01,0,0,1,0,0,0,0,0,0,-,-,,,LOS ANGELES,LOS ANGELES,-118.3016,33.82454004
1603,8506797,2017,2018-06-18,1941,2017-11-18,746,10045,,6,5,7,1941,0,0,0,,0,,PACIFIC COAST HWY,LOYNES DR,0.0,,Y,A,-,Y,LA,7.0,1.0,-,-,1.311,I,5,N,Y,4,0,1,2,A,-,06,21755.0,,N,B,C,A,A,H,-,A,D,0,,,,,Y,,-,,0,0,1,0,0,0,0,0,0,-,-,,,LOS ANGELES,LONG BEACH,-118.11685893,33.76733781
1604,8506735,2017,2018-06-19,1941,2017-08-24,1300,5407,,4,5,7,1941,0,0,0,,0,,RT 1,SANTIAGO AV,20.0,E,N,A,-,Y,LA,7.0,1.0,-,-,2.45,H,-,S,N,3,0,1,1,A,-,03,22350.0,,N,E,I,A,A,H,-,A,A,0,,,Y,,Y,,C,02,0,1,0,0,0,0,0,0,1,-,-,,,LOS ANGELES,LONG BEACH,-118.12855839,33.77956378
1605,8506616,2017,2018-01-05,1942,2017-10-24,1353,1942,0195,2,5,7,1942,0,0,0,A,0,1A61,16TH ST,LOS ANGELES ST,0.0,,Y,A,-,N,,,,,,,,,,Y,4,0,1,2,A,-,21,22106.0,,N,D,C,A,A,H,-,A,A,0,,,,Y,Y,,A,01,0,0,1,0,0,0,0,0,0,-,-,,,LOS ANGELES,LOS ANGELES,-118.26155012,34.03304002
1606,8506325,2017,2018-06-13,1920,2017-10-11,1650,12510,,3,5,6,1920,0,0,0,,0,005,FLORENCE AV,BROOKSHIRE AV,696.0,W,N,A,-,N,,,,,,,,,,N,3,0,1,2,A,-,03,22350.0,,N,G,G,A,A,H,-,A,D,0,,Y,,,Y,,L,04,0,1,0,0,0,0,1,0,0,-,-,,,LOS ANGELES,DOWNEY,-118.12390118,33.95067172