,CASE_ID,ACCIDENT_YEAR,PROC_DATE,JURIS,COLLISION_DATE,COLLISION_TIME,OFFICER_ID,REPORTING_DISTRICT,DAY_OF_WEEK,CHP_SHIFT,POPULATION,CNTY_CITY_LOC,SPECIAL_COND,BEAT_TYPE,CHP_BEAT_TYPE,CITY_DIVISION_LAPD,CHP_BEAT_CLASS,BEAT_NUMBER,PRIMARY_RD,SECONDARY_RD,DISTANCE,DIRECTION,INTERSECTION,WEATHER_1,WEATHER_2,STATE_HWY_IND,CALTRANS_COUNTY,CALTRANS_DISTRICT,STATE_ROUTE,ROUTE_SUFFIX,POSTMILE_PREFIX,POSTMILE,LOCATION_TYPE,RAMP_INTERSECTION,SIDE_OF_HWY,TOW_AWAY,COLLISION_SEVERITY,NUMBER_KILLED,NUMBER_INJURED,PARTY_COUNT,PRIMARY_COLL_FACTOR,PCF_CODE_OF_VIOL,PCF_VIOL_CATEGORY,PCF_VIOLATION,PCF_VIOL_SUBSECTION,HIT_AND_RUN,TYPE_OF_COLLISION,MVIW,PED_ACTION,ROAD_SURFACE,ROAD_COND_1,ROAD_COND_2,LIGHTING,CONTROL_DEVICE,CHP_ROAD_TYPE,PEDESTRIAN_ACCIDENT,BICYCLE_ACCIDENT,MOTORCYCLE_ACCIDENT,TRUCK_ACCIDENT,NOT_PRIVATE_PROPERTY,ALCOHOL_INVOLVED,STWD_VEHTYPE_AT_FAULT,CHP_VEHTYPE_AT_FAULT,COUNT_SEVERE_INJ,COUNT_VISIBLE_INJ,COUNT_COMPLAINT_PAIN,COUNT_PED_KILLED,COUNT_PED_INJURED,COUNT_BICYCLIST_KILLED,COUNT_BICYCLIST_INJURED,COUNT_MC_KILLED,COUNT_MC_INJURED,PRIMARY_RAMP,SECONDARY_RAMP,LATITUDE,LONGITUDE,COUNTY,CITY,POINT_X,POINT_Y
2917,8404158,2017,2017-07-17,1963,2017-06-03,1204,00344,106,6,5,3,1963,0,0,0,,0,ONE,HUNTINGTON DR,OAK KNOLL AV,0.0,,Y,A,-,N,,,,,,,,,,N,4,0,1,2,A,-,08,22107.0,,N,B,G,A,A,H,-,A,A,0,,Y,,,Y,,A,01,0,0,1,0,0,0,1,0,0,-,-,,,LOS ANGELES,SAN MARINO,-118.12688007,34.11204004
2918,8404127,2017,2018-04-24,1900,2017-06-24,1910,549496,0532,6,5,5,1959,0,0,0,,0,53Y1PM,DEL MAR AV,RT 10,0.0,,Y,A,-,Y,LA,7.0,10.0,-,-,25.296,R,4,E,N,3,0,1,2,A,-,09,21802.0,A,N,D,G,A,A,H,-,B,D,0,,Y,,,Y,,A,01,0,1,0,0,0,0,1,0,0,-,EF,34.07055,-118.09943,LOS ANGELES,ROSEMEAD,-118.10023095,34.07173551
2919,8404092,2017,2017-07-13,1967,2017-07-04,2030,136,,2,5,2,1967,0,0,0,,0,SOUTH,CHERRY AV,20TH ST,0.0,,Y,A,-,N,,,,,,,,,,N,3,0,1,2,A,-,08,22100.0,A,N,B,C,A,A,H,-,C,A,0,,,Y,,Y,,A,01,0,1,0,0,0,0,0,0,1,-,-,,,LOS ANGELES,SIGNAL HILL,-118.16777009,33.7938301
2920,8404051,2017,2017-07-21,1900,2017-06-27,745,525140,0521,2,5,4,1971,0,0,0,,0,52T1AM,LAS TUNAS DR,ENCINITA AV,0.0,,Y,A,-,N,,,,,,,,,,Y,4,0,1,2,A,-,12,21453.0,A,N,D,C,A,A,H,-,A,A,0,,,,Y,Y,,G,25,0,0,1,0,0,0,0,0,0,-,-,34.10569,-118.06801999999999,LOS ANGELES,TEMPLE CITY,-118.06798001,34.10571011
2921,8403914,2017,2017-07-12,1928,2017-06-08,1659,239,517,4,5,5,1928,0,0,0,,0,503,DOTY AV,132ND ST,0.0,,Y,A,-,N,,,,,,,,,,Y,4,0,1,3,A,-,12,22450.0,A,M,D,C,A,A,H,-,A,A,0,,,,,Y,,A,07,0,0,1,0,0,0,0,0,0,-,-,33.91282,-118.33955,LOS ANGELES,HAWTHORNE,-118.3395601,33.91280002
2922,8403597,2017,2017-07-12,1942,2017-06-15,650,38090,0782,4,5,7,1942,0,0,0,G,0,6TL7,SAWYER ST,FAIRFAX AV,1.0,E,N,A,-,N,,,,,,,,,,N,3,0,1,2,A,-,11,21950.0,B,N,G,B,B,A,H,-,A,A,0,Y,,,,Y,,N,60,0,1,0,0,1,0,0,0,0,-,-,,,LOS ANGELES,LOS ANGELES,-118.36997688,34.04124912
2923,8403549,2017,2017-07-11,1942,2017-06-14,1010,31573,0739,3,5,7,1942,0,0,0,G,0,34MQ09,ROSSMORE AV,6TH ST,3.0,S,N,A,-,N,,,,,,,,,,N,4,0,1,3,A,-,06,21755.0,,N,B,C,A,A,H,-,A,A,0,,,Y,,Y,,C,02,0,0,1,0,0,0,0,0,1,-,-,,,LOS ANGELES,LOS ANGELES,-118.32758102,34.06388182
2924,8403436,2017,2017-07-12,1942,2017-05-31,240,41504,4206,3,5,7,1942,0,0,0,,0,6A79,WESTERN AV,LEXINGTON AV,15.0,N,N,A,-,N,,,,,,,,,,N,4,0,1,2,A,-,10,21950.0,A,F,B,B,B,A,H,-,C,A,0,Y,,,,Y,,-,99,0,0,1,0,1,0,0,0,0,-,-,,,LOS ANGELES,LOS ANGELES,-118.30919205,34.092941100000004
2925,8403405,2017,2017-07-10,1942,2017-06-17,900,42476,1663,6,5,7,1942,0,0,0,P,0,16A81,SHELDON,LAUREL CANYON,0.0,,Y,A,-,N,,,,,,,,,,Y,4,0,1,2,A,-,08,22107.0,,N,A,C,A,B,H,-,A,A,0,,,,,Y,Y,-,,0,0,1,0,0,0,0,0,0,-,-,,,LOS ANGELES,LOS ANGELES,-118.4037301,34.23196006
2926,8403362,2017,2017-07-13,1942,2017-06-19,1034,42138,0642,1,5,7,1942,0,0,0,F,0,6A31,SUNSET BL,OGDEN AV,20.0,W,N,A,-,N,,,,,,,,,,N,4,0,2,2,A,-,08,22100.0,A,F,D,C,A,A,H,-,A,D,0,,,,,Y,Y,-,99,0,0,2,0,0,0,0,0,0,-,-,,,LOS ANGELES,LOS ANGELES,-118.35949592,34.09805863
2927,8403332,2017,2017-07-13,1942,2017-06-03,2245,41292,0645,6,5,7,1942,0,0,0,F,0,6A67,HOLLYWOOD,ORANGE,0.0,,Y,A,-,N,,,,,,,,,,N,4,0,1,2,A,-,08,22100.0,A,F,B,C,A,A,-,-,C,A,0,,,,,Y,,-,99,0,0,1,0,0,0,0,0,0,-,-,,,LOS ANGELES,LOS ANGELES,-118.34172011,34.10154011
2928,8403295,2017,2017-07-10,1965,2017-06-21,2200,3739,0B1F,3,5,5,1965,0,0,0,,0,001,NEILSON WY,PACIFIC ST,0.0,,Y,A,-,N,,,,,,,,,,Y,3,0,2,2,A,-,12,21453.0,A,N,D,C,A,A,H,-,C,A,0,,,,,Y,,A,01,0,1,1,0,0,0,0,0,0,-,-,36.99648,-121.01128,LOS ANGELES,SANTA MONICA,-118.48793008,34.00523004
2929,8403100,2017,2017-07-14,1922,2017-06-13,1622,633,,2,5,6,1922,0,0,0,,0,,LA MADERA AV,LOWER AZUSA,0.0,,Y,A,-,N,,,,,,,,,,Y,4,0,2,2,A,-,09,21804.0,A,N,D,C,A,A,H,-,A,A,0,,,,,Y,,A,01,0,0,2,0,0,0,0,0,0,-,-,34.08871,-118.00894,LOS ANGELES,EL MONTE,-118.00889001,34.08867004
2930,8402860,2017,2017-08-07,1942,2017-07-05,1400,41316,1762,3,5,7,1942,0,0,0,Q,0,21TL62,LASSEN ST,MASON AV,0.0,,Y,A,-,N,,,,,,,,,,N,3,0,1,2,A,-,09,21804.0,A,N,D,G,A,A,H,-,A,A,0,,Y,,,Y,,L,04,0,1,0,0,0,0,1,0,0,-,-,,,LOS ANGELES,LOS ANGELES,-118.57980002,34.24998008
2931,8402830,2017,2017-07-21,1973,2017-05-26,1533,614,1973,5,5,1,1973,0,0,0,,0,001,E 27TH ST,S ALAMEDA ST,22.0,E,N,A,-,N,,,,,,,,,,N,4,0,1,2,A,-,06,21755.0,A,N,B,C,A,A,H,-,A,D,0,,,,Y,Y,,A,01,0,0,1,0,0,0,0,0,0,-,-,,,LOS ANGELES,VERNON,-118.23943778,34.01286481
2932,8402614,2017,2017-07-14,1942,2017-06-03,1810,42549,0195,6,5,7,1942,0,0,0,A,0,1838,WASHINGTON BL,LOS ANGELES,82.0,W,N,A,-,N,,,,,,,,,,Y,3,0,1,1,A,-,03,22350.0,,N,E,I,A,A,H,-,A,D,0,,,,,Y,,D,22,0,1,0,0,0,0,0,0,0,-,-,,,LOS ANGELES,LOS ANGELES,-118.26383501,34.03057085
2933,8402599,2017,2017-07-13,1916,2017-04-21,624,2592,D41R1,5,5,4,1916,0,0,0,,0,DOWNTO,BADILLO ST,SAN JOSE AV,30.0,E,N,A,-,N,,,,,,,,,,Y,4,0,2,2,A,-,09,21802.0,A,N,D,C,A,A,H,-,A,D,0,,,,,Y,,A,01,0,0,2,0,0,0,0,0,0,-,-,34.08628,-117.88353000000001,LOS ANGELES,COVINA,-117.88344115,34.08627
2934,8402588,2017,2017-07-12,1942,2017-05-23,1320,32973,1309,2,5,7,1942,0,0,0,M,0,24TL43,SANTA FE AV,7TH PL,0.0,,Y,A,-,N,,,,,,,,,,N,3,0,1,5,A,-,08,22107.0,,N,B,C,A,A,H,-,A,A,0,,,Y,,Y,,A,01,0,1,0,0,0,0,0,0,1,-,-,,,LOS ANGELES,LOS ANGELES,-118.23004001,34.03358001
2935,8402568,2017,2017-07-12,1942,2017-05-27,1440,34968,1373,6,5,7,1942,0,0,0,M,0,13A63,SLAUSON AV,CENTRAL AV,0.0,W,N,A,-,N,,,,,,,,,,N,3,0,1,2,A,-,11,21955.0,,N,A,B,E,A,H,-,A,D,0,Y,,,,Y,Y,N,60,0,1,0,0,1,0,0,0,0,-,-,,,LOS ANGELES,LOS ANGELES,-118.25646009,33.98934006
2936,8402541,2017,2017-07-20,1942,2017-07-08,1945,42858,1267,6,5,7,1942,0,0,0,L,0,18A97,WALL ST,MANCHESTER,5.0,S,N,A,-,N,,,,,,,,,,N,4,0,1,2,A,-,01,23152.0,A,F,B,G,A,A,H,-,A,A,0,,Y,,,Y,Y,A,01,0,0,1,0,0,0,1,0,0,-,-,,,LOS ANGELES,LOS ANGELES,-118.27168999999999,33.96008629
2937,8402437,2017,2017-07-17,1942,2017-06-30,2020,41649,0529,5,5,7,1942,0,0,0,E,0,5A15,ALAMEDA ST,ANAHEIM ST,5.0,S,N,A,-,N,,,,,,,,,,N,4,0,1,2,A,-,05,21650.0,1,N,D,G,A,A,H,-,C,A,0,,Y,,,Y,,L,04,0,0,1,0,0,0,1,0,0,-,-,,,LOS ANGELES,LOS ANGELES,-118.24522787,33.78091797
2938,8402417,2017,2017-07-17,1942,2017-06-27,1921,38590,2033,2,5,7,1942,0,0,0,,0,8TL26,SERRANO AV,SAN MARINO ST,28.0,S,N,A,-,N,,,,,,,,,,Y,4,0,2,3,A,-,01,23152.0,A,F,D,E,A,A,G,-,A,A,0,,,,,Y,,A,07,0,0,2,0,0,0,0,0,0,-,-,,,LOS ANGELES,LOS ANGELES,-118.30658000000001,34.05447
2939,8402404,2017,2017-07-17,1941,2017-06-27,945,5569,,2,5,7,1941,0,0,0,,0,,CHERRY AV,SPRING ST,0.0,,Y,A,-,N,,,,,,,,,,Y,4,0,1,2,A,-,09,21453.0,B,N,D,C,A,A,H,-,A,A,0,,,,,Y,,A,,0,0,1,0,0,0,0,0,0,-,-,,,LOS ANGELES,LONG BEACH,-118.16760013,33.81167008
2940,8402361,2017,2017-07-19,1973,2017-05-03,1529,529,1973,3,5,1,1973,0,0,0,,0,002,DOWNEY RD,PACKERS AV,19.0,S,N,A,-,N,,,,,,,,,,N,4,0,1,2,A,-,05,21650.0,1,N,A,G,A,A,H,-,A,D,0,,Y,,,Y,,L,04,0,0,1,0,0,0,1,0,0,-,-,,,LOS ANGELES,VERNON,-118.20483628,34.00239799
2941,8402253,2017,2017-08-15,1942,2017-07-01,935,38185,2185,6,5,7,1942,0,0,0,,0,16TL25,VENTURA BL,TOPANGA CANYON BL,40.0,E,N,A,-,N,,,,,,,,,,N,3,0,1,2,A,-,03,22350.0,,N,D,G,A,A,H,-,A,A,0,,Y,,,Y,,L,04,0,1,0,0,0,0,1,0,0,-,-,,,LOS ANGELES,LOS ANGELES,-118.60577798,34.16851
2942,8402204,2017,2017-07-25,1946,2017-05-28,2038,P56,,7,5,4,1946,0,0,0,,0,003,MOUTAIN,HURSTVIEW,42.0,S,N,A,-,N,,,,,,,,,,Y,4,0,1,3,A,-,08,22107.0,,N,C,E,A,A,H,-,C,D,0,,,,,Y,,A,01,0,0,1,0,0,0,0,0,0,-,-,,,LOS ANGELES,MONROVIA,-117.98735109,34.13031004
2943,8402082,2017,2017-07-17,1948,2017-04-02,1903,457,1948,7,5,5,1948,0,0,0,,0,003,LOMA VERDE ST,BRIGHTWOOD ST,27.0,N,N,A,-,N,,,,,,,,,,N,3,0,1,2,A,-,08,22107.0,,N,D,G,A,A,H,-,A,A,0,,Y,,,Y,,L,04,0,1,0,0,0,0,1,0,0,-,-,,,LOS ANGELES,MONTEREY PARK,-118.1396,34.04295404
2944,8402037,2017,2017-07-28,1942,2017-06-15,1835,40348,0111,4,5,7,1942,0,0,0,A,0,1X32,OLIVE ST,2ND ST,10.0,S,N,A,-,N,,,,,,,,,,N,3,0,1,2,A,-,03,22350.0,,N,B,G,A,A,H,-,A,A,0,,Y,,,Y,,L,04,0,1,0,0,0,0,1,0,0,-,-,,,LOS ANGELES,LOS ANGELES,-118.24888999,34.053758200000004
2945,8401925,2017,2017-07-20,1942,2017-05-30,1045,39010,1377,2,5,7,1942,0,0,0,M,0,24TL28,SLAUSON AV,HOLMES AV,3.0,E,N,A,-,N,,,,,,,,,,N,4,0,1,2,A,-,09,21802.0,A,N,G,B,B,A,H,-,A,A,0,Y,,,,Y,,D,22,0,0,1,0,1,0,0,0,0,-,-,,,LOS ANGELES,LOS ANGELES,-118.24118012,33.98954991
2946,8401924,2017,2017-07-27,1942,2017-07-07,1335,39217,1673,5,5,7,1942,0,0,0,P,0,17TL16,TUXFORD ST,SAN FERNANDO RD,0.0,,Y,A,-,N,,,,,,,,,,N,3,0,2,2,A,-,12,21453.0,A,N,D,C,A,A,H,-,A,A,0,,Y,,,Y,,L,04,0,2,0,0,0,0,1,0,0,-,-,,,LOS ANGELES,LOS ANGELES,-118.38106014,34.22746004
2947,8401675,2017,2017-07-11,1942,2017-06-25,1030,42559,1232,7,5,7,1942,0,0,0,L,0,12A15,WEST BL,W 60TH ST,50.0,N,N,A,-,N,,,,,,,,,,N,4,0,1,2,A,-,08,22107.0,,F,C,E,A,A,H,-,A,D,0,,,,,Y,,-,99,0,0,1,0,0,0,0,0,0,-,-,,,LOS ANGELES,LOS ANGELES,-118.33518000000001,33.98548713
2948,8401631,2017,2017-07-11,1942,2017-06-24,1140,26101,1805,6,5,7,1942,0,0,0,R,0,12TL41,CENTRAL AV,105TH ST,0.0,,Y,A,-,N,,,,,,,,,,N,3,0,1,2,A,-,05,21650.0,1,N,D,I,A,A,H,-,A,D,0,,Y,,,Y,,L,04,0,1,0,0,0,0,1,0,0,-,-,,,LOS ANGELES,LOS ANGELES,-118.25416004,33.94094003
2949,8401575,2017,2017-08-14,1975,2017-05-25,1606,377,,4,5,6,1975,0,0,0,,0,003,WEST COVINA PKWY,SUNSET AV,0.0,,Y,A,-,N,,,,,,,,,,N,4,0,1,2,A,-,12,21453.0,A,N,D,G,A,A,H,-,A,A,0,,Y,,,Y,,L,04,0,0,1,0,0,0,1,0,0,-,-,34.06889,-117.93817,LOS ANGELES,WEST COVINA,-117.93822008,34.06888008
2950,8401523,2017,2017-07-11,1975,2017-05-31,1229,327,,3,5,6,1975,0,0,0,,0,FOUR,GLENDORA AV,VINE AV,2.0,W,N,B,-,N,,,,,,,,,,N,4,0,1,2,A,-,05,21650.0,,N,D,G,A,A,H,-,-,A,0,,Y,,,Y,,L,04,0,0,1,0,0,0,1,0,0,-,-,,,LOS ANGELES,WEST COVINA,-117.93591442,34.05788593
2951,8401446,2017,2017-07-13,1924,2017-04-22,1126,116230,G22,6,5,5,1924,0,0,0,,0,0G3,MARINE AV,GRAMERCY PL,0.0,,Y,A,-,N,,,,,,,,,,N,4,0,2,2,A,-,08,22100.0,A,N,C,C,A,A,H,-,A,A,0,,,,,Y,,A,01,0,0,2,0,0,0,0,0,0,-,-,33.89468,-118.31348999999999,LOS ANGELES,GARDENA,-118.31352005,33.89468008
2952,8401421,2017,2017-07-11,1972,2017-05-30,1835,19619,,2,5,6,1972,0,0,0,,0,,190TH ST,MOBILE OIL,0.0,,Y,A,-,N,,,,,,,,,,Y,3,0,2,2,A,-,08,22107.0,,N,D,C,A,A,-,-,A,A,0,,,,,Y,,D,,0,1,1,0,0,0,0,0,0,-,-,,,LOS ANGELES,TORRANCE,,
2953,8401101,2017,2017-08-01,1942,2017-06-23,2150,41158,1693,5,5,7,1942,0,0,0,P,0,21T61,WILKINSON AV,STRATHERN ST,0.0,,Y,A,-,N,,,,,,,,,,Y,4,0,1,2,A,-,09,21802.0,A,N,D,C,A,A,H,-,C,A,0,,,,,Y,,A,07,0,0,1,0,0,0,0,0,0,-,-,,,LOS ANGELES,LOS ANGELES,-118.40414011,34.21573007
2954,8401083,2017,2017-08-02,1942,2017-06-23,1000,41316,0904,5,5,7,1942,0,0,0,I,0,21TL62,SEPULVEDA BL,SHERMAN WY,0.0,,Y,A,-,N,,,,,,,,,,N,3,0,1,2,A,-,10,21950.0,A,F,G,B,B,A,H,-,A,A,0,Y,,,,Y,,-,99,0,1,0,0,1,0,0,0,0,-,-,,,LOS ANGELES,LOS ANGELES,-118.46620005,34.20125004
2955,8401063,2017,2017-08-02,1942,2017-06-12,1820,42279,2187,1,5,7,1942,0,0,0,,0,21A2,VENTURA BL,DON PIO DR,100.0,W,N,A,-,N,,,,,,,,,,Y,4,0,1,2,A,-,09,21804.0,A,N,B,C,A,A,H,-,A,D,0,,,,,Y,Y,A,01,0,0,1,0,0,0,0,0,0,-,-,,,LOS ANGELES,LOS ANGELES,-118.6041598,34.168459999999996
2956,8401046,2017,2017-07-31,1942,2017-06-27,1250,38326,1999,2,5,7,1942,0,0,0,,0,9TL54,VENTURA CANYON AV,ROSCOE BL,100.0,S,N,A,-,N,,,,,,,,,,N,4,0,1,2,A,-,06,21755.0,A,N,D,G,A,A,H,-,A,D,0,,Y,,,Y,,L,04,0,0,1,0,0,0,1,0,0,-,-,,,LOS ANGELES,LOS ANGELES,-118.42880492,34.22139575
2957,8401025,2017,2017-07-28,1942,2017-06-25,1045,42544,1555,7,5,7,1942,0,0,0,O,0,15A33,MAGNOLIA BL,LANKERSHIM BL,235.0,E,N,A,-,N,,,,,,,,,,N,4,0,1,2,A,-,09,21804.0,A,N,D,G,A,A,H,-,A,D,0,,Y,,,Y,,A,01,0,0,1,0,0,0,1,0,0,-,-,,,LOS ANGELES,LOS ANGELES,-118.37387460000001,34.1649
2958,8401019,2017,2017-08-04,1900,2017-06-08,2145,506392,1630,4,5,5,1977,0,0,0,,0,164T,VICTORIA ST,TAMCLIFF AV,0.0,,Y,A,-,N,,,,,,,,,,N,3,0,1,2,A,-,10,21950.0,A,N,G,B,B,A,H,-,C,A,0,Y,,,,Y,,A,01,0,1,0,0,1,0,0,0,0,-,-,,,LOS ANGELES,CARSON,-118.25752013,33.86724011
2959,8401015,2017,2017-08-04,1900,2017-06-07,2230,523558,1614,3,5,5,1977,0,0,0,,0,164,DEL AMO BL,CARSON PLAZA DR,0.0,,Y,A,-,N,,,,,,,,,,Y,4,0,3,2,A,-,09,21801.0,A,N,D,C,A,A,H,-,B,D,0,,,,,Y,,A,01,0,0,3,0,0,0,0,0,0,-,-,,,LOS ANGELES,CARSON,-118.26661005,33.84759003
2960,8400983,2017,2017-08-04,1976,2017-06-13,1841,397,,2,5,5,1976,0,0,0,,0,,CATALINA AV,MILLOU LN,3.0,S,N,A,-,N,,,,,,,,,,Y,4,0,3,3,A,-,09,21801.0,A,N,D,C,A,A,H,-,A,D,0,,,,,Y,,-,-,0,0,3,0,0,0,0,0,0,-,-,,,LOS ANGELES,WHITTIER,-118.01109551,33.96277317
2961,8400932,2017,2017-07-10,1942,2017-06-21,930,41536,0355,3,5,7,1942,0,0,0,C,0,3TL5,SAINT ANDREWS PL,JEFFERSON BL,4.0,S,N,A,-,N,,,,,,,,,,N,4,0,1,2,A,-,08,22100.0,A,F,B,C,A,A,H,-,A,A,0,,,,,Y,,-,99,0,0,1,0,0,0,0,0,0,-,-,,,LOS ANGELES,LOS ANGELES,-118.31203000000001,34.02554
2962,8400697,2017,2017-07-06,1972,2017-05-13,1755,18509,,6,5,6,1972,0,0,0,,0,,LOMITA,CRENSHAW,1100.0,W,N,A,-,N,,,,,,,,,,Y,4,0,1,2,A,-,09,21804.0,A,N,B,C,A,A,H,-,A,A,0,,,,,Y,,A,,0,0,1,0,0,0,0,0,0,-,-,,,LOS ANGELES,TORRANCE,-118.3311787,33.80731378
2963,8400522,2017,2017-07-07,1910,2017-06-13,1906,04169,,2,5,4,1910,0,0,0,,0,005,WILSHIRE BL,N CRESCENT DR,0.0,,Y,A,-,N,,,,,,,,,,N,4,0,1,2,A,-,08,22100.0,A,N,D,C,A,A,H,-,B,A,0,,,,,Y,,A,01,0,0,1,0,0,0,0,0,0,-,-,34.0671,-118.3958,LOS ANGELES,BEVERLY HILLS,-118.39576008,34.06705004
2964,8400497,2017,2017-07-06,1925,2017-06-22,925,21016,207,4,5,6,1925,0,0,0,,0,001,WESTERN AV,VICTORY BL,0.0,,Y,A,-,N,,,,,,,,,,N,4,0,1,2,A,-,10,21950.0,A,N,G,B,B,A,H,-,A,A,0,Y,,,,Y,,A,,0,0,1,0,1,0,0,0,0,-,-,,,LOS ANGELES,GLENDALE,-118.30020007,34.16114007
2965,8400473,2017,2017-07-06,1900,2017-06-17,1605,524146,2714,6,5,4,1974,0,0,0,,0,291K1,VALLEY BL,PIERRE RD,197.0,W,N,A,-,N,,,,,,,,,,Y,4,0,1,3,A,-,08,22100.0,A,N,E,I,A,A,H,-,A,D,0,,,,,Y,,A,08,0,0,1,0,0,0,0,0,0,-,-,,,LOS ANGELES,WALNUT,-117.85026024,34.01544708
2966,8400410,2017,2017-07-24,1925,2017-06-21,2129,25918,2,3,5,6,1925,0,0,0,,0,218,PACIFIC AV,SALEM ST,64.0,N,N,A,-,N,,,,,,,,,,Y,3,0,1,2,A,-,03,22350.0,A,N,C,C,A,A,H,-,C,A,0,,,,,Y,,A,01,0,1,0,0,0,0,0,0,0,-,-,,,LOS ANGELES,GLENDALE,-118.26452373,34.14908549
2967,8400324,2017,2017-08-04,1942,2017-06-17,1900,41703,1008,6,5,7,1942,0,0,0,J,0,10A39,VANOWEN ST,HAYUENHURST AV,40.0,E,N,A,-,N,,,,,,,,,,N,4,0,1,2,A,-,08,22107.0,,F,B,C,A,A,H,-,B,D,0,,,Y,,Y,,-,99,0,0,1,0,0,0,0,0,1,-,-,,,LOS ANGELES,LOS ANGELES,-118.49226798,34.19390216
2968,8400309,2017,2017-07-14,1942,2017-06-03,915,42699,0551,6,5,7,1942,0,0,0,E,0,5A25,WESTERN AV,SUMMERLAND AV,120.0,S,N,B,-,N,,,,,,,,,,N,3,0,1,2,A,-,06,21755.0,A,N,G,G,A,A,H,-,A,D,0,,Y,,,Y,,L,04,0,1,0,0,0,0,1,0,0,-,-,,,LOS ANGELES,LOS ANGELES,-118.30962,33.74680088
2969,8400277,2017,2017-11-15,1942,2017-06-17,340,32180,3,6,5,7,1942,0,0,0,,0,3A99,FIGUEROA ST,30TH ST,0.0,,N,B,-,N,,,,,,,,,,Y,4,0,1,2,A,-,08,22100.0,A,N,B,C,A,A,H,-,C,D,0,,,,,Y,,-,,0,0,1,0,0,0,0,0,0,-,-,,,LOS ANGELES,LOS ANGELES,-118.27800008,34.02506001
2970,8400260,2017,2017-07-07,1916,2017-01-10,742,2378,W39R1,2,5,4,1916,0,0,0,,0,WEST,COVINA BL,FAIRVALLEY AV,0.0,,Y,B,-,N,,,,,,,,,,N,3,0,1,2,A,-,12,22450.0,A,N,D,G,A,A,H,-,A,A,0,,Y,,,Y,,A,01,0,1,0,0,0,0,1,0,0,-,-,,,LOS ANGELES,COVINA,-117.88531011,34.09957002
2971,8400174,2017,2017-07-03,1942,2017-06-12,2205,42840,1826,1,5,7,1942,0,0,0,R,0,18A17,GRAPE ST,103RD ST,0.0,,Y,A,-,N,,,,,,,,,,N,4,0,1,2,A,-,10,21950.0,,F,G,B,B,A,H,-,C,A,0,Y,,,,Y,,-,,0,0,1,0,1,0,0,0,0,-,-,,,LOS ANGELES,LOS ANGELES,-118.23696004,33.94313005
2972,8400171,2017,2017-07-06,1942,2017-06-14,1850,42210,1213,3,5,7,1942,0,0,0,L,0,12A3W3,54TH ST,CIMARRON,0.0,,Y,A,-,N,,,,,,,,,,Y,4,0,1,2,A,-,09,21802.0,A,N,-,C,A,A,H,-,A,A,0,,,,,Y,,A,01,0,0,1,0,0,0,0,0,0,-,-,,,LOS ANGELES,LOS ANGELES,-118.31605013,33.99322012
2973,8399863,2017,2018-04-11,1900,2017-06-28,1025,602354,1012,3,5,3,1995,0,0,0,,0,101T1,RT 1,MALIBU COVE COLONY DR,200.0,N,N,A,-,Y,LA,7.0,1.0,-,-,51.79,H,-,S,N,3,0,1,2,A,-,03,22350.0,,N,B,G,A,A,H,-,A,D,0,,Y,,,Y,,D,22,0,1,0,0,0,0,1,0,0,-,-,34.02575,-118.76603999999999,LOS ANGELES,MALIBU,-118.76592241,34.02572717
2974,8399837,2017,2017-07-06,1920,2017-05-31,1209,12476,,3,5,6,1920,0,0,0,,0,006,DOWNEY AV,ALAMEDA ST,0.0,,Y,A,B,N,,,,,,,,,,N,4,0,1,2,A,-,09,21804.0,A,N,H,G,A,A,H,-,A,A,0,,Y,,,Y,,L,04,0,0,1,0,0,0,1,0,0,-,-,,,LOS ANGELES,DOWNEY,-118.14198002,33.92776001
2975,8399780,2017,2017-07-05,1900,2017-06-13,1705,524698,0612,2,5,6,1985,0,0,0,,0,61T1,WHITES CANYON RD,STILLMORE ST,8.0,N,N,A,-,N,,,,,,,,,,Y,4,0,1,2,A,-,08,22100.0,A,N,D,C,A,A,H,-,A,A,0,,,,,Y,,A,01,0,0,1,0,0,0,0,0,0,-,-,,,LOS ANGELES,SANTA CLARITA,-118.47216999999999,34.41838194
2976,8399770,2017,2017-07-05,1900,2017-06-26,742,517022,0453,1,5,6,1949,0,0,0,,0,43K1AM,ROSECRANS AV,STUDEBAKER RD,181.0,E,N,A,-,N,,,,,,,,,,N,4,0,1,2,A,-,05,21650.0,A,N,D,G,A,A,H,-,A,D,0,,Y,,,Y,,L,04,0,0,1,0,0,0,1,0,0,-,-,,,LOS ANGELES,NORWALK,-118.0995153,33.902029999999996
2977,8399692,2017,2017-07-05,1942,2017-06-20,1700,40193,1917,2,5,7,1942,0,0,0,,0,19TL76,ASTORIA ST,BROMONT AV,50.0,W,N,A,-,N,,,,,,,,,,N,4,0,1,2,A,-,11,21954.0,A,F,G,B,E,A,H,-,A,D,0,Y,,,,Y,,N,60,0,0,1,0,1,0,0,0,0,-,-,,,LOS ANGELES,LOS ANGELES,-118.43888994,34.3114076
2978,8399684,2017,2017-07-05,1942,2017-06-20,1230,37353,1943,2,5,7,1942,0,0,0,,0,10TL36,CHATSWORTH DR,SHARP AV,0.0,,Y,A,-,N,,,,,,,,,,N,2,0,1,2,A,-,05,21650.0,1,N,A,G,A,A,H,-,A,A,0,,Y,,,Y,,A,01,1,0,0,0,0,0,1,0,0,-,-,,,LOS ANGELES,LOS ANGELES,-118.4512101,34.27194009