,CASE_ID,ACCIDENT_YEAR,PROC_DATE,JURIS,COLLISION_DATE,COLLISION_TIME,OFFICER_ID,REPORTING_DISTRICT,DAY_OF_WEEK,CHP_SHIFT,POPULATION,CNTY_CITY_LOC,SPECIAL_COND,BEAT_TYPE,CHP_BEAT_TYPE,CITY_DIVISION_LAPD,CHP_BEAT_CLASS,BEAT_NUMBER,PRIMARY_RD,SECONDARY_RD,DISTANCE,DIRECTION,INTERSECTION,WEATHER_1,WEATHER_2,STATE_HWY_IND,CALTRANS_COUNTY,CALTRANS_DISTRICT,STATE_ROUTE,ROUTE_SUFFIX,POSTMILE_PREFIX,POSTMILE,LOCATION_TYPE,RAMP_INTERSECTION,SIDE_OF_HWY,TOW_AWAY,COLLISION_SEVERITY,NUMBER_KILLED,NUMBER_INJURED,PARTY_COUNT,PRIMARY_COLL_FACTOR,PCF_CODE_OF_VIOL,PCF_VIOL_CATEGORY,PCF_VIOLATION,PCF_VIOL_SUBSECTION,HIT_AND_RUN,TYPE_OF_COLLISION,MVIW,PED_ACTION,ROAD_SURFACE,ROAD_COND_1,ROAD_COND_2,LIGHTING,CONTROL_DEVICE,CHP_ROAD_TYPE,PEDESTRIAN_ACCIDENT,BICYCLE_ACCIDENT,MOTORCYCLE_ACCIDENT,TRUCK_ACCIDENT,NOT_PRIVATE_PROPERTY,ALCOHOL_INVOLVED,STWD_VEHTYPE_AT_FAULT,CHP_VEHTYPE_AT_FAULT,COUNT_SEVERE_INJ,COUNT_VISIBLE_INJ,COUNT_COMPLAINT_PAIN,COUNT_PED_KILLED,COUNT_PED_INJURED,COUNT_BICYCLIST_KILLED,COUNT_BICYCLIST_INJURED,COUNT_MC_KILLED,COUNT_MC_INJURED,PRIMARY_RAMP,SECONDARY_RAMP,LATITUDE,LONGITUDE,COUNTY,CITY,POINT_X,POINT_Y
3603,8352642,2017,2017-06-01,1942,2017-04-17,1533,99395,1488,1,5,7,1942,0,0,0,N,0,5M26,AVIATION BL,CENTURY BL,0.0,,Y,A,-,N,,,,,,,,,,N,4,0,1,2,A,-,09,21804.0,A,N,H,G,A,A,H,-,A,A,0,,Y,,,Y,,L,04,0,0,1,0,0,0,1,0,0,-,-,,,LOS ANGELES,LOS ANGELES,-118.37915004,33.94511008
3604,8352601,2017,2018-07-20,1942,2017-04-17,1700,39741,914,1,5,7,1942,0,0,0,,0,9G21,VESPER AV,VANOWEN ST,0.0,,Y,A,-,N,,,,,,,,,,N,4,0,1,2,A,-,08,22107.0,,N,D,G,A,A,H,-,A,A,0,,Y,,,Y,,A,01,0,0,1,0,0,0,1,0,0,-,-,,,LOS ANGELES,LOS ANGELES,-118.45095013,34.19393001
3605,8352250,2017,2017-06-24,1925,2017-04-06,1456,21601,197,4,5,6,1925,0,0,0,,0,001,GLENOAKS BL,ROSEDALE AV,65.0,E,N,A,-,N,,,,,,,,,,N,4,0,1,2,A,-,08,22107.0,,N,D,G,A,A,H,-,A,D,0,,Y,,,Y,,A,01,0,0,1,0,0,0,1,0,0,-,-,,,LOS ANGELES,GLENDALE,-118.28322799,34.1663032
3606,8352245,2017,2018-04-25,1941,2017-04-18,1224,6291,,2,5,7,1941,0,0,0,,0,,RT 405,LONG BEACH BL,0.0,,Y,A,-,Y,LA,7.0,405.0,-,-,6.166,R,4,N,N,4,0,1,2,D,-,00,,,N,C,C,A,A,H,-,A,A,0,,,,,Y,,-,-,0,0,1,0,0,0,0,0,0,NF,-,,,LOS ANGELES,LONG BEACH,-118.18641462,33.81592237
3607,8351803,2017,2017-05-04,1942,2017-03-26,1350,34426,0203,7,5,7,1942,0,0,0,B,0,24TL51,HOOVER ST,NORMAL AV,70.0,S,N,A,-,N,,,,,,,,,,N,3,0,2,2,A,-,04,21703.0,,N,C,C,A,A,H,-,A,D,0,,,,,Y,,A,07,0,1,1,0,0,0,0,0,0,-,-,,,LOS ANGELES,LOS ANGELES,-118.28448999999999,34.08646802
3608,8351105,2017,2017-05-02,1976,2017-04-10,809,382,,1,5,3,1964,0,0,0,,0,,NORWALK BL,LOS NIETOS RD,7.0,N,N,A,-,N,,,,,,,,,,N,4,0,1,2,A,-,08,22107.0,,N,H,G,A,A,H,-,A,A,0,,Y,,,Y,,A,07,0,0,1,0,0,0,1,0,0,-,-,,,LOS ANGELES,SANTA FE SPRINGS,-118.07140683,33.95750901
3609,8351018,2017,2017-04-28,1920,2017-03-11,1327,12609,,6,5,6,1920,0,0,0,,0,003,FLORENCE AV,OLD RIVER SCHOOL RD,440.0,W,N,A,-,N,,,,,,,,,,N,3,0,1,3,A,-,06,21755.0,,N,B,C,A,A,H,-,A,A,0,,,Y,,Y,,C,02,0,1,0,0,0,0,0,0,1,-,-,,,LOS ANGELES,DOWNEY,-118.14175682,33.95945341
3610,8350990,2017,2017-04-28,1920,2017-03-22,1817,11859,1920,3,5,6,1920,0,0,0,,0,004,LAKEWOOD BL,FLORENCE AV,13.0,N,N,A,-,N,,,,,,,,,,N,3,0,1,2,D,-,00,,,M,G,B,B,A,H,-,A,A,0,Y,,Y,,Y,Y,-,-,0,1,0,0,1,0,0,0,0,-,-,,,LOS ANGELES,DOWNEY,-118.11723184,33.94753228
3611,8350987,2017,2017-04-27,1976,2017-03-21,2130,241,,2,5,3,1964,0,0,0,,0,002,FLORENCE AV,PIONEER BL,9.0,E,N,C,-,N,,,,,,,,,,N,4,0,1,2,D,-,00,,,N,G,B,B,B,H,-,C,A,0,Y,,,,Y,,-,-,0,0,1,0,1,0,0,0,0,-,-,,,LOS ANGELES,SANTA FE SPRINGS,-118.08181039,33.935320000000004
3612,8350867,2017,2017-05-05,1976,2017-03-09,1055,210,,4,5,3,1964,0,0,0,,0,001,NORWALK BL,BELL RANCH DR,0.0,,Y,A,-,N,,,,,,,,,,Y,4,0,1,2,D,-,00,,,N,D,C,A,A,H,-,A,D,0,,,,Y,Y,,-,-,0,0,1,0,0,0,0,0,0,-,-,,,LOS ANGELES,SANTA FE SPRINGS,-118.07271004,33.94996008
3613,8350749,2017,2017-04-26,1902,2017-04-19,1913,728,23,3,5,5,1902,0,0,0,,0,002,DUARTE RD,2ND AV,9.0,W,N,A,-,N,,,,,,,,,,Y,4,0,4,2,A,-,09,21453.0,B,N,D,C,A,A,H,-,A,A,0,,,,,Y,,-,,0,0,4,0,0,0,0,0,0,-,-,,,LOS ANGELES,ARCADIA,-118.0250592,34.13041562
3614,8350712,2017,2017-04-28,1942,2017-02-19,200,25495,0752,7,5,7,1942,0,0,0,G,0,7TL23,LA CIENEGA BL,PACKARD ST,0.0,,Y,A,-,N,,,,,,,,,,Y,4,0,2,2,A,-,08,22100.0,A,N,B,C,A,A,H,-,C,A,0,,,,,Y,,A,01,0,0,2,0,0,0,0,0,0,-,-,,,LOS ANGELES,LOS ANGELES,-118.37620003,34.05507011
3615,8350670,2017,2017-05-04,1902,2017-04-17,1302,761,06,1,5,5,1902,0,0,0,,0,001,BALDWIN AV,FOOTHILL BL,15.0,N,N,A,-,N,,,,,,,,,,N,4,0,1,1,A,-,08,22107.0,,N,E,I,A,A,H,-,A,A,0,,,,,Y,,I,19,0,0,1,0,0,0,0,0,0,-,-,,,LOS ANGELES,ARCADIA,-118.05336778,34.15074109
3616,8350651,2017,2017-04-27,1942,2017-02-22,2100,41268,1445,3,5,7,1942,0,0,0,N,0,14A27,CENTINELA AV,VENICE BL,0.0,,Y,A,-,N,,,,,,,,,,N,3,0,1,2,A,-,08,22107.0,,F,G,G,A,A,H,-,C,A,0,,Y,,,Y,,-,99,0,1,0,0,0,0,1,0,0,-,-,,,LOS ANGELES,LOS ANGELES,-118.43360013,34.00375003
3617,8350643,2017,2017-04-26,1942,2017-02-17,1720,25495,0722,5,5,7,1942,0,0,0,G,0,7T23,ORLANDO AV,3RD ST,7.0,E,N,C,-,N,,,,,,,,,,N,2,0,1,2,A,-,10,21950.0,A,N,G,B,-,B,H,-,A,A,0,Y,,,,Y,,-,-,1,0,0,0,1,0,0,0,0,-,-,,,LOS ANGELES,LOS ANGELES,-118.3732,34.07301
3618,8350612,2017,2017-04-26,1942,2017-02-26,1554,38721,2033,7,5,7,1942,0,0,0,,0,7TL38,WESTERN AV,11TH ST,175.0,S,N,B,-,N,,,,,,,,,,N,3,0,1,2,A,-,08,22107.0,,N,B,G,A,A,H,-,A,D,0,,Y,,,Y,,A,07,0,1,0,0,0,0,1,0,0,-,-,,,LOS ANGELES,LOS ANGELES,,
3619,8350604,2017,2017-04-26,1942,2017-02-24,1855,38090,2042,5,5,7,1942,0,0,0,,0,14TL47,WILTON PL,9TH ST,46.0,S,N,A,-,N,,,,,,,,,,Y,4,0,2,2,A,-,08,22107.0,,N,D,C,A,A,H,-,C,A,0,,,,,Y,,A,01,0,0,2,0,0,0,0,0,0,-,-,,,LOS ANGELES,LOS ANGELES,-118.31425332,34.05571387
3620,8350334,2017,2017-05-08,1941,2017-04-09,1928,10877,,7,5,7,1941,0,0,0,,0,,BROADWAY,ATLANTIC,0.0,,N,A,-,N,,,,,,,,,,N,3,0,1,2,A,-,09,21804.0,A,N,D,B,B,A,H,-,B,A,0,Y,,,,Y,,N,,0,1,0,0,1,0,0,0,0,-,-,,,LOS ANGELES,LONG BEACH,-118.18504009999998,33.76930009
3621,8350231,2017,2017-05-01,1941,2017-04-03,1748,6278,,1,5,7,1941,0,0,0,,0,,ALAMITOS AV,15TH ST,7.0,N,N,A,-,N,,,,,,,,,,N,3,0,1,2,A,-,10,21950.0,A,N,G,B,B,A,H,-,A,A,0,Y,,,,Y,,A,,0,1,0,0,1,0,0,0,0,-,-,,,LOS ANGELES,LONG BEACH,-118.17684402,33.78626854
3622,8350227,2017,2017-05-01,1941,2017-04-02,1705,10015,,7,5,7,1941,0,0,0,,0,,3RD ST,ESPERANZA,0.0,,Y,A,-,N,,,,,,,,,,N,4,0,1,2,A,-,09,21800.0,A,N,D,G,A,A,H,-,A,D,0,,Y,,,Y,,A,,0,0,1,0,0,0,1,0,0,-,-,,,LOS ANGELES,LONG BEACH,-118.17477006,33.76994006
3623,8350219,2017,2017-05-06,1941,2017-04-10,1229,5761,,1,5,7,1941,0,0,0,,0,,WILLOW ST,T I FWY,4.0,E,N,A,-,N,,,,,,,,,,Y,4,0,1,2,A,-,08,22107.0,,N,A,C,A,A,H,-,A,A,0,,,,,Y,,A,,0,0,1,0,0,0,0,0,0,-,-,,,LOS ANGELES,LONG BEACH,,
3624,8350211,2017,2017-04-24,1941,2017-04-10,1226,5523,,1,5,7,1941,0,0,0,,0,,TERMINO AV,ANAHEIM ST,0.0,,Y,A,-,N,,,,,,,,,,N,4,0,1,2,A,-,11,21950.0,B,N,D,G,A,A,H,-,A,A,0,,Y,,,Y,Y,L,,0,0,1,0,0,0,1,0,0,-,-,,,LOS ANGELES,LONG BEACH,-118.14590003,33.78260004
3625,8350191,2017,2017-04-26,1941,2017-04-09,1640,11011,,7,5,7,1941,0,0,0,,0,,5TH ST,PINE AV,22.0,E,N,A,-,N,,,,,,,,,,N,4,0,1,2,A,-,08,22102.0,,N,G,G,A,A,H,-,A,A,0,,Y,,,Y,,A,,0,0,1,0,0,0,1,0,0,-,-,,,LOS ANGELES,LONG BEACH,-118.19229776,33.77295071
3626,8350187,2017,2017-04-24,1941,2017-04-11,1408,5737,,2,5,7,1941,0,0,0,,0,,ANAHEIM,OREGON,10.0,W,N,A,-,N,,,,,,,,,,N,3,0,1,2,A,-,11,21453.0,D,N,D,B,B,A,H,-,A,A,0,Y,,,,Y,,N,,0,1,0,0,1,0,0,0,0,-,-,,,LOS ANGELES,LONG BEACH,-118.20101284,33.78281
3627,8350163,2017,2018-04-24,1941,2017-04-07,1847,10539,,5,5,7,1941,0,0,0,,0,,ATLANTIC AV,RT 91,0.0,,Y,A,-,Y,LA,7.0,91.0,-,R,11.748,R,4,E,N,3,0,1,2,A,-,09,21453.0,B,F,-,G,A,A,H,-,A,A,0,,Y,,,Y,,A,,0,1,0,0,0,0,1,0,0,-,EF,,,LOS ANGELES,LONG BEACH,-118.19180569,33.87601975
3628,8349898,2017,2017-05-02,1900,2017-04-15,1152,546182,1132,6,5,6,1992,0,0,0,,0,112T2,DIVISION ST,PONDERA ST,117.0,S,N,A,-,N,,,,,,,,,,N,3,0,2,2,A,-,09,21804.0,A,N,B,C,A,A,H,-,A,D,0,,,,,Y,,A,07,0,2,0,0,0,0,0,0,0,-,-,,,LOS ANGELES,LANCASTER,-118.13035903,34.68986928
3629,8349882,2017,2017-05-02,1900,2017-04-11,956,546182,1135,2,5,6,1992,0,0,0,,0,112T2,20TH ST EAST,PRIVATE DR,18.0,S,N,A,-,N,,,,,,,,,,N,4,0,1,2,A,-,09,21453.0,B,N,G,B,B,A,H,-,A,A,0,Y,,,,Y,,A,01,0,0,1,0,1,0,0,0,0,-,-,,,LOS ANGELES,LANCASTER,,
3630,8349877,2017,2017-05-09,1942,2017-04-13,1100,26281,0636,4,5,7,1942,0,0,0,F,0,7MQ56,YUCCA ST,CAHUENGA BL,0.0,,Y,A,-,N,,,,,,,,,,N,4,0,1,2,B,-,22,,,N,G,B,B,A,H,-,A,A,0,Y,,,,Y,,-,-,0,0,1,0,1,0,0,0,0,-,-,,,LOS ANGELES,LOS ANGELES,-118.32968999999999,34.10392007
3631,8349854,2017,2017-05-02,1900,2017-04-12,1312,546182,1122,3,5,6,1992,0,0,0,,0,12T2,AVENUE J,10TH ST WEST,160.0,E,N,A,-,N,,,,,,,,,,N,4,0,2,2,D,-,00,,,N,B,C,A,A,H,-,A,A,0,,,,,Y,,-,-,0,0,2,0,0,0,0,0,0,-,-,,,LOS ANGELES,LANCASTER,-118.14748886,34.68945
3632,8349834,2017,2017-05-04,1925,2017-04-12,2018,22342,242,3,5,6,1925,0,0,0,,0,003,E HARVARD ST,S VERDUGO RD,32.0,W,N,A,-,N,,,,,,,,,,N,4,0,1,2,A,-,08,22107.0,,M,B,C,A,A,H,-,C,A,0,,,,Y,Y,Y,F,26,0,0,1,0,0,0,0,0,0,-,-,,,LOS ANGELES,GLENDALE,-118.23462552,34.14440824
3633,8349741,2017,2017-05-01,1965,2017-04-19,1147,3866,0B3C,3,5,5,1965,0,0,0,,0,B003,BROADWAY,17TH ST,0.0,,Y,A,-,N,,,,,,,,,,N,4,0,1,2,A,-,03,22350.0,,N,H,G,A,A,H,-,A,A,0,,Y,,,Y,,L,04,0,0,1,0,0,0,1,0,0,-,-,37.01627,-121.00405,LOS ANGELES,SANTA MONICA,-118.48133003,34.02507002
3634,8349642,2017,2017-05-01,1942,2017-03-23,230,41060,1802,4,5,7,1942,0,0,0,R,0,18E15,MANCHESTER,MAIN ST,0.0,,Y,A,-,N,,,,,,,,,,Y,4,0,2,2,A,-,12,21453.0,A,N,D,C,A,A,H,-,B,A,0,,,Y,,Y,,C,02,0,0,2,0,0,0,0,0,0,-,-,,,LOS ANGELES,LOS ANGELES,-118.27388,33.96009008
3635,8349391,2017,2017-04-20,1900,2017-04-08,130,552548,2617,6,5,6,1950,0,0,0,,0,262T1,50TH ST WEST,AVENUE M,0.0,,Y,A,-,N,,,,,,,,,,Y,4,0,2,2,A,-,01,23152.0,A,N,D,C,A,B,H,-,C,A,0,,,,,Y,Y,A,01,0,0,2,0,0,0,0,0,0,-,-,,,LOS ANGELES,PALMDALE,-118.04089009999998,34.6460201
3636,8349353,2017,2017-04-24,1942,2017-04-02,1701,40643,1333,7,5,7,1942,0,0,0,M,0,1701,28TH ST,TRINITY ST,38.0,E,N,A,-,N,,,,,,,,,,Y,3,0,1,2,A,-,08,22107.0,,M,A,E,A,A,H,-,A,D,0,,,,,Y,,A,01,0,1,0,0,0,0,0,0,0,-,-,,,LOS ANGELES,LOS ANGELES,-118.26421292,34.02076605
3637,8349318,2017,2017-05-16,1941,2017-04-09,1219,5502,,7,5,7,1941,0,0,0,,0,,MAGNOLIA,ANAHEIM,21.0,S,N,A,-,N,,,,,,,,,,N,4,0,1,2,C,-,18,,,N,H,C,A,A,H,-,A,A,0,,,,,Y,,-,-,0,0,1,0,0,0,0,0,0,-,-,,,LOS ANGELES,LONG BEACH,-118.19803152,33.78254242
3638,8349208,2017,2017-04-24,1900,2017-03-17,2203,570899,2618,5,5,6,1950,0,0,0,,0,264T1,RANCHO VISTA BL,10TH ST W,0.0,,Y,A,-,N,,,,,,,,,,N,4,0,1,2,A,-,11,21456.0,B,N,G,B,B,A,H,-,C,A,0,Y,,,,Y,,N,60,0,0,1,0,1,0,0,0,0,-,-,,,LOS ANGELES,PALMDALE,,
3639,8349135,2017,2017-04-20,1900,2017-03-16,1530,478216,1413,4,5,1,1932,0,0,0,,0,141TC,6TH AV,VALLEY BL,215.0,S,N,A,-,N,,,,,,,,,,N,3,0,1,2,A,-,06,21750.0,A,N,D,C,A,A,H,-,A,D,0,,,Y,,Y,,C,02,0,1,0,0,0,0,0,0,1,-,-,,,LOS ANGELES,INDUSTRY,-117.97872749,34.03684319
3640,8349081,2017,2018-03-21,1965,2017-04-10,1455,3158,0B2A,1,5,5,1965,0,0,0,,0,B001,LINCOLN BL,OCEAN PARK BL,230.0,S,N,A,-,N,,,,,,,,,,Y,4,0,1,2,A,-,06,21755.0,,N,B,C,A,A,H,-,A,A,0,,,Y,,Y,,C,02,0,0,1,0,0,0,0,0,1,-,-,36.99814,-120.99926,LOS ANGELES,SANTA MONICA,-118.47575211,34.00653247
3641,8349011,2017,2018-03-21,1941,2017-04-05,515,5307,,3,5,7,1941,0,0,0,,0,,LOS COYOTES DIAGONAL,BELLFLOWER,0.0,,Y,A,-,N,,,,,,,,,,Y,3,0,1,2,A,-,08,22108.0,,N,C,C,A,A,H,-,C,A,0,,,,,Y,,A,,0,1,0,0,0,0,0,0,0,-,-,,,LOS ANGELES,LONG BEACH,-118.12537003,33.80228005
3642,8349005,2017,2017-08-04,1942,2017-03-14,2315,36703,0313,2,5,7,1942,0,0,0,C,0,3A41,ADAMS,10TH AV,75.0,W,N,A,-,N,,,,,,,,,,N,4,0,1,2,A,-,08,22100.0,A,F,B,C,A,A,H,-,C,D,0,,,,,Y,,A,01,0,0,1,0,0,0,0,0,0,-,-,,,LOS ANGELES,LOS ANGELES,-118.32866707,34.03261
3643,8348963,2017,2017-08-04,1969,2017-03-19,1101,10125,,7,5,5,1969,0,0,0,,0,PATROL,FIRESTONE BL,OTIS ST,0.0,,Y,A,-,N,,,,,,,,,,,4,0,1,2,A,-,10,21950.0,A,N,G,B,B,A,H,-,A,A,0,Y,,,,Y,,-,,0,0,1,0,1,0,0,0,0,-,-,,,LOS ANGELES,SOUTH GATE,-118.19652012,33.9532601
3644,8348915,2017,2018-03-21,1942,2017-04-04,1900,40099,0659,2,5,7,1942,0,0,0,F,0,24TL54,SUNSET BL,HOBART ST,3.0,E,N,A,-,N,,,,,,,,,,N,3,0,1,2,A,-,08,22107.0,,N,D,G,A,A,H,-,A,A,0,,Y,,,Y,,A,07,0,1,0,0,0,0,1,0,0,-,-,,,LOS ANGELES,LOS ANGELES,-118.30560012,34.09812028
3645,8348819,2017,2018-03-21,1942,2017-04-11,1750,42439,1535,2,5,7,1942,0,0,0,O,0,9A63,TUJUNGA AV,CALIFA ST,0.0,,Y,A,-,N,,,,,,,,,,N,3,0,1,2,A,-,12,22450.0,A,F,H,I,A,A,H,-,A,A,0,,,Y,,Y,,-,99,0,1,0,0,0,0,0,0,1,-,-,,,LOS ANGELES,LOS ANGELES,-118.37904013,34.17761006
3646,8348792,2017,2018-02-16,1976,2017-03-31,1717,370,,5,5,5,1976,0,0,0,,0,002,PHILADELPHIA ST,WHITTIER BL,12.0,E,N,A,-,Y,LA,7.0,72.0,-,-,5.146,I,6,N,N,4,0,1,2,A,-,03,22350.0,,N,C,C,A,A,H,-,A,A,0,,,,,Y,,A,01,0,0,1,0,0,0,0,0,0,-,-,,,LOS ANGELES,WHITTIER,-118.04944756,33.97939365
3647,8348698,2017,2018-01-06,1972,2017-03-22,2034,18263,,3,5,6,1972,0,0,0,,0,,HAWTHORNE,TALISMAN,0.0,,Y,A,-,Y,LA,7.0,107.0,-,-,3.455,I,6,N,N,4,0,1,2,A,-,09,21804.0,B,N,D,G,A,A,H,-,C,A,0,,Y,,,Y,,L,,0,0,1,0,0,0,1,0,0,-,-,,,LOS ANGELES,TORRANCE,-118.35362275,33.85509258
3648,8348684,2017,2017-08-04,1942,2017-02-24,810,38137,1353,5,5,7,1942,0,0,0,M,0,13A9,WADSWORTH AV,VERNON AV,0.0,,Y,A,-,N,,,,,,,,,,N,4,0,1,2,A,-,05,21650.0,1,N,D,G,A,A,H,-,A,A,0,,Y,,,Y,,-,,0,0,1,0,0,0,1,0,0,-,-,,,LOS ANGELES,LOS ANGELES,-118.25881002,34.00392003
3649,8348547,2017,2017-04-28,1942,2017-04-01,1845,40762,0317,6,5,7,1942,0,0,0,C,0,5T25,VERMONT AV,25TH ST,30.0,S,N,A,-,N,,,,,,,,,,N,4,0,1,2,A,-,06,21754.0,,N,B,C,A,A,H,-,A,A,0,,,Y,,Y,,C,02,0,0,1,0,0,0,0,0,1,-,-,,,LOS ANGELES,LOS ANGELES,,
3650,8348487,2017,2017-04-28,1942,2017-04-13,2215,42069,0361,4,5,7,1942,0,0,0,C,0,3A92,LA BREA AV,RODEO RD,5.0,S,N,A,-,N,,,,,,,,,,N,4,0,1,2,A,-,05,21650.0,1,N,D,G,A,A,H,-,C,A,0,,Y,,,Y,,L,04,0,0,1,0,0,0,1,0,0,-,-,,,LOS ANGELES,LOS ANGELES,-118.35560987,34.02151629
3651,8348302,2017,2017-04-27,1942,2017-03-31,2100,41870,0311,5,5,7,1942,0,0,0,C,0,18T23,SMILEY DR,SPAULDING AV,20.0,W,N,A,-,N,,,,,,,,,,N,4,0,2,2,A,-,03,22350.0,,N,A,C,A,A,H,-,C,D,0,,,,,Y,Y,A,01,0,0,2,0,0,0,0,0,0,-,-,,,LOS ANGELES,LOS ANGELES,-118.36959266,34.03091696
3652,8348257,2017,2017-04-27,1942,2017-01-28,1010,41003,0737,6,5,7,1942,0,0,0,G,0,7T23,OHIO AV,SEPULVEDA BL,0.0,,Y,A,-,N,,,,,,,,,,N,3,0,1,2,A,-,08,22107.0,,F,B,G,A,A,H,-,A,A,0,,Y,,,Y,,-,99,0,1,0,0,0,0,1,0,0,-,-,,,LOS ANGELES,LOS ANGELES,-118.44665002,34.05038002
3653,8347697,2017,2017-04-24,1942,2017-03-31,1850,41957,1495,5,5,7,1942,0,0,0,N,0,6T7,WESTCHESTER WY,JENNY AV,0.0,,Y,A,-,N,,,,,,,,,,Y,3,0,4,4,A,-,09,21801.0,A,N,D,B,F,A,H,-,A,A,0,Y,,,,Y,,A,01,0,1,3,0,1,0,0,0,0,-,-,,,LOS ANGELES,LOS ANGELES,-118.38927005,33.95264009
3654,8347693,2017,2017-04-26,1942,2017-03-29,1335,41376,1494,3,5,7,1942,0,0,0,N,0,6TL7,MAIN ST,IMPERIAL HWY,0.0,,Y,A,-,N,,,,,,,,,,Y,3,0,3,3,A,-,12,21453.0,A,N,D,C,A,A,H,-,A,A,0,,,,,Y,,-,-,0,1,2,0,0,0,0,0,0,-,-,,,LOS ANGELES,LOS ANGELES,-118.41597012,33.93146001
3655,8347614,2017,2017-04-27,1942,2017-03-31,2145,41919,1821,5,5,7,1942,0,0,0,R,0,18T23,FIGUEROA ST,104TH ST,51.0,N,N,A,-,N,,,,,,,,,,Y,4,0,1,2,A,-,05,21651.0,A,F,A,C,A,A,H,-,C,A,0,,,,,Y,,A,07,0,0,1,0,0,0,0,0,0,-,-,,,LOS ANGELES,LOS ANGELES,-118.28263000000001,33.94245987
3656,8347592,2017,2017-04-24,1942,2017-03-22,1100,26281,2055,3,5,7,1942,0,0,0,,0,7MQL56,OLYMPIC BL,FEDORA ST,50.0,W,N,A,-,N,,,,,,,,,,Y,4,0,3,2,A,-,09,21804.0,A,N,D,C,A,A,H,-,A,D,0,,,,,Y,,-,,0,0,3,0,0,0,0,0,0,-,-,,,LOS ANGELES,LOS ANGELES,-118.29807475,34.05265
3657,8347548,2017,2017-04-24,1942,2017-03-23,655,39590,2019,4,5,7,1942,0,0,0,,0,20TL59,BEVERLY BL,1ST ST,0.0,,Y,A,-,N,,,,,,,,,,N,3,0,1,2,A,-,12,21453.0,A,N,B,C,A,A,H,-,A,A,0,,,,,Y,,A,01,0,1,0,0,0,0,0,0,0,-,-,,,LOS ANGELES,LOS ANGELES,-118.28560008,34.07351001
3658,8347485,2017,2017-04-20,1942,2017-01-14,1930,40487,0249,6,5,7,1942,0,0,0,B,0,20L90,WILSHIRE BL,BEAUDRY AV,0.0,,Y,A,-,N,,,,,,,,,,N,4,0,1,2,A,-,00,20015.0,A,F,D,C,A,A,H,-,C,A,0,,,,,Y,,-,99,0,0,1,0,0,0,0,0,0,-,-,,,LOS ANGELES,LOS ANGELES,-118.26147003,34.05150002
3659,8347293,2017,2017-04-17,1942,2017-04-06,2205,39410,1014,4,5,7,1942,0,0,0,J,0,15T49,VICTORY BL,RESEDA BL,8.0,E,N,A,-,N,,,,,,,,,,Y,3,0,2,3,A,-,01,23152.0,A,N,G,B,B,A,H,-,A,A,0,Y,,,,Y,,A,01,0,1,1,0,2,0,0,0,0,-,-,,,LOS ANGELES,LOS ANGELES,-118.5359936,34.18656964
3660,8347251,2017,2017-04-17,1942,2017-04-05,1250,38356,1663,3,5,7,1942,0,0,0,P,0,16TL26,SHELDON ST,LAUREL CYN BL,3.0,W,N,A,-,N,,,,,,,,,,N,4,0,1,2,A,-,10,21950.0,A,N,G,B,B,A,H,-,A,A,0,Y,,,,Y,,A,01,0,0,1,0,1,0,0,0,0,-,-,,,LOS ANGELES,LOS ANGELES,-118.40373766,34.23195478
3661,8347240,2017,2017-04-21,1941,2017-04-01,1930,6135,,6,5,7,1941,0,0,0,,0,,LOS COYOTES DIAGONAL,CARSON ST,3.0,S,N,A,-,N,,,,,,,,,,N,4,0,1,2,-,-,-,,,N,A,G,A,A,H,-,C,A,0,,Y,,,Y,,-,-,0,0,1,0,0,0,1,0,0,-,-,,,LOS ANGELES,LONG BEACH,-118.09891245,33.83229203
3662,8347239,2017,2018-04-25,1942,2017-04-01,2020,38185,1656,6,5,7,1942,0,0,0,P,0,16T23,SUNLAND BL,RT 210,30.0,E,N,A,-,Y,LA,7.0,210.0,-,R,10.927999999999999,R,4,W,Y,4,0,1,2,A,-,01,23152.0,A,N,C,C,A,A,H,-,C,A,0,,,,,Y,Y,A,01,0,0,1,0,0,0,0,0,0,-,-,,,LOS ANGELES,LOS ANGELES,-118.33168658,34.26183114
3663,8347236,2017,2017-04-17,1941,2017-04-01,1812,10952,,6,5,7,1941,0,0,0,,0,,PACIFIC AV,1ST ST,0.0,,Y,A,-,N,,,,,,,,,,N,4,0,1,2,A,-,08,22107.0,,N,G,B,F,A,H,-,A,D,0,Y,,,,Y,,E,,0,0,1,0,1,0,0,0,0,-,-,,,LOS ANGELES,LONG BEACH,-118.19374008,33.76807009
3664,8347235,2017,2017-04-17,1942,2017-04-05,1330,40165,1017,3,5,7,1942,0,0,0,J,0,9TL56,LASAINE AV,VALERIO ST,6.0,S,N,A,-,N,,,,,,,,,,N,4,0,3,2,A,-,09,21802.0,A,F,D,C,A,A,H,-,A,A,0,,,,,Y,,-,99,0,0,3,0,0,0,0,0,0,-,-,,,LOS ANGELES,LOS ANGELES,-118.51091000000001,34.20541354
3665,8347219,2017,2017-04-17,1942,2017-04-06,1244,39058,0764,4,5,7,1942,0,0,0,G,0,20TL56,REDONDO BL,PICO BL,7.0,S,N,A,-,N,,,,,,,,,,N,3,0,1,2,A,-,09,21804.0,A,N,D,G,A,A,H,-,A,A,0,,Y,,,Y,,L,04,0,1,0,0,0,0,1,0,0,-,-,,,LOS ANGELES,LOS ANGELES,-118.34928716,34.04798175