,CASE_ID,ACCIDENT_YEAR,PROC_DATE,JURIS,COLLISION_DATE,COLLISION_TIME,OFFICER_ID,REPORTING_DISTRICT,DAY_OF_WEEK,CHP_SHIFT,POPULATION,CNTY_CITY_LOC,SPECIAL_COND,BEAT_TYPE,CHP_BEAT_TYPE,CITY_DIVISION_LAPD,CHP_BEAT_CLASS,BEAT_NUMBER,PRIMARY_RD,SECONDARY_RD,DISTANCE,DIRECTION,INTERSECTION,WEATHER_1,WEATHER_2,STATE_HWY_IND,CALTRANS_COUNTY,CALTRANS_DISTRICT,STATE_ROUTE,ROUTE_SUFFIX,POSTMILE_PREFIX,POSTMILE,LOCATION_TYPE,RAMP_INTERSECTION,SIDE_OF_HWY,TOW_AWAY,COLLISION_SEVERITY,NUMBER_KILLED,NUMBER_INJURED,PARTY_COUNT,PRIMARY_COLL_FACTOR,PCF_CODE_OF_VIOL,PCF_VIOL_CATEGORY,PCF_VIOLATION,PCF_VIOL_SUBSECTION,HIT_AND_RUN,TYPE_OF_COLLISION,MVIW,PED_ACTION,ROAD_SURFACE,ROAD_COND_1,ROAD_COND_2,LIGHTING,CONTROL_DEVICE,CHP_ROAD_TYPE,PEDESTRIAN_ACCIDENT,BICYCLE_ACCIDENT,MOTORCYCLE_ACCIDENT,TRUCK_ACCIDENT,NOT_PRIVATE_PROPERTY,ALCOHOL_INVOLVED,STWD_VEHTYPE_AT_FAULT,CHP_VEHTYPE_AT_FAULT,COUNT_SEVERE_INJ,COUNT_VISIBLE_INJ,COUNT_COMPLAINT_PAIN,COUNT_PED_KILLED,COUNT_PED_INJURED,COUNT_BICYCLIST_KILLED,COUNT_BICYCLIST_INJURED,COUNT_MC_KILLED,COUNT_MC_INJURED,PRIMARY_RAMP,SECONDARY_RAMP,LATITUDE,LONGITUDE,COUNTY,CITY,POINT_X,POINT_Y
4103,8309697,2017,2017-02-23,1942,2017-01-06,1730,40476,2062,5,5,7,1942,0,0,0,,0,20XL6,MANHATTAN PL,OLYMPIC BL,5.0,N,N,A,-,N,,,,,,,,,,N,3,0,1,2,A,-,10,21950.0,A,N,G,B,B,A,H,-,C,A,0,Y,,,,Y,,A,01,0,1,0,0,1,0,0,0,0,-,-,,,LOS ANGELES,LOS ANGELES,-118.31013015,34.05266371
4104,8309674,2017,2017-02-22,1942,2017-02-12,1430,39058,2069,7,5,7,1942,0,0,0,,0,20TL56,11TH ST,WESTMORELAND AV,29.0,E,N,A,-,N,,,,,,,,,,Y,3,0,2,3,A,-,01,23152.0,A,N,D,C,A,A,H,-,A,D,0,,,,,Y,Y,A,01,0,1,1,0,0,0,0,0,0,-,-,,,LOS ANGELES,LOS ANGELES,-118.28900446,34.05079126
4105,8309542,2017,2017-03-03,1942,2017-02-04,520,3926,2015,6,5,7,1942,0,0,0,,0,20A1,VERMONT AV,BEVERLY BL,0.0,,Y,A,-,N,,,,,,,,,,Y,4,0,1,3,A,-,03,22350.0,,N,D,C,A,A,H,-,A,D,0,,,,,Y,,A,01,0,0,1,0,0,0,0,0,0,-,-,,,LOS ANGELES,LOS ANGELES,-118.29169011,34.07632002
4106,8308942,2017,2017-02-22,1942,2017-01-31,40,36305,1249,2,5,7,1942,0,0,0,L,0,12L40,GAGE AV,FIGUEROA ST,4.0,E,N,A,-,N,,,,,,,,,,N,2,0,1,2,A,-,10,21950.0,A,N,G,B,B,A,H,-,A,D,0,Y,,,,Y,,A,01,1,0,0,0,1,0,0,0,0,-,-,,,LOS ANGELES,LOS ANGELES,-118.28265683,33.98238
4107,8308926,2017,2017-02-22,1942,2017-01-23,1615,37724,1259,1,5,7,1942,0,0,0,L,0,12T73,STANFORD AV,FLORENCE,20.0,S,N,A,-,N,,,,,,,,,,Y,4,0,1,2,A,-,03,22350.0,,F,D,C,A,A,H,-,A,D,0,,,,,Y,,-,99,0,0,1,0,0,0,0,0,0,-,-,,,LOS ANGELES,LOS ANGELES,-118.26298999999999,33.97466515
4108,8308800,2017,2017-02-16,1942,2017-02-07,1950,40542,1774,2,5,7,1942,0,0,0,Q,0,16T23,LASSEN ST,LINDSEY AV,20.0,E,N,C,-,N,,,,,,,,,,N,4,0,1,2,A,-,10,21950.0,A,N,G,B,B,B,H,-,C,D,0,Y,,,,Y,,A,01,0,0,1,0,1,0,0,0,0,-,-,,,LOS ANGELES,LOS ANGELES,-118.52728394,34.25000103
4109,8308799,2017,2017-02-15,1942,2017-02-03,940,40388,2187,5,5,7,1942,0,0,0,,0,16T23,VENTURA BL,DON PIO DR,0.0,,Y,B,C,N,,,,,,,,,,N,4,0,1,2,A,-,10,21950.0,A,F,G,B,B,B,H,-,A,A,0,Y,,,,Y,,-,99,0,0,1,0,1,0,0,0,0,-,-,,,LOS ANGELES,LOS ANGELES,-118.60383007,34.16845008
4110,8308755,2017,2017-02-15,1942,2017-02-06,845,27260,1791,1,5,7,1942,0,0,0,Q,0,19TL75,OSO AV,COMMUNITY ST,9.0,N,N,C,-,N,,,,,,,,,,Y,4,0,3,2,A,-,12,22450.0,A,F,D,C,A,B,H,-,A,A,0,,,,,Y,,-,99,0,0,3,0,0,0,0,0,0,-,-,,,LOS ANGELES,LOS ANGELES,-118.57542008,34.22140469
4111,8308752,2017,2017-02-16,1942,2017-02-01,1800,39083,1529,3,5,7,1942,0,0,0,O,0,15A43,VICTORY BL,CAHUENGA BL,0.0,,Y,A,-,N,,,,,,,,,,Y,4,0,1,2,A,-,07,21658.0,A,N,B,C,A,A,H,-,C,A,0,,,Y,,Y,,C,02,0,0,1,0,0,0,0,0,1,-,-,,,LOS ANGELES,LOS ANGELES,-118.36158999999999,34.18600007
4112,8308718,2017,2017-02-22,1942,2017-01-22,1905,37304,1781,7,5,7,1942,0,0,0,Q,0,9T57,WINNETKA AV,NORDHOFF ST,0.0,,Y,B,C,N,,,,,,,,,,Y,3,0,4,3,A,-,12,21453.0,A,N,D,C,A,B,H,-,C,A,0,,,,,Y,,D,22,0,1,3,0,0,0,0,0,0,-,-,,,LOS ANGELES,LOS ANGELES,-118.57106006,34.23180008
4113,8308670,2017,2017-02-27,1942,2017-02-03,1730,39465,1049,5,5,7,1942,0,0,0,J,0,10EL2,HAYVENHURST AV,BURBANK BL,0.0,,Y,B,C,N,,,,,,,,,,Y,4,0,2,3,A,-,03,22350.0,,N,A,C,A,B,H,-,B,A,0,,,Y,Y,Y,,A,01,0,0,2,0,0,0,0,0,1,-,-,,,LOS ANGELES,LOS ANGELES,-118.49235011,34.1671201
4114,8308649,2017,2017-02-16,1942,2017-02-05,1800,40972,1015,7,5,7,1942,0,0,0,J,0,9T57,VALERIO ST,RESEDA BL,3.0,W,N,A,-,N,,,,,,,,,,N,4,0,1,2,A,-,05,21650.0,1,N,D,C,A,A,H,-,C,D,0,,Y,,,Y,,L,04,0,0,1,0,0,0,1,0,0,-,-,,,LOS ANGELES,LOS ANGELES,-118.53605990000001,34.20475017
4115,8308621,2017,2017-02-17,1942,2017-01-05,820,40690,0647,4,5,7,1942,0,0,0,F,0,6TL11,GOWER ST,HOLLYWOOD BL,0.0,,Y,B,C,N,,,,,,,,,,N,4,0,1,2,A,-,10,21950.0,A,N,G,B,B,B,H,-,A,A,0,Y,,,,Y,,A,01,0,0,1,0,1,0,0,0,0,-,-,,,LOS ANGELES,LOS ANGELES,-118.32239002,34.10165006
4116,8308614,2017,2017-02-21,1942,2017-01-15,1035,36238,1307,7,5,7,1942,0,0,0,M,0,24TL25,KOHLER ST,OLYMPIC BL,12.0,N,N,B,-,N,,,,,,,,,,N,4,0,1,2,A,-,10,21950.0,A,F,G,B,B,A,H,-,A,D,0,Y,,,,Y,,-,99,0,0,1,0,1,0,0,0,0,-,-,,,LOS ANGELES,LOS ANGELES,-118.2459267,34.03356659
4117,8308593,2017,2017-03-09,1942,2017-01-19,1940,42638,0625,4,5,7,1942,0,0,0,F,0,6A45,MULHOLLAND DR,CAHUENGA BL,0.0,,Y,A,-,N,,,,,,,,,,Y,3,0,1,3,A,-,12,22450.0,,N,D,C,A,A,H,-,D,A,0,,,,,Y,,A,01,0,1,0,0,0,0,0,0,0,-,-,,,LOS ANGELES,LOS ANGELES,-118.34212011,34.12309004
4118,8308581,2017,2018-02-07,1942,2017-01-04,1015,40899,0668,3,5,7,1942,0,0,0,F,0,6TL7,LEXINGTON AV,RT 101,0.0,,Y,A,-,Y,LA,7.0,101.0,-,-,5.881,R,4,S,Y,4,0,1,2,A,-,12,22450.0,A,F,C,C,A,A,H,-,A,A,0,,,,,Y,,-,99,0,0,1,0,0,0,0,0,0,-,SF,,,LOS ANGELES,LOS ANGELES,-118.31023226,34.09425724
4119,8308117,2017,2017-03-30,1942,2017-03-07,1035,30830,1589,2,5,7,1942,0,0,0,O,0,16TL23,BARHAM BL,FOREST LAWN DR,110.0,N,N,A,-,N,,,,,,,,,,N,4,0,1,2,A,-,09,21803.0,A,N,B,C,A,A,H,-,A,A,0,,,,,Y,,A,01,0,0,1,0,0,0,0,0,0,-,-,,,LOS ANGELES,LOS ANGELES,-118.34132276,34.14345798
4120,8307836,2017,2017-05-04,1942,2017-01-26,625,36826,13853,4,5,7,1942,0,0,0,M,0,13A93,S BROADWAY ST,S BROADWAY ST 5966,0.0,,N,A,-,N,,,,,,,,,,Y,4,0,1,3,A,-,08,22107.0,,F,B,C,A,A,H,-,A,D,0,,,,,Y,,-,,0,0,1,0,0,0,0,0,0,-,-,,,LOS ANGELES,LOS ANGELES,,
4121,8307749,2017,2017-03-22,1942,2017-01-31,818,03566,1494,2,5,7,1942,0,0,0,N,0,5M22,CENTER WY S,CENTER WY,19.0,N,N,A,-,N,,,,,,,,,,N,4,0,1,2,A,-,08,22101.0,D,N,D,C,A,A,H,-,A,A,0,,,,,Y,,A,01,0,0,1,0,0,0,0,0,0,-,-,,,LOS ANGELES,LOS ANGELES,-118.40798763,33.94372377
4122,8307447,2017,2017-03-17,1975,2017-01-31,603,991,,2,5,6,1975,0,0,0,,0,002,GRAND AV,HOLT AV,0.0,,Y,A,-,N,,,,,,,,,,Y,4,0,1,2,A,-,09,21801.0,A,N,B,C,A,A,H,-,B,A,0,,,,,Y,,A,01,0,0,1,0,0,0,0,0,0,-,-,34.06757,-117.87212,LOS ANGELES,WEST COVINA,-117.87225003,34.06913005
4123,8307221,2017,2017-03-07,1942,2017-02-08,1425,42355,1942,3,5,7,1942,0,0,0,,0,12A73,CENTURY,WESTERN,0.0,,Y,B,-,N,,,,,,,,,,N,4,0,1,2,A,-,09,21806.0,A,N,B,C,A,A,H,-,A,A,0,,,,,Y,,A,01,0,0,1,0,0,0,0,0,0,-,-,,,LOS ANGELES,LOS ANGELES,-118.30903014,33.94545005
4124,8307048,2017,2017-08-04,1942,2017-02-07,2050,42155,1257,2,5,7,1942,0,0,0,L,0,3T5,77TH ST,FIGUEROA ST,0.0,,Y,C,-,N,,,,,,,,,,N,3,0,1,2,A,-,10,21950.0,A,F,G,B,C,B,H,-,C,D,0,Y,,,,Y,,-,99,0,1,0,0,1,0,0,0,0,-,-,,,LOS ANGELES,LOS ANGELES,-118.28272004,33.96980009
4125,8306856,2017,2017-03-06,1942,2017-02-10,2024,42431,0854,5,5,7,1942,0,0,0,H,0,8A29W3,S SEPULVEDA BL,SANTA MONICA BL,0.0,,Y,C,-,N,,,,,,,,,,N,4,0,1,2,A,-,08,22100.0,A,N,B,C,A,B,H,-,C,A,0,,,,,Y,,A,07,0,0,1,0,0,0,0,0,0,-,-,,,LOS ANGELES,LOS ANGELES,-118.44429008,34.04764006
4126,8306706,2017,2017-09-05,1900,2017-01-30,1800,442237,1121,1,5,6,1992,0,0,0,,0,112T1,AVENUE H,AVENUE H 803,0.0,W,N,A,-,N,,,,,,,,,,N,3,0,1,2,A,-,08,22107.0,,N,D,G,A,A,H,-,B,D,0,,Y,,,Y,,A,01,0,1,0,0,0,0,1,0,0,-,-,,,LOS ANGELES,LANCASTER,,
4127,8306656,2017,2017-08-04,1942,2017-01-17,1635,37966,0738,2,5,7,1942,0,0,0,G,0,6TL4,WILSHIRE BL,CITRUS AV,88.0,E,N,A,-,N,,,,,,,,,,N,4,0,1,2,A,-,05,21650.0,1,N,D,G,A,A,H,-,A,D,0,,Y,,,Y,,L,04,0,0,1,0,0,0,1,0,0,-,-,,,LOS ANGELES,LOS ANGELES,-118.33939026,34.06214
4128,8306587,2017,2017-02-17,1925,2017-01-18,1000,14089,222,3,5,6,1925,0,0,0,,0,002,ORANGE ST,MILFORD ST,285.0,N,N,A,-,N,,,,,,,,,,N,4,0,1,2,A,-,11,21955.0,,N,G,B,D,A,H,-,A,D,0,Y,,,,Y,,N,60,0,0,1,0,1,0,0,0,0,-,-,,,LOS ANGELES,GLENDALE,-118.25651909,34.15370155
4129,8306383,2017,2017-02-27,1900,2017-01-14,143,494990,0454,6,5,6,1949,0,0,0,,0,43T1,BLOOMFIELD AV,HACIENDA DR,0.0,,Y,A,-,N,,,,,,,,,,Y,4,0,3,2,A,-,09,21802.0,A,N,D,-,A,A,H,-,C,A,0,,,,,Y,,A,01,0,0,3,0,0,0,0,0,0,-,-,,,LOS ANGELES,NORWALK,-118.06467009999999,33.91370009
4130,8306076,2017,2018-01-06,1955,2017-01-24,2234,41802,0058,2,5,6,1955,0,0,0,,0,001,TEMPLE AV,RT 57,36.0,E,N,A,-,Y,LA,7.0,57.0,-,-,5.792000000000001,R,4,N,Y,4,0,2,2,A,-,08,22107.0,,N,D,C,A,A,H,-,C,A,0,,,Y,,Y,,A,01,0,0,2,0,0,0,0,0,1,-,NF,,,LOS ANGELES,POMONA,-117.80405846,34.03868947
4131,8306066,2017,2017-02-24,1942,2017-01-18,1130,40869,1268,3,5,7,1942,0,0,0,L,0,37L5,SAN PEDRO,MANCHESTER AV,70.0,N,N,A,-,N,,,,,,,,,,N,4,0,1,2,A,-,08,22107.0,,N,-,C,A,A,H,-,A,D,0,,,,,Y,,A,01,0,0,1,0,0,0,0,0,0,-,-,,,LOS ANGELES,LOS ANGELES,-118.26950853,33.96030184
4132,8305507,2017,2017-02-27,1941,2017-01-23,1132,6132,,1,5,7,1941,0,0,0,,0,,HARVEY WY,CLARK AV,40.0,W,N,A,-,N,,,,,,,,,,Y,3,0,1,2,A,-,08,22107.0,,N,D,C,A,A,H,-,A,D,0,,,Y,,Y,,A,,0,1,0,0,0,0,0,0,1,-,-,,,LOS ANGELES,LONG BEACH,-118.13398144,33.83612
4133,8305309,2017,2017-02-16,1942,2017-01-29,1100,40857,1596,7,5,7,1942,0,0,0,O,0,15A68,VENTURA BL,FRUITLAND DR,0.0,,Y,A,-,N,,,,,,,,,,N,3,0,1,2,A,-,08,22107.0,,N,B,G,A,A,H,-,A,D,0,,Y,,,Y,,A,01,0,1,0,0,0,0,1,0,0,-,-,,,LOS ANGELES,LOS ANGELES,-118.37199013,34.14117012
4134,8305185,2017,2017-03-16,1942,2017-02-01,1820,38185,1018,3,5,7,1942,0,0,0,J,0,16T23,SHERMAN WAY,WOODLEY AV,200.0,E,N,A,-,N,,,,,,,,,,N,4,0,1,2,A,-,08,22107.0,,N,-,-,F,A,H,-,C,-,0,Y,,,,Y,,A,01,0,0,1,0,1,0,0,0,0,-,-,,,LOS ANGELES,LOS ANGELES,-118.48302688,34.20112
4135,8305072,2017,2017-02-17,1909,2017-01-26,1518,555,1909,4,5,4,1909,0,0,0,,0,NORTH,EASTERN AV,LUBEC ST,247.0,S,N,A,-,N,,,,,,,,,,N,4,0,1,2,A,-,09,21804.0,A,N,D,C,A,A,H,-,A,D,0,,,,,Y,,A,01,0,0,1,0,0,0,0,0,0,-,-,,,LOS ANGELES,BELL GARDENS,-118.16441554,33.97088839999999
4136,8304877,2017,2017-03-16,1955,2017-01-23,1916,40668,0019,1,5,6,1955,0,0,0,,0,003,INDIAN HILL BL,SAN BERNARDINO AV,0.0,N,N,A,-,N,,,,,,,,,,Y,4,0,1,3,A,-,08,22107.0,,N,D,E,A,B,H,-,C,A,0,,,,,Y,,A,01,0,0,1,0,0,0,0,0,0,-,-,,,LOS ANGELES,POMONA,-117.71925009,34.07588007
4137,8304710,2017,2017-03-06,1900,2017-01-03,530,494990,0420,2,5,6,1949,0,0,0,,0,43T1,ROSECRANS AV,CROSSDALE AV,0.0,,Y,A,-,N,,,,,,,,,,N,4,0,1,2,A,-,09,21802.0,A,N,D,G,A,A,H,-,C,-,0,,Y,,,Y,,A,01,0,0,1,0,0,0,1,0,0,-,-,,,LOS ANGELES,NORWALK,-118.09741003,33.90229008
4138,8304327,2017,2017-02-13,1941,2017-01-17,1249,5755,562,2,5,7,1941,0,0,0,,0,014,LOS COYOTES DIAGONAL,PARK AV,269.0,W,N,A,-,N,,,,,,,,,,Y,4,0,1,3,A,-,03,22350.0,,F,C,C,A,A,H,-,A,D,0,,,,,Y,,-,,0,0,1,0,0,0,0,0,0,-,-,,,LOS ANGELES,LONG BEACH,-118.13889856,33.79262827
4139,8304157,2017,2017-02-09,1942,2017-01-27,1545,42106,2189,5,5,7,1942,0,0,0,,0,17X66,VENTURA BL,WINNETKA,75.0,E,N,A,-,N,,,,,,,,,,N,4,0,1,2,A,-,00,20015.0,,F,C,C,A,A,H,-,A,A,0,,,,,Y,,-,99,0,0,1,0,0,0,0,0,0,-,-,,,LOS ANGELES,LOS ANGELES,-118.57072117,34.17105843
4140,8304153,2017,2017-02-09,1942,2017-01-31,1310,35481,1043,2,5,7,1942,0,0,0,J,0,21TL62,OXNARD ST,RESEDA BL,15.0,W,N,A,-,N,,,,,,,,,,N,4,0,1,2,A,-,08,22100.0,A,F,B,C,A,A,H,-,A,D,0,,,,,Y,,-,99,0,0,1,0,0,0,0,0,0,-,-,,,LOS ANGELES,LOS ANGELES,-118.5360595,34.17997937
4141,8304144,2017,2017-06-29,1941,2017-01-30,1710,10925,,1,5,7,1941,0,0,0,,0,,PACIFIC COAST HWY,JUNIPERO AV,150.0,W,N,A,-,Y,LA,7.0,1.0,-,-,4.8,H,-,S,Y,2,0,1,2,A,-,04,21703.0,,N,C,C,A,A,H,-,A,D,0,,,Y,,Y,,C,,1,0,0,0,0,0,0,0,1,-,-,,,LOS ANGELES,LONG BEACH,-118.16394535,33.78980576
4142,8304047,2017,2017-03-23,1942,2017-01-25,350,41781,CENT,3,5,7,1942,0,0,0,,0,0171,JAMES M WOOD,FRANCISCO,45.0,E,N,A,-,N,,,,,,,,,,N,2,0,1,2,A,-,08,22100.0,A,N,G,B,B,A,-,-,C,D,0,Y,,,,Y,,A,01,1,0,0,0,1,0,0,0,0,-,-,,,LOS ANGELES,LOS ANGELES,-118.26454988,34.04694085
4143,8303735,2017,2017-02-10,1942,2017-01-25,740,42463,1503,3,5,7,1942,0,0,0,O,0,16A81,VANOWEN ST,LAUREL CANYON BL,0.0,E,N,A,-,N,,,,,,,,,,N,3,0,1,2,A,-,10,21950.0,C,F,G,B,B,A,H,-,A,D,0,Y,,,,Y,,-,99,0,1,0,0,1,0,0,0,0,-,-,,,LOS ANGELES,LOS ANGELES,-118.39652012,34.19395009
4144,8303732,2017,2017-02-13,1942,2017-01-17,740,38590,1457,2,5,7,1942,0,0,0,N,0,7T23,BRADDOCK DR,STONER AV,0.0,,Y,A,-,N,,,,,,,,,,N,2,0,2,3,A,-,10,21950.0,A,N,G,B,B,A,H,-,A,A,0,Y,,,,Y,,A,01,1,0,1,0,2,0,0,0,0,-,-,,,LOS ANGELES,LOS ANGELES,-118.41326007,33.99432007
4145,8303728,2017,2017-02-10,1942,2017-01-10,1752,42386,0857,2,5,7,1942,0,0,0,H,0,8U4,GLENVILLE DR,S PICO BL,10.0,N,N,C,-,N,,,,,,,,,,N,3,0,1,2,A,-,12,21453.0,A,N,H,G,A,B,H,-,C,D,0,,Y,,,Y,,A,01,0,1,0,0,0,0,1,0,0,-,-,,,LOS ANGELES,LOS ANGELES,-118.39322,34.05529
4146,8303726,2017,2017-02-13,1942,2017-01-18,1430,42448,21456,3,5,7,1942,0,0,0,,0,21A57,KITTRIDGE ST,TOPANGA CYN,0.0,,Y,A,-,N,,,,,,,,,,N,4,0,1,2,A,-,06,21750.0,A,N,D,G,A,A,H,-,A,A,0,,Y,,,Y,,L,04,0,0,1,0,0,0,1,0,0,-,-,,,LOS ANGELES,LOS ANGELES,-118.60590003,34.19113007
4147,8303718,2017,2017-02-13,1942,2017-01-18,1820,37093,2111,3,5,7,1942,0,0,0,,0,21A42,WOODLAKE AV,JUSTICE ST,60.0,S,N,C,-,N,,,,,,,,,,Y,3,0,2,2,A,-,08,22107.0,,N,A,C,A,B,H,-,C,D,0,,,,,Y,,A,01,0,1,1,0,0,0,0,0,0,-,-,,,LOS ANGELES,LOS ANGELES,-118.63219,34.2158554
4148,8303715,2017,2017-02-10,1942,2017-01-27,840,41396,0915,5,5,7,1942,0,0,0,I,0,9TL57,HAZELTINE AV,SHERMAN WY,15.0,S,N,A,-,N,,,,,,,,,,N,3,0,1,2,A,-,10,21950.0,A,F,G,B,B,A,H,-,A,A,0,Y,,,,Y,,-,99,0,1,0,0,1,0,0,0,0,-,-,,,LOS ANGELES,LOS ANGELES,-118.43996956,34.20117886
4149,8303706,2017,2017-02-13,1942,2017-01-25,1200,33779,2147,3,5,7,1942,0,0,0,,0,19T74,SHERMAN WY,KELVIN AV,45.0,E,N,A,-,N,,,,,,,,,,N,4,0,1,2,A,-,08,22107.0,,N,D,G,A,A,H,-,A,A,0,,Y,,,Y,,A,01,0,0,1,0,0,0,1,0,0,-,-,,,LOS ANGELES,LOS ANGELES,-118.58617143,34.20100094
4150,8303702,2017,2017-02-13,1941,2017-01-08,1205,6286,,7,5,7,1941,0,0,0,,0,,LONG BEACH BL,ARTESIA,4.0,S,N,A,-,N,,,,,,,,,,N,3,0,1,2,A,-,09,21453.0,B,N,B,G,A,A,H,-,A,A,0,,Y,,,Y,,D,,0,1,0,0,0,0,1,0,0,-,-,,,LOS ANGELES,LONG BEACH,-118.20278625,33.87434949
4151,8303700,2017,2017-02-13,1965,2017-01-21,1332,3553,0B3E,6,5,5,1965,0,0,0,,0,B003,CLOVERFIELD BL,VIRGINIA AV,226.0,S,N,B,-,N,,,,,,,,,,Y,4,0,1,3,A,-,09,21804.0,A,N,D,C,A,A,H,-,A,D,0,,,,,Y,,A,07,0,0,1,0,0,0,0,0,0,-,-,,,LOS ANGELES,SANTA MONICA,-118.46703123,34.02262534
4152,8303696,2017,2017-02-10,1965,2017-01-21,1354,3764,0B3B,6,5,5,1965,0,0,0,,0,B003,11TH ST,BROADWAY,12.0,S,N,A,-,N,,,,,,,,,,N,3,0,1,2,A,-,08,22101.0,D,N,B,G,A,A,H,-,A,A,0,,Y,Y,,Y,,C,03,0,1,0,0,0,0,1,0,0,-,-,,,LOS ANGELES,SANTA MONICA,-118.48698235,34.02043648
4153,8303692,2017,2017-02-10,1965,2017-01-19,1830,3158,0B3A,4,5,5,1965,0,0,0,,0,B003,EUCLID ST,WILSHIRE BL,6.0,N,N,A,-,N,,,,,,,,,,N,3,0,1,2,A,-,11,21950.0,B,N,G,B,B,A,H,-,C,A,0,Y,,,,Y,,N,60,0,1,0,0,1,0,0,0,0,-,-,37.01727,-121.01285,LOS ANGELES,SANTA MONICA,-118.48983377,34.02603181
4154,8303647,2017,2018-02-07,1942,2017-01-21,1015,40275,1134,6,5,7,1942,0,0,0,K,0,24TL22,SAN FERNANDO RD,S GLENDALE FWY,10.0,S,N,A,-,Y,LA,7.0,2.0,-,-,15.925,R,4,W,N,4,0,1,2,A,-,05,21650.0,1,N,A,G,A,A,H,-,A,D,0,,Y,,,Y,,L,04,0,0,1,0,0,0,1,0,0,-,-,,,LOS ANGELES,LOS ANGELES,-118.24518939,34.11277148
4155,8303607,2017,2017-02-14,1942,2017-01-28,2110,35433,1516,6,5,7,1942,0,0,0,O,0,19T73,BECK AV,VANOWEN ST,0.0,,Y,A,-,N,,,,,,,,,,N,4,0,2,2,A,-,12,21453.0,A,M,D,C,A,A,H,-,C,A,0,,,,,Y,,D,22,0,0,2,0,0,0,0,0,0,-,-,,,LOS ANGELES,LOS ANGELES,-118.38342008,34.19394007
4156,8303095,2017,2017-02-06,1923,2017-01-06,1211,472,319,5,5,3,1923,0,0,0,,0,3M5,DOUGLAS ST,ROSECRANS AV,358.0,N,N,A,-,N,,,,,,,,,,Y,4,0,1,2,A,-,03,22350.0,,N,C,C,A,A,H,-,A,D,0,,,,,Y,,A,07,0,0,1,0,0,0,0,0,0,-,-,33.90189,-118.38311999999999,LOS ANGELES,EL SEGUNDO,-118.38315294,33.90294192
4157,8302580,2017,2017-03-20,1931,2017-02-04,1245,5309,1931,6,5,5,1931,0,0,0,,0,002,GAGE AV,PLASKA AV,0.0,,Y,A,-,N,,,,,,,,,,N,4,0,1,2,A,-,05,21650.0,,N,A,G,A,A,H,-,A,A,0,,Y,,,Y,,L,04,0,0,1,0,0,0,1,0,0,-,-,,,LOS ANGELES,HUNTINGTON PARK,-118.21050012,33.98052004
4158,8302576,2017,2017-03-16,1923,2017-02-07,1925,489,E102,2,5,3,1923,0,0,0,,0,3L1M,MAIN ST,IMPERIAL AV,0.0,,Y,C,-,N,,,,,,,,,,N,4,0,1,2,A,-,10,21950.0,A,N,G,B,B,B,H,-,C,A,0,Y,,,,Y,,A,01,0,0,1,0,1,0,0,0,0,-,-,33.930820000000004,-118.41599,LOS ANGELES,EL SEGUNDO,-118.41597002,33.93084002
4159,8302531,2017,2018-04-24,1944,2017-01-19,1339,345,SOUTH,4,5,4,1944,0,0,0,,0,004,SEPULVEDA BL,33RD ST,3.0,S,N,A,-,Y,LA,7.0,1.0,-,-,23.701,I,6,N,Y,4,0,1,3,C,-,18,,,N,C,C,A,A,H,-,A,D,0,,,,,Y,,-,-,0,0,1,0,0,0,0,0,0,-,-,,,LOS ANGELES,MANHATTAN BEACH,-118.3959604,33.8990156
4160,8302525,2017,2017-03-22,1900,2017-01-18,600,462141,2112,3,5,5,1943,0,0,0,,0,212T4,LONG BEACH BL,SANBORN AV,0.0,,Y,B,-,N,,,,,,,,,,Y,3,0,2,2,A,-,08,22107.0,,N,D,C,A,A,H,-,C,A,0,,,,,Y,,A,01,0,1,1,0,0,0,0,0,0,-,-,,,LOS ANGELES,LYNWOOD,-118.21104009,33.92849006
4161,8302515,2017,2017-02-22,1942,2017-01-17,1258,36722,0392,2,5,7,1942,0,0,0,C,0,12TL73,LEIMERT BL,VERNON AV,2.0,S,N,A,-,N,,,,,,,,,,N,3,0,1,2,A,-,09,21802.0,A,N,H,G,A,A,H,-,A,A,0,,Y,,,Y,,A,01,0,1,0,0,0,0,1,0,0,-,-,,,LOS ANGELES,LOS ANGELES,-118.33084,34.003659999999996
4162,8302449,2017,2017-02-27,1942,2017-01-03,630,38503,0308,2,5,7,1942,0,0,0,C,0,12T41,HOOVER ST,25TH ST,3.0,E,N,B,-,N,,,,,,,,,,N,4,0,1,2,A,-,10,21950.0,A,F,D,B,-,A,H,-,B,A,0,Y,,,,Y,,-,99,0,0,1,0,1,0,0,0,0,-,-,,,LOS ANGELES,LOS ANGELES,-118.28399999999999,34.033590000000004
4163,8302372,2017,2017-02-13,1942,2017-01-03,1650,42357,0311,2,5,7,1942,0,0,0,C,0,3A19,ADAMS BL,FAIRFAX AV,40.0,E,N,A,-,N,,,,,,,,,,N,4,0,1,2,A,-,09,21801.0,A,M,C,C,A,A,H,-,B,A,0,,,,,Y,Y,-,99,0,0,1,0,0,0,0,0,0,-,-,,,LOS ANGELES,LOS ANGELES,-118.37064826,34.03244249