,CASE_ID,ACCIDENT_YEAR,PROC_DATE,JURIS,COLLISION_DATE,COLLISION_TIME,OFFICER_ID,REPORTING_DISTRICT,DAY_OF_WEEK,CHP_SHIFT,POPULATION,CNTY_CITY_LOC,SPECIAL_COND,BEAT_TYPE,CHP_BEAT_TYPE,CITY_DIVISION_LAPD,CHP_BEAT_CLASS,BEAT_NUMBER,PRIMARY_RD,SECONDARY_RD,DISTANCE,DIRECTION,INTERSECTION,WEATHER_1,WEATHER_2,STATE_HWY_IND,CALTRANS_COUNTY,CALTRANS_DISTRICT,STATE_ROUTE,ROUTE_SUFFIX,POSTMILE_PREFIX,POSTMILE,LOCATION_TYPE,RAMP_INTERSECTION,SIDE_OF_HWY,TOW_AWAY,COLLISION_SEVERITY,NUMBER_KILLED,NUMBER_INJURED,PARTY_COUNT,PRIMARY_COLL_FACTOR,PCF_CODE_OF_VIOL,PCF_VIOL_CATEGORY,PCF_VIOLATION,PCF_VIOL_SUBSECTION,HIT_AND_RUN,TYPE_OF_COLLISION,MVIW,PED_ACTION,ROAD_SURFACE,ROAD_COND_1,ROAD_COND_2,LIGHTING,CONTROL_DEVICE,CHP_ROAD_TYPE,PEDESTRIAN_ACCIDENT,BICYCLE_ACCIDENT,MOTORCYCLE_ACCIDENT,TRUCK_ACCIDENT,NOT_PRIVATE_PROPERTY,ALCOHOL_INVOLVED,STWD_VEHTYPE_AT_FAULT,CHP_VEHTYPE_AT_FAULT,COUNT_SEVERE_INJ,COUNT_VISIBLE_INJ,COUNT_COMPLAINT_PAIN,COUNT_PED_KILLED,COUNT_PED_INJURED,COUNT_BICYCLIST_KILLED,COUNT_BICYCLIST_INJURED,COUNT_MC_KILLED,COUNT_MC_INJURED,PRIMARY_RAMP,SECONDARY_RAMP,LATITUDE,LONGITUDE,COUNTY,CITY,POINT_X,POINT_Y
4349,90505393,2017,2017-07-21,9530,2017-07-04,2235,021004,,2,3,9,1900,0,3,5,,2,001,61ST ST (1400 BLOCK),COMPTON AVE.,152.0,W,N,F,-,N,,,,,,,,,,N,4,0,1,2,A,-,03,22350.0,,F,G,B,F,A,H,-,D,D,0,Y,,,,Y,,A,01,0,0,1,0,1,0,0,0,0,-,-,33.984359999999995,-118.24853,LOS ANGELES,UNINCORPORATED,-118.2482304,33.98432887
4350,90506800,2017,2017-07-24,9590,2017-07-07,2303,021236,,5,3,7,1942,0,1,1,,2,061,I-10 W/B (SMF) TO CRENSHAW BLVD,CRENSHAW BLVD,4.0,W,N,A,-,N,,,10.0,,,,R,,W,Y,3,0,1,1,A,-,01,23152.0,A,N,E,I,A,A,H,-,C,A,0,,,,,Y,Y,A,01,0,1,0,0,0,0,0,0,0,-,-,34.03553,-118.33327,LOS ANGELES,LOS ANGELES,-118.33327,34.03553
4351,90507347,2017,2017-07-25,9525,2017-07-09,1620,021080,,7,2,9,1900,0,3,5,,2,003,AZUSA AVE. (300 BLOCK),TEMPLE AVE,160.0,S,N,A,-,N,,,,,,,,,,N,3,0,1,2,A,-,05,21202.0,A,F,D,G,A,A,H,-,A,D,0,,Y,,,Y,,L,04,0,1,0,0,0,0,1,0,0,-,-,34.024159999999995,-117.91765,LOS ANGELES,UNINCORPORATED,-117.91787192,34.02426537
4352,90508074,2017,2017-07-25,9550,2017-07-20,1805,020553,,4,2,6,1949,0,1,1,,2,651,INTERSTATE 605 S/B FROM IMEPRIAL HWY,IMPERIAL HIGHWAY,10.0,N,N,A,-,Y,,,605.0,,,,R,,S,Y,4,0,1,2,D,-,00,,,N,B,C,A,A,H,-,A,A,0,,,,,Y,,-,-,0,0,1,0,0,0,0,0,0,-,-,33.91737,-118.10593999999999,LOS ANGELES,NORWALK,-118.10593999999999,33.91737
4353,90511473,2017,2017-07-28,9530,2017-07-20,1051,021709,,4,1,9,1900,0,3,5,,2,004,ALAMEDA STREET (19500 BLOCK),SANTA FE AVE.,1000.0,S,N,A,-,N,,,,,,,,,,Y,4,0,1,2,A,-,07,21658.0,A,N,C,C,A,A,H,-,A,D,0,,,,Y,Y,,G,27,0,0,1,0,0,0,0,0,0,-,-,33.85389,-118.21755,LOS ANGELES,UNINCORPORATED,,
4354,90513669,2017,2017-08-01,9550,2017-07-20,1215,021166,,4,1,9,1900,0,2,4,,1,022,TELEGRAPH ROAD,LEFFINGWELL ROAD,0.0,,Y,A,-,N,,,,,,,,,,N,4,0,1,2,A,-,10,21950.0,A,N,G,B,B,A,H,-,A,A,0,Y,,,,Y,,A,01,0,0,1,0,1,0,0,0,0,-,-,33.92429,-118.02365,LOS ANGELES,UNINCORPORATED,-118.02328005,33.92423002
4355,90513835,2017,2017-08-01,9525,2017-07-18,301,019188,,2,3,9,1900,0,3,5,,2,003,LA SEDA RD. (600 BLOCK),VALLEY BLVD,262.0,N,N,A,-,N,,,,,,,,,,Y,3,0,1,1,A,-,01,23152.0,F,N,E,I,A,A,H,-,C,D,0,,,,,Y,,A,01,0,1,0,0,0,0,0,0,0,-,-,34.00495,-117.89828,LOS ANGELES,UNINCORPORATED,-117.89823192,34.0053801
4356,90516847,2017,2017-08-04,9525,2017-07-23,1720,020951,,7,2,9,1900,0,3,5,,2,005,GLENDORA RIDGE RD.,MT. BALDY ROAD,20064.0,W,N,A,-,N,,,,,,,,,,Y,3,0,1,2,A,-,17,21662.0,A,N,B,C,A,A,H,-,A,D,0,,,Y,,Y,,C,02,0,1,0,0,0,0,0,0,1,-,-,34.22185,-117.72235,LOS ANGELES,UNINCORPORATED,-117.70565227,34.22048313
4357,90518446,2017,2017-08-08,9540,2017-07-30,811,019317,,7,1,9,1900,0,1,3,,2,147,AGUA DULCE CANYON ROAD,AGUA DULCE CYN RD FROM SR-14,61.0,W,N,A,-,Y,,,,,,,,,,Y,3,0,1,1,A,-,03,22350.0,,N,E,I,A,A,H,-,A,A,0,,,,Y,Y,,F,26,0,1,0,0,0,0,0,0,0,-,-,34.46692,-118.32995,LOS ANGELES,UNINCORPORATED,,
4358,90519510,2017,2017-08-09,9550,2017-08-01,1945,019808,,2,2,9,1900,0,3,5,,2,001,DICKY STREET,BROADWAY,8.0,E,N,A,-,N,,,,,,,,,,N,3,0,1,2,A,-,09,21804.0,A,N,D,G,A,A,H,-,A,D,0,,Y,,,Y,,L,04,0,1,0,0,0,0,1,0,0,-,-,33.97679,-118.0654,LOS ANGELES,UNINCORPORATED,-118.06542975,33.97688598
4359,90520321,2017,2017-08-10,9575,2017-08-04,630,020918,,5,1,9,1900,0,2,4,,2,024,WOODBURY RD. (10 BLOCK),FAIR OAKS AVE.,0.0,,Y,A,-,N,,,,,,,,,,N,3,0,1,2,A,-,10,21950.0,A,F,G,B,B,A,H,-,A,A,0,Y,,,,Y,,-,99,0,1,0,0,1,0,0,0,0,-,-,34.18332,-118.15103,LOS ANGELES,UNINCORPORATED,-118.15083003,34.18324009
4360,90521586,2017,2017-08-11,9545,2017-08-08,1050,012653,,2,1,9,1900,0,3,5,,2,001,SIERRA HIGHWAY,AVENUE G,0.0,,Y,A,-,N,,,,,,,,,,Y,4,0,1,2,A,-,03,22350.0,,N,D,C,A,A,H,-,A,A,0,,,Y,,Y,,C,02,0,0,1,0,0,0,0,0,1,-,-,34.73345,-118.14268,LOS ANGELES,UNINCORPORATED,-118.14223004,34.73338
4361,90525851,2017,2017-08-17,9535,2017-08-16,1530,020851,,3,2,9,1900,0,3,5,,2,002,BEVERLY BLVD. E/B (5600 BLOCK),SADLER AVE.,100.0,E,N,A,-,N,,,,,,,,,,N,4,0,2,3,A,-,03,22350.0,,N,C,C,A,A,H,-,A,D,0,,,,,Y,,A,01,0,0,2,0,0,0,0,0,0,-,-,34.02791,-118.14673,LOS ANGELES,UNINCORPORATED,-118.14688423,34.02817805
4362,90526304,2017,2017-08-18,9530,2017-08-11,620,021709,,5,1,9,1900,0,3,5,,2,004,DEL AMO BOULEVARD (2600 BLOCK),SANTA FE AVE.,500.0,W,N,A,-,N,,,,,,,,,,N,4,0,1,2,A,-,06,21755.0,A,N,B,C,A,A,H,-,A,D,0,,,,,Y,,A,01,0,0,1,0,0,0,0,0,0,-,-,33.84669,-118.2154,LOS ANGELES,UNINCORPORATED,-118.21336325,33.84658429
4363,90526478,2017,2017-08-18,9535,2017-08-12,1455,021538,,6,2,9,1900,0,2,4,,2,018,BEVERLY BLVD,GERHART AVE,0.0,,Y,A,-,N,,,,,,,,,,N,4,0,1,2,A,-,08,22107.0,,N,B,C,A,A,H,-,A,A,0,,,,,Y,,A,01,0,0,1,0,0,0,0,0,0,-,-,34.02659,-118.14415,LOS ANGELES,UNINCORPORATED,-118.14414008,34.02652008
4364,90526916,2017,2017-08-21,9530,2017-08-16,750,013990,,3,1,7,1941,0,1,1,,2,071,I-710 N/B FROM LONG BEACH BLVD,LONG BEACH BLVD.,9.0,N,N,B,-,Y,,,710.0,,,,R,,N,Y,4,0,1,2,D,-,00,,,N,B,C,A,A,H,-,A,A,0,,,,,Y,,-,-,0,0,1,0,0,0,0,0,0,-,-,33.86252,-118.1987,LOS ANGELES,LONG BEACH,-118.1987,33.86252
4365,90526928,2017,2017-08-21,9575,2017-08-05,1638,021669,,6,2,9,1900,0,3,5,,2,001,SUNSET AVENUE,EVELYN STREET,0.0,,Y,A,-,N,,,,,,,,,,N,4,0,1,2,A,-,03,22350.0,,N,D,C,A,A,H,-,A,D,0,,,,,Y,,A,01,0,0,1,0,0,0,0,0,0,-,-,34.21633,-118.23298999999999,LOS ANGELES,UNINCORPORATED,-118.23304007,34.21632011
4366,90528710,2017,2017-08-22,9535,2017-08-10,1530,021148,,4,2,9,1900,0,3,5,,2,002,DOWNEY RD (900 BLOCK),WHITTIER BLVD,2.0,S,N,A,-,N,,,,,,,,,,N,4,0,1,2,A,-,09,21804.0,A,N,D,G,A,A,A,-,A,A,0,,Y,,,Y,,L,04,0,0,1,0,0,0,1,0,0,-,-,34.02332,-118.18033,LOS ANGELES,UNINCORPORATED,-118.18006985,34.02393452
4367,90534366,2017,2017-08-25,9535,2017-08-15,1445,021773,,2,2,9,1900,0,3,5,,2,001,MEDFORD STREET,BONNIE BEACH PLACE,0.0,,Y,A,-,N,,,,,,,,,,Y,3,0,2,3,A,-,09,21802.0,A,N,D,C,A,A,H,-,A,A,0,,,,,Y,,A,08,0,1,1,0,0,0,0,0,0,-,-,34.05989,-118.18345,LOS ANGELES,UNINCORPORATED,-118.18342013,34.05986006
4368,90535911,2017,2017-08-29,9545,2017-08-21,1907,020849,,1,2,9,1900,0,3,5,,2,003,SOLEDAD CANYON RD,CROWN VALLEY RD,0.0,,Y,A,-,N,,,,,,,,,,Y,4,0,1,2,A,-,08,22107.0,,N,C,C,A,A,H,-,A,D,0,,,,,Y,,A,01,0,0,1,0,0,0,0,0,0,-,-,34.44251,-118.2152,LOS ANGELES,UNINCORPORATED,-118.21528004,34.44233001
4369,90536876,2017,2017-11-29,9530,2017-08-28,1110,019792,,1,1,9,1900,0,3,5,,2,006,SEPULVEDA BLVD.,MARIGOLD AVE.,0.0,,Y,A,-,N,,,,,,,,,,Y,3,0,1,2,A,-,07,21658.0,A,N,B,C,A,A,H,-,A,D,0,,,,Y,Y,,G,25,0,1,0,0,0,0,0,0,0,-,-,33.33812,-118.29581,LOS ANGELES,UNINCORPORATED,-118.29589006,33.81222005
4370,90538857,2017,2017-09-01,9530,2017-08-30,1710,019050,,3,2,9,1900,0,3,5,,2,002,AVALON BLVD. (12700 BLOCK),EL SEGUNDO BLVD.,45.0,N,N,A,-,N,,,,,,,,,,N,4,0,1,2,A,-,06,21755.0,,N,D,G,A,A,H,-,A,D,0,,Y,,,Y,,L,04,0,0,1,0,0,0,1,0,0,-,-,33.916,-118.265,LOS ANGELES,UNINCORPORATED,-118.26525167,33.91654341
4371,90538982,2017,2017-09-01,9580,2017-08-25,1900,021475,,5,2,7,1942,0,1,2,,2,102,US-101 N/B TO BALBOA BLVD,BALBOA BLVD,1.0,S,N,A,-,Y,,,101.0,,,,R,,N,N,4,0,1,2,A,-,05,21650.0,,N,D,G,A,A,H,-,A,A,0,,Y,,,Y,,L,04,0,0,1,0,0,0,1,0,0,-,-,34.17091,-118.50103,LOS ANGELES,LOS ANGELES,-118.50103,34.17091
4372,90541067,2017,2017-09-05,9565,2017-08-24,1730,021694,,4,2,9,1900,0,3,5,,2,005,ADMIRALTY WAY,PALAWAN WAY,0.0,,Y,A,-,N,,,,,,,,,,N,4,0,1,2,A,-,10,21950.0,A,F,G,B,B,A,H,-,B,A,0,Y,,,,Y,,-,99,0,0,1,0,1,0,0,0,0,-,-,33.98318,-118.45753,LOS ANGELES,UNINCORPORATED,-118.45782004,33.98324002
4373,90541176,2017,2017-09-05,9565,2017-08-25,1550,021576,,5,2,9,1900,0,2,4,,2,021,106TH ST.,VERMONT AVE.,10.0,W,N,A,-,N,,,,,,,,,,Y,3,0,1,2,A,-,08,22107.0,,F,D,C,A,A,H,-,A,A,0,,,,,Y,,A,07,0,1,0,0,0,0,0,0,0,-,-,33.94001,-118.29198000000001,LOS ANGELES,UNINCORPORATED,-118.29195291,33.94003992
4374,90543174,2017,2017-09-07,9550,2017-08-31,1315,019857,,4,1,9,1900,0,3,5,,2,002,COLE ROAD (10700 BLOCK),MULBERRY DRIVE,5.0,N,N,A,-,N,,,,,,,,,,N,4,0,1,2,A,-,11,21950.0,B,N,G,B,B,A,H,-,A,A,0,Y,,,,Y,,N,60,0,0,1,0,1,0,0,0,0,-,-,33.935320000000004,-118.00543,LOS ANGELES,UNINCORPORATED,-118.00545031,33.93524371
4375,90543420,2017,2017-09-08,9545,2017-08-14,1805,018550,,1,2,9,1900,0,3,5,,2,004,PALMDALE BLVD,LONGVIEW ROAD,0.0,,Y,A,-,N,,,,,,,,,,N,3,0,3,3,A,-,12,22450.0,A,F,D,C,A,A,H,-,A,D,0,,,,,Y,,D,22,0,1,2,0,0,0,0,0,0,-,-,34.57998,-117.88955,LOS ANGELES,UNINCORPORATED,-117.88963004,34.58001002
4376,90543421,2017,2017-09-08,9540,2017-09-01,1255,021395,,5,1,9,1900,0,2,4,,2,062,HILLCREST PARKWAY,YOSEMITE DR,66.0,E,N,A,-,Y,,,,,,,,,,Y,3,0,1,2,A,-,03,22350.0,,N,C,C,A,A,H,-,A,D,0,,,,Y,Y,,A,01,0,1,0,0,0,0,0,0,0,-,-,34.471,-118.6251,LOS ANGELES,UNINCORPORATED,-118.62520274,34.47095988
4377,90543774,2017,2017-11-20,9530,2017-09-06,810,020137,,3,1,9,1900,0,3,5,,2,005,147TH ST. (3100 BLOCK),CRENSHAW BLVD.,500.0,W,N,A,-,N,,,,,,,,,,N,4,0,1,2,A,-,09,21804.0,A,N,D,C,A,A,H,-,A,D,0,,,,,Y,,-,-,0,0,1,0,0,0,0,0,0,-,-,33.89852,-118.32701999999999,LOS ANGELES,UNINCORPORATED,-118.32818453,33.89829
4378,90544250,2017,2017-09-11,9535,2017-09-01,920,021638,,5,1,9,1900,0,2,4,,2,011,EASTERN AVE,RAMONA BOULEVARD,0.0,,Y,A,-,Y,,,,,,,,,,N,4,0,1,2,A,-,10,21950.0,A,M,G,B,B,A,H,-,A,A,0,Y,,,,Y,,A,01,0,0,1,0,1,0,0,0,0,-,-,34.05943,-118.17298000000001,LOS ANGELES,UNINCORPORATED,-118.17286003,34.05957003
4379,90544594,2017,2017-09-11,9530,2017-08-17,1416,021792,,4,2,9,1900,0,3,5,,2,004,SUSANA ROAD (18200 BLOCK),VICTORIA ST.,40.0,N,N,A,-,N,,,,,,,,,,N,3,0,1,2,A,-,09,21801.0,A,N,B,C,A,A,H,-,A,A,0,,,,Y,Y,,A,01,0,1,0,0,0,0,0,0,0,-,-,33.8652,-118.2047,LOS ANGELES,UNINCORPORATED,-118.20475032,33.86494674
4380,90545391,2017,2017-09-12,9530,2017-09-05,1145,021610,,2,1,9,1900,0,3,5,,2,006,VAN DEENE AVE.,232ND ST.,180.0,N,N,A,-,N,,,,,,,,,,Y,4,0,1,2,A,-,05,21650.0,,M,A,C,A,A,H,-,A,D,0,,,,,Y,,-,99,0,0,1,0,0,0,0,0,0,-,-,33.81585,-118.28962,LOS ANGELES,UNINCORPORATED,-118.28968599,33.81581366
4381,90545912,2017,2017-09-12,9550,2017-09-05,930,018187,,2,1,9,1900,0,3,5,,2,002,LEFFINGWELL RD (WESTBOUND),STAMY RD,25.0,W,N,A,-,N,,,,,,,,,,Y,4,0,2,2,A,-,09,21802.0,A,N,C,C,A,A,H,-,A,D,0,,,,,Y,,A,01,0,0,2,0,0,0,0,0,0,-,-,33.92815,-118.00648000000001,LOS ANGELES,UNINCORPORATED,-118.00636912,33.92816134
4382,90546696,2017,2017-09-13,9530,2017-09-09,1700,021792,,6,2,9,1900,0,3,5,,2,001,SLAUSON AVE. (1300 BLOCK),HOOPER AVE.,49.0,E,N,A,-,N,,,,,,,,,,N,4,0,1,2,A,-,09,21453.0,B,F,C,C,A,A,H,-,A,A,0,,,Y,,Y,Y,-,99,0,0,1,0,0,0,0,0,1,-,-,33.98923,-118.25163,LOS ANGELES,UNINCORPORATED,-118.25195868,33.98932
4383,90548258,2017,2017-09-14,9565,2017-09-05,1310,021729,,2,1,9,1900,0,2,4,,1,032,STOCKER STREET E/B,S LA BREA AVENUE.,0.0,,Y,A,-,N,,,,,,,,,,Y,4,0,1,2,A,-,12,21453.0,A,N,D,C,A,A,H,-,A,A,0,,,,,Y,,A,01,0,0,1,0,0,0,0,0,0,-,-,33.99714,-118.35791,LOS ANGELES,UNINCORPORATED,-118.35793009,33.99703007
4384,90549049,2017,2017-09-15,9535,2017-09-08,1930,021538,,5,2,5,1901,0,1,1,,2,070,I-710 (LB FREEWAY) N/B TO VALLEY BLVD.,VALLEY BLVD.,5.0,S,N,A,-,Y,,,710.0,,,,R,,N,N,4,0,1,2,A,-,09,21804.0,A,N,D,G,A,A,H,-,B,A,0,,Y,,,Y,,L,04,0,0,1,0,0,0,1,0,0,-,-,34.07512,-118.16075,LOS ANGELES,ALHAMBRA,-118.16075,34.07512
4385,90549598,2017,2017-09-18,9545,2017-09-09,1902,020521,,6,2,9,1900,0,3,5,,2,004,PALMDALE BLVD,170TH ST  E,0.0,,Y,A,-,N,,,,,,,,,,Y,4,0,1,2,A,-,01,23152.0,A,N,D,C,A,A,H,-,A,A,0,,,,,Y,Y,D,22,0,0,1,0,0,0,0,0,0,-,-,34.57998,-117.82694,LOS ANGELES,UNINCORPORATED,-117.82667012,34.57993003
4386,90550675,2017,2017-09-19,9530,2017-09-12,649,018887,,2,1,5,1915,0,1,3,,2,320,SR-91 E/B FROM SANTA FE AVENUE,SANTA FE AVE.,24.0,E,N,B,-,Y,,,91.0,,,,R,,E,N,3,0,1,2,A,-,10,21950.0,A,N,E,B,B,A,H,-,A,D,0,Y,,,,Y,,A,01,0,1,0,0,1,0,0,0,0,-,-,33.87297,-118.21403000000001,LOS ANGELES,COMPTON,-118.21403000000001,33.87297
4387,90551256,2017,2017-09-19,9550,2017-09-07,800,021656,,4,1,9,1900,0,3,5,,2,003,7TH AVENUE,STATE ROUTE 60 E/B FROM 7TH AVENUE,0.0,,Y,A,-,N,,,,,,,,,,Y,4,0,1,2,A,-,09,21801.0,A,N,D,C,A,A,H,-,A,D,0,,,,,Y,,A,01,0,0,1,0,0,0,0,0,0,-,-,34.01807,-117.9888,LOS ANGELES,UNINCORPORATED,,
4388,90552287,2017,2017-09-20,9550,2017-09-10,920,020974,,7,1,9,1900,0,2,4,,1,022,LEFFINGWELL ROAD W/B,LELAND AVENUE,155.0,W,N,A,-,N,,,,,,,,,,Y,4,0,1,2,A,-,03,22350.0,,N,D,C,A,A,H,-,A,D,0,,,,,Y,,A,01,0,0,1,0,0,0,0,0,0,-,-,33.91983,-118.04253,LOS ANGELES,UNINCORPORATED,-118.04248136,33.91982678
4389,90554566,2017,2017-09-25,9535,2017-09-19,1510,019540,,2,2,9,1900,0,2,4,,2,018,BEVERLY BLVD,MARGARET AVE,0.0,,Y,A,-,N,,,,,,,,,,N,2,0,1,2,A,-,10,21950.0,A,N,G,B,B,A,H,-,A,A,0,Y,,,,Y,,A,01,1,0,0,0,1,0,0,0,0,-,-,34.02961,-118.1495,LOS ANGELES,UNINCORPORATED,-118.14951008,34.02962003
4390,90555197,2017,2017-09-25,9580,2017-09-16,2205,021015,,6,3,7,1942,0,1,2,,2,104,US-101 N/B FROM RESEDA BLVD.,RESEDA BLVD,8.0,N,N,A,-,Y,,,101.0,,,,R,,N,N,4,0,1,2,D,-,00,,,N,G,B,B,A,H,-,C,A,0,Y,,,,Y,,-,-,0,0,1,0,1,0,0,0,0,-,-,34.17369,-118.53906,LOS ANGELES,LOS ANGELES,-118.53906,34.17369
4391,90556585,2017,2017-09-27,9525,2017-08-27,15,020823,,7,3,6,1975,0,1,1,,2,105,I-10 W/B (SAN BERNARDINO FWY),AZUSA AVE,1600.0,E,N,A,-,Y,,,10.0,,,,,,W,Y,3,0,1,5,A,-,01,23152.0,A,N,B,C,A,A,D,E,C,D,0,,,,,Y,Y,D,22,0,1,0,0,0,0,0,0,0,-,-,34.07215,-117.89707,LOS ANGELES,WEST COVINA,-117.89707004,34.07214593
4392,90556616,2017,2017-09-27,9565,2017-09-13,900,021491,,3,1,9,1900,0,2,4,,2,024,IMPERIAL HWY,SAINT ANDREWS PL,0.0,,Y,A,-,N,,,,,,,,,,Y,4,0,1,2,A,-,09,21802.0,A,N,D,C,A,A,H,-,A,A,0,,,,,Y,,A,01,0,0,1,0,0,0,0,0,0,-,-,33.931020000000004,-118.31146000000001,LOS ANGELES,UNINCORPORATED,-118.31129009999998,33.93116011
4393,90557318,2017,2017-09-27,9530,2017-09-18,2155,021212,,1,2,9,1900,0,3,5,,2,003,FRAILEY AVE.,COMPTON BLVD.,20.0,S,N,A,-,N,,,,,,,,,,N,4,0,1,2,A,-,10,21950.0,A,F,G,B,B,A,H,-,C,D,0,Y,,,,Y,,-,99,0,0,1,0,1,0,0,0,0,-,-,33.89617,-118.19115,LOS ANGELES,UNINCORPORATED,-118.19123631,33.89613524
4394,90560145,2017,2017-09-29,9565,2017-05-30,1700,020239,,2,2,9,1900,0,2,4,,2,023,EL SEGUNDO BLVD,WESTERN AVENUE,0.0,,Y,A,-,N,,,,,,,,,,Y,4,0,4,4,A,-,12,21453.0,A,F,D,C,A,A,H,-,A,A,0,,,,,Y,,A,07,0,0,4,0,0,0,0,0,0,-,-,33.9165,-118.30921000000001,LOS ANGELES,UNINCORPORATED,-118.30908007,33.91644007
4395,90560702,2017,2017-10-02,9540,2017-09-25,545,021802,,1,3,9,1900,0,2,4,,1,201,SIERRA HWY,VASQUEZ CANYON RD,0.0,,Y,A,-,N,,,,,,,,,,Y,4,0,1,3,A,-,12,21453.0,A,N,D,C,A,A,H,-,C,A,0,,,,,Y,,A,01,0,0,1,0,0,0,0,0,0,-,-,34.454370000000004,-118.42036,LOS ANGELES,UNINCORPORATED,-118.42031004,34.45435004
4396,90561656,2017,2017-10-03,9540,2017-09-27,1810,019853,,3,2,7,1942,0,1,1,,1,503,I-5 S/B TO SAN FERNANDO RD.,SAN FERNANDO RD,10.0,N,N,A,-,Y,,,5.0,,,,R,,S,N,4,0,1,2,A,-,04,21703.0,,N,C,C,A,A,H,-,A,A,0,,,,,Y,,A,07,0,0,1,0,0,0,0,0,0,-,-,34.32419,-118.50353,LOS ANGELES,LOS ANGELES,-118.50353,34.32419
4397,90562212,2017,2017-10-03,9565,2017-09-22,1415,021791,,5,2,9,1900,0,3,5,,2,004,CENTURY BOULEVARD,LA CIENEGA BOULEVARD,0.0,,Y,A,-,N,,,,,,,,,,N,3,0,1,2,A,-,05,21650.0,,N,D,G,A,A,H,-,A,A,0,,Y,,,Y,,L,04,0,1,0,0,0,0,1,0,0,-,-,33.94525,-118.36997,LOS ANGELES,UNINCORPORATED,-118.37006002,33.94541002
4398,90563269,2017,2017-10-04,9565,2017-09-17,140,021371,,7,3,9,1900,0,3,5,,2,004,135TH ST,CRENSHAW BLVD,0.0,,Y,A,-,N,,,,,,,,,,Y,3,0,2,3,A,-,01,23153.0,A,N,D,C,A,A,H,-,C,A,0,,,,,Y,Y,A,08,0,2,0,0,0,0,0,0,0,-,-,33.90922,-118.32661999999999,LOS ANGELES,UNINCORPORATED,-118.32660012,33.90919007
4399,90563558,2017,2017-10-05,9550,2017-10-02,943,015746,,1,1,9,1900,0,1,3,,2,602,STATE ROUTE 60 TO FULLERTON ROAD,FULLERTON ROAD,30.0,E,N,A,-,Y,,,60.0,,,,R,,,Y,4,0,1,2,A,-,08,22107.0,,N,B,C,A,A,H,-,A,A,0,,,,Y,Y,,G,25,0,0,1,0,0,0,0,0,0,-,-,33.99543,-117.90488,LOS ANGELES,UNINCORPORATED,-117.90488,33.99543
4400,90564863,2017,2017-10-06,9550,2017-10-03,740,016109,,2,1,9,1900,0,2,4,,1,051,FULLERTON ROAD,CROSSHAVEN DRIVE,100.0,S,N,B,-,N,,,,,,,,,,Y,4,0,3,3,A,-,03,22350.0,,N,B,C,A,B,H,-,A,D,0,,,,,Y,,A,01,0,0,3,0,0,0,0,0,0,-,-,33.98447,-117.90756,LOS ANGELES,UNINCORPORATED,-117.90772965,33.98361638
4401,90566325,2017,2017-10-09,9565,2017-09-30,750,017060,,6,1,5,1928,0,1,1,,2,012,I-105 E/B (CENTURY FREEWAY),CRENSHAW BLVD.,5.0,E,N,A,-,Y,,,105.0,,,,,,E,N,4,0,1,2,A,-,08,22107.0,,F,D,C,A,A,H,-,A,D,0,,,,,Y,,D,22,0,0,1,0,0,0,0,0,0,-,-,33.92442,-118.32636000000001,LOS ANGELES,HAWTHORNE,-118.32637601,33.92501316
4402,90566740,2017,2017-10-10,9530,2017-10-01,1735,021642,,7,2,9,1900,0,3,5,,2,006,SEPULVEDA BLVD. (1200 BLOCK),NORMANDIE AVE.,66.0,E,N,A,-,N,,,,,,,,,,N,4,0,2,2,A,-,03,22350.0,,M,C,C,A,A,H,-,A,D,0,,,,,Y,,-,99,0,0,2,0,0,0,0,0,0,-,-,33.812670000000004,-118.29773999999999,LOS ANGELES,UNINCORPORATED,-118.29800093,33.81309821
4403,90568746,2017,2017-10-12,9535,2017-10-04,910,016277,,3,1,9,1900,0,2,4,,2,025,ATLANTIC BOULEVARD (500 BLOCK),HASTINGS STREET,120.0,N,N,A,-,N,,,,,,,,,,Y,4,0,1,2,A,-,08,22100.0,A,N,D,C,A,A,H,-,A,D,0,,,,Y,Y,,F,25,0,0,1,0,0,0,0,0,0,-,-,34.02629,-118.15546,LOS ANGELES,UNINCORPORATED,-118.15551127,34.02625863
4404,90568753,2017,2017-10-12,9550,2017-10-09,2025,021196,,1,2,9,1900,0,2,4,,1,032,GALE AVE W/B,FARMSTEAD AVE,250.0,W,N,A,-,N,,,,,,,,,,Y,3,0,1,2,A,-,01,23152.0,A,N,C,C,A,A,H,-,C,D,0,,,,Y,Y,Y,A,01,0,1,0,0,0,0,0,0,0,-,-,34.01228,-117.96706999999999,LOS ANGELES,UNINCORPORATED,-117.96706778,34.01206373