,CASE_ID,ACCIDENT_YEAR,PROC_DATE,JURIS,COLLISION_DATE,COLLISION_TIME,OFFICER_ID,REPORTING_DISTRICT,DAY_OF_WEEK,CHP_SHIFT,POPULATION,CNTY_CITY_LOC,SPECIAL_COND,BEAT_TYPE,CHP_BEAT_TYPE,CITY_DIVISION_LAPD,CHP_BEAT_CLASS,BEAT_NUMBER,PRIMARY_RD,SECONDARY_RD,DISTANCE,DIRECTION,INTERSECTION,WEATHER_1,WEATHER_2,STATE_HWY_IND,CALTRANS_COUNTY,CALTRANS_DISTRICT,STATE_ROUTE,ROUTE_SUFFIX,POSTMILE_PREFIX,POSTMILE,LOCATION_TYPE,RAMP_INTERSECTION,SIDE_OF_HWY,TOW_AWAY,COLLISION_SEVERITY,NUMBER_KILLED,NUMBER_INJURED,PARTY_COUNT,PRIMARY_COLL_FACTOR,PCF_CODE_OF_VIOL,PCF_VIOL_CATEGORY,PCF_VIOLATION,PCF_VIOL_SUBSECTION,HIT_AND_RUN,TYPE_OF_COLLISION,MVIW,PED_ACTION,ROAD_SURFACE,ROAD_COND_1,ROAD_COND_2,LIGHTING,CONTROL_DEVICE,CHP_ROAD_TYPE,PEDESTRIAN_ACCIDENT,BICYCLE_ACCIDENT,MOTORCYCLE_ACCIDENT,TRUCK_ACCIDENT,NOT_PRIVATE_PROPERTY,ALCOHOL_INVOLVED,STWD_VEHTYPE_AT_FAULT,CHP_VEHTYPE_AT_FAULT,COUNT_SEVERE_INJ,COUNT_VISIBLE_INJ,COUNT_COMPLAINT_PAIN,COUNT_PED_KILLED,COUNT_PED_INJURED,COUNT_BICYCLIST_KILLED,COUNT_BICYCLIST_INJURED,COUNT_MC_KILLED,COUNT_MC_INJURED,PRIMARY_RAMP,SECONDARY_RAMP,LATITUDE,LONGITUDE,COUNTY,CITY,POINT_X,POINT_Y
5334,8398303,2017,2017-06-29,3014,2017-06-18,1044,1253,RD13,7,5,5,3014,0,0,0,,0,0A1,WEST BALBOA BL,20TH ST,8.0,E,N,B,-,N,,,,,,,,,,N,3,0,1,2,A,-,10,21950.0,A,N,G,B,B,A,H,-,A,D,0,Y,,,,Y,,A,08,0,1,0,0,1,0,0,0,0,-,-,33.6082,-117.9272,ORANGE,NEWPORT BEACH,-117.92719931,33.60840653
5335,8397693,2017,2018-04-16,3010,2017-06-20,1135,1211,423,2,5,6,3010,0,0,0,,0,003,RT 39,OWENS ST,122.0,S,N,A,-,Y,ORA,12.0,39.0,-,-,2.31,H,-,S,Y,4,0,3,4,A,-,07,21658.0,A,N,B,C,A,A,H,-,A,D,0,,,,Y,Y,,A,01,0,0,3,0,0,0,0,0,0,-,-,,,ORANGE,HUNTINGTON BEACH,-117.98881965,33.68190234
5336,8397685,2017,2017-07-11,3010,2017-06-13,1531,251,242,2,5,6,3010,0,0,0,,0,009,GOTHARD,EDINGER,58.0,N,N,A,-,N,,,,,,,,,,N,3,0,1,2,A,-,08,22107.0,,N,B,B,E,A,H,-,A,A,0,Y,,,,Y,,I,20,0,1,0,0,1,0,0,0,0,-,-,,,ORANGE,HUNTINGTON BEACH,-118.00028401,33.73033899
5337,8396837,2017,2017-06-26,3010,2017-06-05,1527,1118,261,1,5,6,3010,0,0,0,,0,007,GOTHARD,SATURN,345.0,N,N,A,-,N,,,,,,,,,,N,3,0,1,2,A,-,05,21650.0,1,N,D,G,A,A,H,-,A,D,0,,Y,,,Y,,L,04,0,1,0,0,0,0,1,0,0,-,-,,,ORANGE,HUNTINGTON BEACH,-118.00013394,33.72126572
5338,8396821,2017,2018-03-20,3010,2017-06-03,1534,1118,463,6,5,6,3010,0,0,0,,0,002,ATLANTA,RT 39,260.0,E,N,A,-,N,,,,,,,,,,N,4,0,1,2,A,-,09,21804.0,A,M,A,G,A,A,G,-,A,D,0,,Y,,,Y,,-,99,0,0,1,0,0,0,1,0,0,-,-,,,ORANGE,HUNTINGTON BEACH,,
5339,8396717,2017,2017-06-26,3016,2017-05-13,1353,1259,19,6,5,5,3016,0,0,0,,0,002,MURRAY ST,CHAPMAN AV,16.0,N,N,A,-,N,,,,,,,,,,N,3,0,1,2,A,-,05,21650.0,1,N,H,G,A,A,H,-,A,A,0,,Y,,,Y,,L,04,0,1,0,0,0,0,1,0,0,-,-,33.87307,-117.87467,ORANGE,PLACENTIA,-117.87472,33.873020000000004
5340,8396693,2017,2017-08-21,3010,2017-05-23,742,0147,159,2,5,6,3010,0,0,0,,0,007,EDINGER,BALLANTINE,0.0,,Y,A,-,N,,,,,,,,,,N,4,0,1,2,A,-,12,22450.0,A,N,D,B,E,A,H,-,A,A,0,Y,,,,Y,,A,07,0,0,1,0,1,0,0,0,0,-,-,,,ORANGE,HUNTINGTON BEACH,-118.01945013,33.73000004
5341,8396655,2017,2017-06-26,3010,2017-05-31,1013,1207,,3,5,6,3010,0,0,0,,0,007,HEIL AV,EDWARDS ST,127.0,E,N,B,-,N,,,,,,,,,,Y,4,0,1,2,A,-,03,22350.0,,N,C,C,A,A,H,-,A,A,0,,,,,Y,,A,01,0,0,1,0,0,0,0,0,0,-,-,,,ORANGE,HUNTINGTON BEACH,-118.01507333,33.722744299999995
5342,8396431,2017,2017-06-26,3010,2017-06-05,708,1059,126,1,5,6,3010,0,0,0,,0,009,BOLSA AV,BOLSA CHICA ST,15.0,E,N,B,-,N,,,,,,,,,,N,3,0,1,2,A,-,11,21456.0,B,N,G,B,B,A,H,-,A,A,0,Y,,,,Y,,N,60,0,1,0,0,1,0,0,0,0,-,-,,,ORANGE,HUNTINGTON BEACH,-118.04164077,33.74442041
5343,8396279,2017,2017-07-12,3019,2017-06-05,953,3317,WE,1,5,7,3019,0,0,0,,0,001,FLOWER ST,CIVIC CENTER DR,0.0,,Y,B,-,N,,,,,,,,,,N,4,0,1,2,A,-,12,21453.0,A,N,G,G,A,A,H,-,A,A,0,,Y,,,Y,,L,04,0,0,1,0,0,0,1,0,0,-,-,33.75141,-117.87675,ORANGE,SANTA ANA,-117.87649011,33.75153005
5344,8395884,2017,2017-07-10,3001,2017-05-29,806,1555,,1,5,7,3001,0,0,0,,0,0D2,WEST LA PALMA AV,N EUCLID ST,10.0,E,N,B,-,N,,,,,,,,,,,3,0,1,2,A,-,09,21453.0,B,N,D,G,A,A,H,-,A,A,0,,Y,,,Y,,A,07,0,1,0,0,0,0,1,0,0,-,-,,,ORANGE,ANAHEIM,-117.94163714,33.8471
5345,8395864,2017,2017-07-10,3001,2017-05-22,1646,1397,,1,5,7,3001,0,0,0,,0,0D3,WEST KATELLA AV,SOUTH ANAHEIM BL,51.0,W,N,A,-,N,,,,,,,,,,Y,4,0,2,2,A,-,09,21453.0,B,N,D,C,A,A,H,-,A,A,0,,,,,Y,,A,07,0,0,2,0,0,0,0,0,0,-,-,,,ORANGE,ANAHEIM,-117.90686748,33.80343
5346,8395860,2017,2017-07-10,3001,2017-05-24,1830,2125,D3,3,5,7,3001,0,0,0,,0,031,SOUTH WALNUT ST,KATELLA AV,1.0,N,N,A,-,N,,,,,,,,,,N,4,0,1,2,A,-,05,21650.0,1,N,A,G,A,A,H,-,A,A,0,,Y,,,Y,,L,04,0,0,1,0,0,0,1,0,0,-,-,,,ORANGE,ANAHEIM,-117.92838005,33.80337274
5347,8395678,2017,2017-07-14,3019,2017-06-15,1736,3196,SC,4,5,7,3019,0,0,0,,0,004,WARNER AV,OTIS ST,12.0,E,N,A,-,N,,,,,,,,,,Y,4,0,1,2,A,-,09,21804.0,A,N,D,C,A,A,H,-,A,D,0,,,,,Y,,A,01,0,0,1,0,0,0,0,0,0,-,-,33.714040000000004,-117.91842,ORANGE,SANTA ANA,-117.91815063,33.71391
5348,8395127,2017,2017-08-02,3001,2017-05-14,1742,1397,1916,7,5,7,3001,0,0,0,,0,0D1,WEST BALL RD,S FERN ST,6.0,E,N,A,-,N,,,,,,,,,,N,3,0,1,2,A,-,05,21650.0,1,N,D,G,A,A,H,-,A,A,0,,Y,,,Y,,L,04,0,1,0,0,0,0,1,0,0,-,-,,,ORANGE,ANAHEIM,-117.98900029,33.8174702
5349,8394781,2017,2017-08-04,3001,2017-05-08,1043,A2367,3001,1,5,7,3001,0,0,0,,0,0D2,ORANGETHORPE AV,ORANGETHORPE PARK,56.0,E,N,A,-,N,,,,,,,,,,Y,4,0,1,3,A,-,08,22100.0,A,N,B,C,A,A,H,-,A,D,0,,,,Y,Y,,F,26,0,0,1,0,0,0,0,0,0,-,-,,,ORANGE,ANAHEIM,-117.90950598,33.85955127
5350,8394693,2017,2017-06-26,3019,2017-06-10,1131,3457,WE,6,5,7,3019,0,0,0,,0,001,PACIFIC AV,1ST ST,0.0,,Y,A,-,N,,,,,,,,,,Y,4,0,1,2,A,-,09,21453.0,B,F,D,C,A,A,H,-,A,A,0,,,,,Y,,A,01,0,0,1,0,0,0,0,0,0,-,-,33.74527,-117.88841000000001,ORANGE,SANTA ANA,-117.88849003,33.74544003
5351,8394457,2017,2017-06-23,3015,2017-05-12,1118,1386,16E,5,5,6,3015,0,0,0,,0,711,TUSTIN ST,MAYFAIR AV,0.0,,Y,A,-,N,,,,,,,,,,N,4,0,1,2,A,-,09,21804.0,A,N,D,G,A,A,H,-,A,A,0,,Y,,,Y,,L,04,0,0,1,0,0,0,1,0,0,-,-,,,ORANGE,ORANGE,-117.83566007,33.79904012
5352,8394443,2017,2017-06-23,3003,2017-06-07,1719,665,23,3,5,5,3003,0,0,0,,0,008,KNOTT AV,LINCOLN AV,0.0,,Y,A,-,N,,,,,,,,,,N,4,0,1,3,A,-,03,22350.0,,N,D,C,A,A,H,-,A,A,0,,,,,Y,,A,01,0,0,1,0,0,0,0,0,0,-,-,33.8322,-118.0116,ORANGE,BUENA PARK,-118.01106001,33.83198009
5353,8394441,2017,2017-06-23,3015,2017-05-03,612,1364,76,3,5,6,3015,0,0,0,,0,713,EAST CHAPMAN AV,N PROSPECT ST,281.0,W,N,A,-,N,,,,,,,,,,N,3,0,1,2,A,-,05,21650.0,,N,D,C,A,A,A,-,B,A,0,,Y,,,Y,,L,04,0,1,0,0,0,0,1,0,0,-,-,,,ORANGE,ORANGE,-117.81932254,33.7878
5354,8394111,2017,2017-06-23,3022,2017-06-09,446,1249,SOUTH,5,5,5,3022,0,0,0,,0,,TUSTIN RANCH RD,WALNUT AV,0.0,,Y,A,-,N,,,,,,,,,,Y,3,0,1,2,A,-,12,21453.0,A,N,D,C,A,A,H,-,C,A,0,,,,,Y,,A,01,0,1,0,0,0,0,0,0,0,-,-,33.7188,-117.80949,ORANGE,TUSTIN,-117.80969009999998,33.71873002
5355,8393918,2017,2017-06-21,3022,2017-05-29,1318,1237,NORTH,1,5,5,3022,0,0,0,,0,,RED HILL AV,BRYAN AV,28.0,N,N,A,-,N,,,,,,,,,,Y,3,0,2,3,A,-,08,22107.0,,N,A,C,A,A,H,-,A,D,0,,,,,Y,,A,07,0,1,1,0,0,0,0,0,0,-,-,33.73921,-117.80978999999999,ORANGE,TUSTIN,-117.8098311,33.739218900000004
5356,8393917,2017,2017-06-21,3022,2017-06-08,1120,1154,NORTH,4,5,5,3022,0,0,0,,0,,TREVINO DR,JAMBOREE RD,12.0,E,N,A,-,N,,,,,,,,,,N,3,0,1,2,D,-,00,,,M,D,G,A,A,H,-,A,A,0,,Y,,,Y,,-,-,0,1,0,0,0,0,1,0,0,-,-,33.73645,-117.7786,ORANGE,TUSTIN,-117.77868968,33.73652901
5357,8393914,2017,2017-06-20,3022,2017-05-25,2116,1249,SOUTH,4,5,5,3022,0,0,0,,0,,RED HILL AV,NISSON RD,249.0,S,N,A,-,N,,,,,,,,,,N,4,0,1,2,A,-,08,22107.0,,N,G,G,A,A,H,-,C,D,0,,Y,,,Y,,A,01,0,0,1,0,0,0,1,0,0,-,-,33.73271,-117.81608999999999,ORANGE,TUSTIN,-117.81674381,33.73221619
5358,8393893,2017,2017-06-21,3022,2017-06-08,731,1154,NORTH,4,5,5,3022,0,0,0,,0,,FARMINGTON RD,SAN JUAN ST,2.0,N,N,A,-,N,,,,,,,,,,N,3,0,1,2,A,-,05,21650.0,1,N,H,G,A,A,H,-,A,D,0,,Y,,,Y,,L,04,0,1,0,0,0,0,1,0,0,-,-,33.73383,-117.80897,ORANGE,TUSTIN,-117.80895582,33.73372422
5359,8393747,2017,2017-06-23,3019,2017-03-31,650,1925,SE,5,5,7,3019,0,0,0,,0,209,GRAND AV,HOTEL TER DR,300.0,S,N,A,-,N,,,,,,,,,,Y,4,0,1,2,A,-,08,22107.0,,N,B,C,A,A,H,-,A,A,0,,,,Y,Y,,F,25,0,0,1,0,0,0,0,0,0,-,-,33.71219,-117.85073,ORANGE,SANTA ANA,-117.85061824,33.71142765
5360,8393723,2017,2017-06-23,3019,2017-05-17,1121,3486,SC,3,5,7,3019,0,0,0,,0,004,FAIRVIEW ST,ANAHURST PL,65.0,S,N,A,-,N,,,,,,,,,,Y,3,0,1,2,A,-,08,22100.0,A,N,B,C,A,A,H,-,A,D,0,,,,,Y,,D,22,0,1,0,0,0,0,0,0,0,-,-,33.7179,-117.90816000000001,ORANGE,SANTA ANA,-117.90800724,33.71765734
5361,8393058,2017,2017-06-22,3001,2017-04-26,1653,471,,3,5,7,3001,0,0,0,,0,D-4,LA PALMA AV,RED GUM ST,210.0,W,N,A,-,N,,,,,,,,,,Y,4,0,1,2,A,-,09,21804.0,A,N,C,C,A,A,H,-,A,D,0,,,,,Y,,A,01,0,0,1,0,0,0,0,0,0,-,-,,,ORANGE,ANAHEIM,-117.86427005,33.84937249
5362,8392709,2017,2017-06-22,3001,2017-04-20,732,1278,,4,5,7,3001,0,0,0,,0,0D1,WEST CRESCENT AV,N MORAGA ST,124.0,E,N,A,-,N,,,,,,,,,,Y,4,0,3,3,A,-,09,21804.0,A,N,D,C,A,A,H,-,A,D,0,,,,,Y,,A,01,0,0,3,0,0,0,0,0,0,-,-,,,ORANGE,ANAHEIM,-117.96455273,33.83977905
5363,8392708,2017,2017-06-23,3001,2017-05-01,1048,41555,,1,5,7,3001,0,0,0,,0,0D3,S RIGNEY WY,EAST KATELLA AV,0.0,,Y,A,-,N,,,,,,,,,,N,4,0,1,2,A,-,09,21804.0,A,N,D,G,A,A,H,-,A,A,0,,Y,,,Y,,L,04,0,0,1,0,0,0,1,0,0,-,-,,,ORANGE,ANAHEIM,,
5364,8392669,2017,2017-06-22,3001,2017-04-20,2000,A1252,,4,5,7,3001,0,0,0,,0,0D2,W CORONET AV,MAKO LN,14.0,W,N,A,-,N,,,,,,,,,,N,3,0,1,2,A,-,09,21802.0,A,N,D,G,A,A,H,-,C,A,0,,Y,,,Y,,L,04,0,1,0,0,0,0,1,0,0,-,-,,,ORANGE,ANAHEIM,-117.94889563,33.85183492
5365,8391787,2017,2017-06-19,3019,2017-05-16,1103,3487,NE,2,5,7,3019,0,0,0,,0,002,TUSTIN AV,6TH ST,150.0,N,N,B,-,N,,,,,,,,,,N,4,0,1,2,A,-,08,22107.0,,N,D,G,A,A,H,-,A,D,0,,Y,,,Y,,A,01,0,0,1,0,0,0,1,0,0,-,-,,,ORANGE,SANTA ANA,-117.83415894,33.75033113
5366,8391417,2017,2017-06-19,3022,2017-05-24,1610,1225,,3,5,5,3022,0,0,0,,0,,RED HILL AV,SYCAMORE AV,620.0,N,N,A,-,N,,,,,,,,,,N,3,0,1,2,A,-,08,22107.0,,N,A,G,A,A,H,-,A,D,0,,Y,,,Y,,A,01,0,1,0,0,0,0,1,0,0,-,-,33.72521,-117.8238,ORANGE,TUSTIN,-117.82251577,33.72649423
5367,8391211,2017,2017-06-23,3019,2017-05-15,736,3201,WE,1,5,7,3019,0,0,0,,0,001,NEWHOPE ST,POSEY ST,0.0,,Y,A,-,N,,,,,,,,,,N,3,0,1,2,A,-,03,22350.0,,N,C,G,A,A,H,-,A,D,0,,Y,,,Y,,L,04,0,1,0,0,0,0,1,0,0,-,-,33.73986,-117.92896,ORANGE,SANTA ANA,-117.92867006,33.73989004
5368,8391193,2017,2017-06-23,3019,2017-05-12,1027,2776,NE,5,5,7,3019,0,0,0,,0,002,SANTA ANA BL,SANTIAGO AV,0.0,,Y,A,-,N,,,,,,,,,,Y,4,0,1,2,A,-,08,22100.0,A,N,B,C,A,A,D,E,A,A,0,,,,Y,Y,,G,27,0,0,1,0,0,0,0,0,0,-,-,33.75244,-117.85803999999999,ORANGE,SANTA ANA,-117.85794002,33.75229008
5369,8391099,2017,2017-10-03,3002,2017-05-16,736,1395,324W,2,5,4,3002,0,0,0,,0,012,KRAEMER BL,BIRCH ST,15.0,S,N,A,-,N,,,,,,,,,,N,4,0,1,2,A,-,10,21950.0,A,M,B,B,B,A,H,-,A,A,0,Y,,,,Y,,A,07,0,0,1,0,1,0,0,0,0,-,-,,,ORANGE,BREA,-117.86384925,33.91821888
5370,8390878,2017,2017-06-23,3001,2017-04-25,1433,1825,,2,5,7,3001,0,0,0,,0,0D1,SOUTH SHERRILL ST,BALL RD,3.0,N,N,A,-,N,,,,,,,,,,N,4,0,1,2,A,-,09,21804.0,A,N,D,G,A,A,H,-,A,A,0,,Y,,,Y,,L,04,0,0,1,0,0,0,1,0,0,-,-,,,ORANGE,ANAHEIM,-117.97970011,33.81756822
5371,8390495,2017,2017-06-21,3026,2017-05-23,1915,390,UNIVE,2,5,6,3026,0,0,0,,0,003,TURTLE ROCK DR,SIERRA ORO RD,21.0,W,N,A,-,N,,,,,,,,,,N,4,0,1,2,A,-,03,22350.0,,N,C,C,A,A,H,-,B,D,0,,,,,Y,,A,01,0,0,1,0,0,0,0,0,0,-,-,33.63317,-117.81516,ORANGE,IRVINE,-117.81507777,33.63297
5372,8390225,2017,2017-06-20,3001,2017-04-17,757,2353,,1,5,7,3001,0,0,0,,0,002,SOUTH ANAHEIM BL,WEST BALL RD,200.0,N,N,B,-,N,,,,,,,,,,N,4,0,1,2,A,-,09,21804.0,A,N,D,C,A,A,H,-,A,A,0,,,,,Y,,A,01,0,0,1,0,0,0,0,0,0,-,-,,,ORANGE,ANAHEIM,-117.90823608,33.81859824
5373,8390209,2017,2017-06-20,3001,2017-04-13,1146,0945,,4,5,7,3001,0,0,0,,0,0D1,W LINCOLN AV,WESTCHESTER DR,611.0,W,N,B,-,N,,,,,,,,,,N,4,0,2,3,A,-,03,22350.0,,M,C,C,A,A,H,-,A,D,0,,,,,Y,,A,01,0,0,2,0,0,0,0,0,0,-,-,,,ORANGE,ANAHEIM,-118.00742717,33.8319969
5374,8390190,2017,2017-06-19,3001,2017-04-18,2105,1622,,2,5,7,3001,0,0,0,,0,0D3,WEST KATELLA AV,S ZEYN ST,0.0,,Y,A,-,N,,,,,,,,,,N,4,0,1,2,A,-,09,21802.0,A,N,-,G,A,A,H,-,C,D,0,,Y,,,Y,,A,07,0,0,1,0,0,0,1,0,0,-,-,,,ORANGE,ANAHEIM,-117.90814006,33.80342006
5375,8390173,2017,2017-06-19,3001,2017-04-15,1410,2227,,6,5,7,3001,0,0,0,,0,0D3,WEST CHAPMAN AV,S WILLOWBROOK LN,0.0,,Y,A,-,N,,,,,,,,,,N,4,0,1,2,A,-,09,21804.0,A,M,B,G,A,A,H,-,A,D,0,,Y,,,Y,,L,04,0,0,1,0,0,0,1,0,0,-,-,,,ORANGE,ANAHEIM,-117.91212012,33.78891003
5376,8389819,2017,2017-06-21,3019,2017-05-24,1318,2776,SE,3,5,7,3019,0,0,0,,0,003,EDINGER AV,STANDARD AV,15.0,W,N,A,-,N,,,,,,,,,,N,4,0,1,2,A,-,17,21451.0,A,M,H,G,A,A,H,-,A,A,0,,Y,,,Y,,L,04,0,0,1,0,0,0,1,0,0,-,-,33.72685,-117.85628,ORANGE,SANTA ANA,-117.85649921,33.72690042
5377,8389663,2017,2017-06-22,3010,2017-05-30,2500,1176,147,2,5,6,3010,0,0,0,,0,008,SPRINGDALE,EDINGER,0.0,,Y,B,-,N,,,,,,,,,,N,3,0,1,2,A,-,09,21804.0,A,F,D,G,A,A,H,-,A,A,0,,Y,,,Y,,L,04,0,1,0,0,0,0,1,0,0,-,-,,,ORANGE,HUNTINGTON BEACH,-118.02413001,33.72997009
5378,8389647,2017,2017-06-23,3010,2017-05-28,858,1118,252,7,5,6,3010,0,0,0,,0,007,HEIL AV,SILVER LN,15.0,W,N,A,-,N,,,,,,,,,,N,3,0,1,2,A,-,05,21650.0,1,N,D,G,A,A,H,-,A,A,0,,Y,,,Y,,L,04,0,1,0,0,0,0,1,0,0,-,-,,,ORANGE,HUNTINGTON BEACH,-117.99373922,33.72289
5379,8389636,2017,2017-06-19,3019,2017-05-17,1338,3150,SC,3,5,7,3019,0,0,0,,0,004,BRISTOL ST,WILSHIRE AV,5.0,N,N,B,-,N,,,,,,,,,,Y,4,0,1,2,A,-,08,22100.0,A,N,D,C,A,A,H,-,A,D,0,,,,,Y,,A,01,0,0,1,0,0,0,0,0,0,-,-,33.73093,-117.88513999999999,ORANGE,SANTA ANA,-117.88519,33.73082371
5380,8389626,2017,2017-06-19,3019,2017-06-02,652,2875,NE,5,5,7,3019,0,0,0,,0,002,4TH ST,TUSTIN AV,110.0,W,N,A,-,N,,,,,,,,,,N,3,0,1,2,A,-,08,22107.0,,N,D,C,A,A,H,-,A,A,0,,,Y,,Y,,C,03,0,1,0,0,0,0,0,0,1,-,-,33.74798,-117.83438000000001,ORANGE,SANTA ANA,-117.83449097,33.7482683
5381,8389620,2017,2017-06-15,3019,2017-05-12,1219,3155,SE,5,5,7,3019,0,0,0,,0,003,FLOWER ST,MACARTHUR BL,0.0,,Y,A,-,N,,,,,,,,,,N,4,0,1,2,A,-,05,21650.0,,N,H,G,A,A,H,-,A,A,0,,Y,,,Y,,L,04,0,0,1,0,0,0,1,0,0,-,-,33.69986,-117.87693,ORANGE,SANTA ANA,-117.87694002,33.69994012
5382,8389611,2017,2017-06-22,3010,2017-05-13,602,1208,437,6,5,6,3010,0,0,0,,0,003,BROOKHURST,CONSTITUTION AV,80.0,S,N,A,-,N,,,,,,,,,,Y,4,0,1,1,A,-,08,22107.0,,N,E,I,A,A,H,-,A,D,0,,,,,Y,,A,08,0,0,1,0,0,0,0,0,0,-,CO,,,ORANGE,HUNTINGTON BEACH,-117.95400693,33.67681068
5383,8389607,2017,2017-06-22,3010,2017-05-14,652,1261,168,7,5,6,3010,0,0,0,,0,007,HEIL,EDWARDS,0.0,,Y,B,-,N,,,,,,,,,,Y,4,0,1,2,A,-,09,21453.0,B,N,D,C,A,A,H,-,A,A,0,,,,,Y,,-,,0,0,1,0,0,0,0,0,0,-,-,,,ORANGE,HUNTINGTON BEACH,-118.01549009,33.72274003
5384,8389439,2017,2017-07-03,3003,2017-05-27,1745,1208,3003,6,5,5,3003,0,0,0,,0,,WESTERN AV,LA PALMA AV,191.0,N,N,A,-,N,,,,,,,,,,N,4,0,1,2,D,-,00,,,N,E,G,A,A,H,-,A,D,0,,Y,,,Y,,-,-,0,0,1,0,0,0,1,0,0,-,-,33.8473,-118.0024,ORANGE,BUENA PARK,-118.00238,33.84715368
5385,8389305,2017,2017-06-27,3001,2017-04-24,1339,1355,,1,5,7,3001,0,0,0,,0,0D2,EAST BROADWAY,SOUTH OLIVE ST,16.0,W,N,B,-,N,,,,,,,,,,N,3,0,1,2,A,-,05,21650.0,1,N,B,B,A,A,H,-,A,A,0,,Y,,,Y,,L,04,0,1,0,0,0,0,1,0,0,-,-,,,ORANGE,ANAHEIM,-117.90950063,33.83418822
5386,8389183,2017,2017-06-26,3001,2017-04-17,1639,1397,,1,5,7,3001,0,0,0,,0,0D2,S MITO WY,EAST BROADWAY,2.0,N,N,A,-,N,,,,,,,,,,N,4,0,1,2,A,-,05,21650.0,1,N,D,G,A,A,H,-,A,A,0,,Y,,,Y,,L,04,0,0,1,0,0,0,1,0,0,-,-,,,ORANGE,ANAHEIM,,
5387,8389167,2017,2017-06-23,3000,2017-05-19,1900,3542,797H1,5,5,4,3021,0,0,0,,0,021,CERRITOS AV,WESTERN AV,104.0,W,N,A,-,N,,,,,,,,,,Y,4,0,1,2,A,-,09,21804.0,A,N,D,C,A,A,H,-,A,D,0,,,,,Y,,A,01,0,0,1,0,0,0,0,0,0,-,-,,,ORANGE,STANTON,-118.00234153,33.81006569
5388,8388668,2017,2017-07-11,3019,2017-05-25,1937,3294,WE,4,5,7,3019,0,0,0,,0,001,17TH,ENGLISH,15.0,E,N,A,-,N,,,,,,,,,,N,4,0,1,3,D,-,00,,,N,B,C,A,A,H,-,A,A,0,,,,,Y,,-,-,0,0,1,0,0,0,0,0,0,-,-,,,ORANGE,SANTA ANA,-117.89661078,33.7599109
5389,8388149,2017,2017-06-14,3001,2017-04-12,2113,A1252,,3,5,7,3001,0,0,0,,0,0D1,WEST GLENOAKS AV,EUCLID ST,22.0,W,N,A,-,N,,,,,,,,,,N,4,0,1,2,D,-,00,,,N,G,B,B,A,H,-,C,A,0,Y,,,,Y,,-,-,0,0,1,0,1,0,0,0,0,-,-,,,ORANGE,ANAHEIM,-117.94168228,33.84295
5390,8388141,2017,2017-06-14,3001,2017-04-09,222,415,,7,5,7,3001,0,0,0,,0,0D3,S 9TH ST,WEST KATELLA AV,51.0,S,N,A,-,N,,,,,,,,,,Y,3,0,1,1,A,-,01,23152.0,A,M,E,I,A,A,H,-,D,A,0,,,,,Y,Y,A,01,0,1,0,0,0,0,0,0,0,-,-,,,ORANGE,ANAHEIM,-117.93275,33.80318018
5391,8387675,2017,2017-06-13,3019,2017-04-29,1354,3439,WE,6,5,7,3019,0,0,0,,0,001,FAIRVIEW ST,1ST ST,10.0,N,N,A,-,N,,,,,,,,,,Y,4,0,1,3,C,-,18,,,M,A,C,A,A,H,-,A,A,0,,,,,Y,,-,-,0,0,1,0,0,0,0,0,0,-,-,33.745309999999996,-117.90525,ORANGE,SANTA ANA,-117.90535035,33.74530741
5392,8387455,2017,2018-04-20,3020,2017-06-25,1244,365,,7,5,4,3020,0,0,0,,0,SOUTH,RT 1,5TH ST,351.0,W,N,A,-,Y,ORA,12.0,1.0,-,-,33.49,H,-,S,N,4,0,1,2,A,-,08,22107.0,,N,B,G,A,A,H,-,A,A,0,,Y,,,Y,,-,,0,0,1,0,0,0,1,0,0,-,-,,,ORANGE,SEAL BEACH,-118.10585878,33.74752384
5393,8387089,2017,2018-04-04,3001,2017-05-12,1518,A2351,1337,5,5,7,3001,0,0,0,,0,004,LAKEVIEW AV,RT 91,0.0,,Y,A,-,Y,ORA,12.0,91.0,-,R,10.262,R,4,W,N,4,0,1,2,A,-,12,21453.0,A,N,-,C,A,A,H,-,A,A,0,,,,,Y,,-,-,0,0,1,0,0,0,0,0,0,-,WF,,,ORANGE,ANAHEIM,-117.81224342,33.85286451
5394,8386932,2017,2018-04-23,3004,2017-05-30,1250,462,,2,5,6,3004,0,0,0,,0,008,FAIRVIEW RD,RT 405,21.0,N,N,A,-,Y,ORA,12.0,405.0,-,-,10.481,R,4,N,Y,4,0,1,2,A,-,09,21453.0,B,N,B,C,A,A,H,-,A,A,0,,,Y,,Y,,A,07,0,0,1,0,0,0,0,0,1,-,-,33.68842,-117.90765,ORANGE,COSTA MESA,-117.90248366,33.68784863
5395,8386928,2017,2018-03-21,3004,2017-06-15,1740,P542,13,4,5,6,3004,0,0,0,,0,008,FAIRVIEW RD,NEWPORT BL,42.0,N,N,A,-,N,,,,,,,,,,Y,4,0,1,2,A,-,09,21803.0,A,N,D,C,A,A,H,-,A,A,0,,,,,Y,,A,01,0,0,1,0,0,0,0,0,0,-,-,33.6538,-117.9075,ORANGE,COSTA MESA,-117.90774812,33.65215969