,CASE_ID,ACCIDENT_YEAR,PROC_DATE,JURIS,COLLISION_DATE,COLLISION_TIME,OFFICER_ID,REPORTING_DISTRICT,DAY_OF_WEEK,CHP_SHIFT,POPULATION,CNTY_CITY_LOC,SPECIAL_COND,BEAT_TYPE,CHP_BEAT_TYPE,CITY_DIVISION_LAPD,CHP_BEAT_CLASS,BEAT_NUMBER,PRIMARY_RD,SECONDARY_RD,DISTANCE,DIRECTION,INTERSECTION,WEATHER_1,WEATHER_2,STATE_HWY_IND,CALTRANS_COUNTY,CALTRANS_DISTRICT,STATE_ROUTE,ROUTE_SUFFIX,POSTMILE_PREFIX,POSTMILE,LOCATION_TYPE,RAMP_INTERSECTION,SIDE_OF_HWY,TOW_AWAY,COLLISION_SEVERITY,NUMBER_KILLED,NUMBER_INJURED,PARTY_COUNT,PRIMARY_COLL_FACTOR,PCF_CODE_OF_VIOL,PCF_VIOL_CATEGORY,PCF_VIOLATION,PCF_VIOL_SUBSECTION,HIT_AND_RUN,TYPE_OF_COLLISION,MVIW,PED_ACTION,ROAD_SURFACE,ROAD_COND_1,ROAD_COND_2,LIGHTING,CONTROL_DEVICE,CHP_ROAD_TYPE,PEDESTRIAN_ACCIDENT,BICYCLE_ACCIDENT,MOTORCYCLE_ACCIDENT,TRUCK_ACCIDENT,NOT_PRIVATE_PROPERTY,ALCOHOL_INVOLVED,STWD_VEHTYPE_AT_FAULT,CHP_VEHTYPE_AT_FAULT,COUNT_SEVERE_INJ,COUNT_VISIBLE_INJ,COUNT_COMPLAINT_PAIN,COUNT_PED_KILLED,COUNT_PED_INJURED,COUNT_BICYCLIST_KILLED,COUNT_BICYCLIST_INJURED,COUNT_MC_KILLED,COUNT_MC_INJURED,PRIMARY_RAMP,SECONDARY_RAMP,LATITUDE,LONGITUDE,COUNTY,CITY,POINT_X,POINT_Y
5647,8315531,2017,2017-03-08,3022,2017-01-27,1721,1259,SOUTH,5,5,5,3022,0,0,0,,0,,TUSTIN RANCH RD,WALNUT AV,0.0,,Y,A,-,N,,,,,,,,,,Y,4,0,2,3,A,-,03,22350.0,,N,A,C,A,A,H,-,A,A,0,,,,,Y,,A,01,0,0,2,0,0,0,0,0,0,-,-,33.7188,-117.80949,ORANGE,TUSTIN,-117.80969009999998,33.71873002
5648,8315424,2017,2017-03-07,3002,2017-01-13,1715,5013,739J3,5,5,5,3025,0,0,0,,0,001,BASTANCHURY RD,IMPERIAL HWY,0.0,,Y,A,-,N,,,,,,,,,,N,3,0,1,2,A,-,05,21650.0,1,N,D,G,A,A,H,-,C,A,0,,Y,,,Y,,L,04,0,1,0,0,0,0,1,0,0,-,-,,,ORANGE,YORBA LINDA,,
5649,8315278,2017,2017-03-08,3026,2017-02-22,1640,275,CROSS,3,5,6,3026,0,0,0,,0,005,ESCOLAR,WALNUT AV,0.0,,Y,A,-,N,,,,,,,,,,N,4,0,1,2,A,-,10,21950.0,A,N,G,B,B,A,H,-,A,A,0,Y,,,,Y,,A,01,0,0,1,0,1,0,0,0,0,-,-,33.70216,-117.7843,ORANGE,IRVINE,-117.78414007,33.702260100000004
5650,8314631,2017,2017-03-09,3009,2017-02-18,2332,3927,122,6,5,6,3009,0,0,0,,0,021,CHAPMAN AV,EUCLID ST,8.0,E,N,B,-,N,,,,,,,,,,Y,4,0,1,2,A,-,01,23152.0,A,M,D,C,A,A,H,-,C,A,0,,,,,Y,Y,I,11,0,0,1,0,0,0,0,0,0,-,-,,,ORANGE,GARDEN GROVE,-117.9412358,33.78866146
5651,8314548,2017,2017-03-03,3026,2017-02-10,1557,6352,CROSS,5,5,6,3026,0,0,0,,0,,OSBORN,EAST YALE LOOP,10.0,W,N,B,-,N,,,,,,,,,,N,3,0,1,2,B,-,22,,,N,H,G,A,A,H,-,A,A,0,,Y,,,Y,,L,04,0,1,0,0,0,0,1,0,0,-,-,,,ORANGE,IRVINE,-117.78851533,33.67420741
5652,8314544,2017,2017-12-26,3026,2017-02-14,1027,517,HJC,2,5,6,3026,0,0,0,,0,00C,BAKE PKWY,RT 5,91.0,S,N,A,-,Y,ORA,12.0,5.0,-,-,21.166,R,4,S,Y,3,0,1,1,A,-,08,22107.0,,N,E,I,A,A,H,-,A,A,0,,,Y,,Y,,C,03,0,1,0,0,0,0,0,0,1,-,SF,,,ORANGE,IRVINE,-117.73410816,33.64314651
5653,8314375,2017,2017-03-13,3001,2017-02-10,1904,1825,1822,5,5,7,3001,0,0,0,,0,0D3,SOUTH EUCLID ST,WEST BALL RD,15.0,S,N,C,-,N,,,,,,,,,,N,4,0,1,2,A,-,10,21950.0,A,N,G,B,B,B,H,-,C,A,0,Y,,,,Y,,A,01,0,0,1,0,1,0,0,0,0,-,-,,,ORANGE,ANAHEIM,-117.94153,33.81796888
5654,8313782,2017,2017-03-01,3001,2017-01-21,1749,415,,6,5,7,3001,0,0,0,,0,0D2,NORTH STATE COLLEGE BL,E BALSAM AV,11.0,N,N,A,B,N,,,,,,,,,,Y,4,0,1,2,A,-,09,21802.0,A,M,B,C,A,A,H,-,C,A,0,,,Y,,Y,,A,08,0,0,1,0,0,0,0,0,1,-,-,,,ORANGE,ANAHEIM,-117.88918057,33.85037015
5655,8313619,2017,2017-03-15,3001,2017-02-09,1359,17-20630,D1,4,5,7,3001,0,0,0,,0,WEST,GILBERT ST,BROADWAY AV,27.0,N,N,A,-,N,,,,,,,,,,N,4,0,1,2,A,-,03,22350.0,,M,C,D,A,A,H,-,A,A,0,,,,,Y,,D,22,0,0,1,0,0,0,0,0,0,-,-,,,ORANGE,ANAHEIM,-117.96761296,33.82879398
5656,8313603,2017,2017-03-13,3001,2017-02-03,1842,2227,,5,5,7,3001,0,0,0,,0,0D2,SOUTH CLIFFROSE ST,EAST LINCOLN AV,3.0,S,N,B,-,N,,,,,,,,,,N,4,0,1,2,A,-,05,21650.0,A,N,G,B,D,A,H,-,C,A,0,Y,,,,Y,,D,22,0,0,1,0,1,0,0,0,0,-,-,,,ORANGE,ANAHEIM,-117.89218999999999,33.84025178
5657,8312459,2017,2017-06-27,3026,2017-01-24,957,4991,,2,5,6,3026,0,0,0,,0,,CULVER DR,RT 405,0.0,,Y,B,-,Y,ORA,12.0,405.0,-,-,5.831,R,4,S,Y,4,0,1,3,A,-,12,21453.0,A,N,D,C,A,A,H,-,A,A,0,,,,,Y,,A,01,0,0,1,0,0,0,0,0,0,-,SF,,,ORANGE,IRVINE,-117.82630566,33.67051354
5658,8312071,2017,2017-02-27,3015,2017-01-26,1906,1372,41E,4,5,6,3015,0,0,0,,0,732,S ANITA ST,WEST CHAPMAN AV,0.0,,Y,A,-,N,,,,,,,,,,N,4,0,1,2,A,-,05,21650.0,1,N,D,G,A,A,H,-,C,A,0,,Y,,,Y,,L,04,0,0,1,0,0,0,1,0,0,-,-,,,ORANGE,ORANGE,-117.88118005,33.78788003
5659,8311918,2017,2017-02-23,3009,2017-02-03,926,4021,123,5,5,6,3009,0,0,0,,0,021,EUCLID,MARIAN,0.0,,Y,C,-,N,,,,,,,,,,N,4,0,1,2,A,-,09,21453.0,B,N,-,B,B,B,H,-,A,A,0,Y,,,,Y,,A,01,0,0,1,0,1,0,0,0,0,-,-,,,ORANGE,GARDEN GROVE,-117.94124002,33.78640008
5660,8311661,2017,2017-03-07,3024,2017-01-16,1723,421,P12,1,5,5,3024,0,0,0,,0,WEST,WYOMING ST,ARIZONA ST,0.0,,Y,A,-,N,,,,,,,,,,Y,4,0,1,2,A,-,08,22107.0,,N,D,E,A,A,H,-,A,D,0,,,,,Y,,A,01,0,0,1,0,0,0,0,0,0,-,-,,,ORANGE,WESTMINSTER,-117.99547007,33.76099011
5661,8311626,2017,2017-03-07,3002,2017-01-25,2022,1630,527Z,3,5,4,3002,0,0,0,,0,014,IMPERIAL HWY,RANDOLPH AV,10.0,W,N,A,-,N,,,,,,,,,,N,4,0,1,2,D,-,00,,,N,B,C,A,A,H,-,C,A,0,,,,,Y,,-,-,0,0,1,0,0,0,0,0,0,-,-,,,ORANGE,BREA,-117.88991975,33.91252167
5662,8311356,2017,2017-03-03,3026,2017-02-15,1352,4779,P,3,5,6,3026,0,0,0,,0,00P,JEFFREY RD,TRABUCO RD,65.0,N,N,A,-,N,,,,,,,,,,Y,3,0,1,2,A,-,08,22100.0,A,N,B,C,A,A,H,-,A,A,0,,,,,Y,,A,01,0,1,0,0,0,0,0,0,0,-,-,,,ORANGE,IRVINE,-117.7619975,33.6964825
5663,8306393,2017,2017-02-27,3000,2017-01-27,722,5705,862D7,5,5,5,3050,0,0,0,,0,6M60,EL TORO RD,GLEN MEADOWS,4.0,W,N,A,-,N,,,,,,,,,,N,4,0,1,2,A,-,09,21802.0,B,N,D,G,A,A,H,-,A,A,0,,Y,,,Y,,L,04,0,0,1,0,0,0,1,0,0,-,-,33.6598,-117.6525,ORANGE,LAKE FOREST,-117.65685863,33.65817175
5664,8304596,2017,2017-02-14,3004,2017-01-19,1404,P542,11,4,5,6,3004,0,0,0,,0,012,VICTORIA ST,PARSONS,37.0,W,N,A,-,N,,,,,,,,,,N,4,0,2,2,A,-,09,21804.0,A,N,D,C,A,A,H,-,A,D,0,,,,,Y,,A,07,0,0,2,0,0,0,0,0,0,-,-,33.6525,-117.9175,ORANGE,COSTA MESA,-117.91770126,33.65257899
5665,8303493,2017,2017-02-07,3009,2017-01-10,1805,3965,12,2,5,6,3009,0,0,0,,0,011,CHAPMAN AV,VALLEY VIEW ST,200.0,E,N,B,-,N,,,,,,,,,,N,4,0,1,2,A,-,05,21650.0,1,N,-,G,A,A,H,-,C,A,0,,Y,,,Y,,L,04,0,0,1,0,0,0,1,0,0,-,-,,,ORANGE,GARDEN GROVE,-118.02794092,33.78846
5666,8303477,2017,2017-02-07,3009,2017-01-28,1331,1610,97,6,5,6,3009,0,0,0,,0,103,BROOKHURST ST,WOODBURY AV,80.0,S,N,A,-,N,,,,,,,,,,N,4,0,1,2,A,-,08,22107.0,,N,H,G,A,A,H,-,A,D,0,,Y,,,Y,,A,08,0,0,1,0,0,0,1,0,0,-,-,,,ORANGE,GARDEN GROVE,-117.95507601,33.76239069
5667,8303042,2017,2017-02-07,3019,2017-01-22,1424,3327,WE,7,5,7,3019,0,0,0,,0,001,17TH ST,FAIRVIEW ST,17.0,W,N,A,-,N,,,,,,,,,,Y,4,0,1,2,A,-,08,22107.0,,M,B,C,A,A,H,-,A,A,0,,,,,Y,Y,A,08,0,0,1,0,0,0,0,0,0,-,-,33.759879999999995,-117.90256000000001,ORANGE,SANTA ANA,-117.90291540000001,33.75984446
5668,8302953,2017,2017-02-02,3019,2017-01-11,845,2630,SE,3,5,7,3019,0,0,0,,0,003,MAIN ST,BERKELEY ST,0.0,,Y,A,-,N,,,,,,,,,,N,4,0,1,2,A,-,05,21650.0,1,N,-,-,A,A,H,-,A,A,0,,Y,,,Y,,L,04,0,0,1,0,0,0,1,0,0,-,-,33.72456,-117.86801000000001,ORANGE,SANTA ANA,-117.86783002,33.72466011
5669,8302917,2017,2017-02-02,3001,2017-01-22,42,415,,7,5,7,3001,0,0,0,,0,0D3,SOUTH ANAHEIM BL,W DISNEY WY,12.0,S,N,B,-,N,,,,,,,,,,N,4,0,1,2,A,-,08,22100.0,A,M,D,G,A,A,H,-,C,A,0,,Y,,,Y,,A,01,0,0,1,0,0,0,1,0,0,-,-,,,ORANGE,ANAHEIM,-117.90649443,33.80583731
5670,8301711,2017,2017-06-27,3014,2017-01-21,1229,1253,RD39,6,5,5,3014,0,0,0,,0,0A3,RT 1,CLUBHOUSE DR,600.0,W,N,A,-,N,,,,,,,,,,Y,4,0,1,2,A,-,03,22350.0,,N,B,C,A,A,H,-,A,D,0,,,Y,,Y,,C,02,0,0,1,0,0,0,0,0,1,-,-,33.61103,-117.88328,ORANGE,NEWPORT BEACH,,
5671,8301687,2017,2018-01-17,3014,2017-01-26,1137,1046,RD26,4,5,5,3014,0,0,0,,0,0A2,RT 1,DOVER DR,175.0,W,N,A,-,Y,ORA,12.0,1.0,-,R,18.48,H,-,N,N,3,0,1,2,A,-,08,22107.0,,N,H,G,A,A,H,-,A,D,0,,Y,,,Y,,A,08,0,1,0,0,0,0,1,0,0,-,-,33.6162,-117.9079,ORANGE,NEWPORT BEACH,-117.90780999,33.61616199
5672,8299997,2017,2017-03-01,3003,2017-01-31,1339,1056,,2,5,5,3003,0,0,0,,0,,COMMONWEALTH AV,STANTON AV,0.0,,Y,A,-,N,,,,,,,,,,N,3,0,1,2,A,-,10,21950.0,A,N,G,B,B,A,H,-,A,A,0,Y,,,,Y,,A,07,0,1,0,0,1,0,0,0,0,-,-,,,ORANGE,BUENA PARK,-117.99386000000001,33.86988007
5673,8299989,2017,2017-03-01,3003,2017-01-13,719,1197,3003,5,5,5,3003,0,0,0,,0,002,MELROSE ST,WESTERN AV,450.0,W,N,B,-,N,,,,,,,,,,N,3,0,1,2,D,-,00,,,F,G,B,D,B,H,-,A,D,0,Y,,,,Y,,-,-,0,1,0,0,1,0,0,0,0,-,-,33.8618,-118.00431,ORANGE,BUENA PARK,-118.00400894,33.86187386
5674,8299823,2017,2017-02-23,3003,2017-02-02,1016,1056,,4,5,5,3003,0,0,0,,0,,MALVERN AV,MONTICELLO AV,0.0,,Y,A,-,N,,,,,,,,,,Y,4,0,1,2,A,-,09,21802.0,A,N,D,C,A,A,H,-,A,A,0,,,,,Y,,A,01,0,0,1,0,0,0,0,0,0,-,-,,,ORANGE,BUENA PARK,-117.98616007,33.87780005
5675,8298724,2017,2017-02-22,3026,2017-02-05,2303,576,3026,7,5,6,3026,0,0,0,,0,00U,MACARTHUR,REDHILL,0.0,,Y,A,-,N,,,,,,,,,,Y,4,0,1,3,A,-,08,22107.0,,N,A,C,A,A,H,-,C,D,0,,,,,Y,,A,01,0,0,1,0,0,0,0,0,0,-,-,,,ORANGE,IRVINE,-117.85491013,33.69391006
5676,8297906,2017,2017-02-15,3000,2017-01-09,554,9279,951H4,1,5,5,3040,0,0,0,,0,1A41,CROWN VALLEY PKWY,LA PLATA,13.0,W,N,B,C,N,,,,,,,,,,N,4,0,1,2,A,-,10,21950.0,A,N,G,B,B,B,H,-,C,A,0,Y,,,,Y,,A,01,0,0,1,0,1,0,0,0,0,-,-,,,ORANGE,LAGUNA NIGUEL,-117.70137807,33.53385322
5677,8297898,2017,2017-02-15,3026,2017-01-23,2119,541,CROSS,1,5,6,3026,0,0,0,,0,00C,BRIARWOOD,EAST YALE LOOP,7.0,E,N,A,-,N,,,,,,,,,,N,4,0,1,2,A,-,03,22350.0,,N,G,G,A,A,H,-,C,-,0,,Y,,,Y,,A,01,0,0,1,0,0,0,1,0,0,-,-,,,ORANGE,IRVINE,-117.78478733,33.67864698
5678,8297874,2017,2017-02-15,3000,2017-01-23,1853,5377,951F5,1,5,5,3040,0,0,0,,0,743,CROWN VALLEY PKWY,ALICIA,15.0,W,N,C,-,N,,,,,,,,,,N,4,0,1,2,A,-,10,21950.0,A,F,G,B,B,B,H,-,C,A,0,Y,,,,Y,,A,01,0,0,1,0,1,0,0,0,0,-,-,,,ORANGE,LAGUNA NIGUEL,-117.71500414,33.52362046
5679,8297587,2017,2017-02-14,3009,2017-01-31,1722,3397,32,2,5,6,3009,0,0,0,,0,1-1,KNOTT ST,CHAPMAN AV,31.0,S,N,A,-,N,,,,,,,,,,Y,4,0,1,1,A,-,08,22107.0,,N,E,I,A,A,H,-,C,A,0,,,,,Y,,A,01,0,0,1,0,0,0,0,0,0,-,-,,,ORANGE,GARDEN GROVE,-118.01113102,33.78821501
5680,8297544,2017,2017-02-14,3009,2017-01-27,1756,4021,163,5,5,6,3009,0,0,0,,0,2-2,CAHDMAN,BAYPORT,0.0,,Y,A,-,N,,,,,,,,,,N,4,0,1,2,A,-,08,22100.0,A,N,-,C,A,A,H,-,C,A,0,,,,,Y,,A,01,0,0,1,0,0,0,0,0,0,-,-,,,ORANGE,GARDEN GROVE,,
5681,8296145,2017,2017-02-08,3003,2017-01-21,1424,847,,6,5,5,3003,0,0,0,,0,008,ORANGETHORPE AV,KNOTT AV,0.0,,Y,A,-,N,,,,,,,,,,N,4,0,1,2,A,-,10,21950.0,A,N,G,B,B,A,H,-,A,A,0,Y,,,,Y,,A,01,0,0,1,0,1,0,0,0,0,-,-,38.583,-118.0107,ORANGE,BUENA PARK,-118.01129002,33.858909999999995
5682,8296113,2017,2017-02-09,3001,2017-01-14,225,1484,,6,5,7,3001,0,0,0,,0,002,HARBOR BLVD,RT 91,15.0,W,N,A,-,N,,,,,,,,,,Y,3,0,1,1,A,-,01,23152.0,A,N,E,I,A,A,H,-,C,A,0,,,,,Y,Y,A,01,0,1,0,0,0,0,0,0,0,-,-,,,ORANGE,ANAHEIM,-117.92434196,33.85401109
5683,8295324,2017,2017-02-07,3015,2017-01-18,1753,1372,36S,3,5,6,3015,0,0,0,,0,732,NORTH TUSTIN ST,EAST ADAMS AV,122.0,S,N,A,-,N,,,,,,,,,,N,4,0,1,2,A,-,09,21804.0,A,N,G,B,F,A,H,-,C,D,0,Y,,,,Y,,A,01,0,0,1,0,1,0,0,0,0,-,-,,,ORANGE,ORANGE,-117.8357,33.80634556
5684,8295320,2017,2017-02-10,3015,2017-01-19,1407,1568,66,4,5,6,3015,0,0,0,,0,495,495 NORTH FERN ST,NORTH FERN ST,0.0,,Y,A,-,N,,,,,,,,,,N,3,0,1,1,A,-,03,22350.0,,N,E,I,A,A,H,-,A,D,0,,,Y,,Y,,C,02,0,1,0,0,0,0,0,0,1,-,-,,,ORANGE,ORANGE,,
5685,8293555,2017,2017-02-03,3026,2017-01-14,1501,8929,,6,5,6,3026,0,0,0,,0,,UNIVERSITY DR,MICHELSON DR,519.0,W,N,A,-,N,,,,,,,,,,N,4,0,1,2,A,-,08,22100.0,A,N,D,C,A,A,H,-,A,D,0,,,,,Y,,A,01,0,0,1,0,0,0,0,0,0,-,-,,,ORANGE,IRVINE,-117.80319644,33.65828798
5686,8293542,2017,2017-02-03,3024,2017-01-13,1850,409,P34,5,5,5,3024,0,0,0,,0,EAST,BOLSA AV,MORAN ST,25.0,E,N,A,-,N,,,,,,,,,,N,4,0,1,2,A,-,10,21950.0,A,N,G,B,B,A,H,-,C,A,0,Y,,,,Y,,A,01,0,0,1,0,1,0,0,0,0,-,-,,,ORANGE,WESTMINSTER,-117.96727796,33.74493112
5687,8293287,2017,2017-02-03,3024,2017-01-11,746,329,P10,3,5,5,3024,0,0,0,,0,WEST,WESTMINSTER BL,EDWARDS ST,0.0,,Y,C,-,N,,,,,,,,,,N,3,0,1,2,A,-,08,22107.0,,N,D,G,A,B,H,-,A,A,0,,Y,,,Y,,D,22,0,1,0,0,0,0,1,0,0,-,-,,,ORANGE,WESTMINSTER,-118.01589002,33.75904006
5688,8293069,2017,2017-01-30,3019,2017-01-09,517,3337,WESTE,1,5,7,3019,0,0,0,,0,001,6TH ST,EUCLID ST,30.0,E,N,C,-,N,,,,,,,,,,N,3,0,1,2,A,-,08,22107.0,,N,G,B,D,B,H,-,C,D,0,Y,,,,Y,,A,01,0,1,0,0,1,0,0,0,0,-,-,,,ORANGE,SANTA ANA,-117.93746154,33.74968045
5689,8293041,2017,2017-02-06,3019,2017-01-01,2200,3388,S3,7,5,7,3019,0,0,0,,0,003,1ST ST,MAIN ST,10.0,,N,A,-,N,,,,,,,,,,Y,4,0,1,2,A,-,05,21651.0,A,F,A,C,A,A,H,-,C,A,0,,,,,Y,,A,07,0,0,1,0,0,0,0,0,0,-,-,,,ORANGE,SANTA ANA,-117.86765004,33.74554004
5690,8292028,2017,2017-05-17,3003,2017-01-04,1316,1099,,3,5,5,3003,0,0,0,,0,,BEACH BL,ORANGETHORPE AV,0.0,,Y,A,-,N,,,,,,,,,,Y,4,0,1,1,A,-,08,22107.0,,N,A,I,A,A,H,-,A,A,0,,,,,Y,,A,01,0,0,1,0,0,0,0,0,0,-,-,33.5131,-117.5953,ORANGE,BUENA PARK,-117.99818013,33.85899009
5691,8291315,2017,2017-06-27,3012,2017-01-18,1805,288,21,3,5,5,3012,0,0,0,,0,0NE,WHITTIER BL,CYPRESS ST,0.0,,Y,A,-,Y,ORA,12.0,39.0,-,-,22.219,I,5,S,N,3,0,1,2,A,-,11,21954.0,A,N,G,B,D,A,H,-,C,A,0,Y,,,,Y,,N,60,0,1,0,0,1,0,0,0,0,-,-,,,ORANGE,LA HABRA,-117.94192936,33.93917102
5692,8291283,2017,2017-06-27,3001,2017-01-18,916,2115,,3,5,7,3001,0,0,0,,0,0D1,RT 39,YOUTH CENTER DR,10.0,N,N,B,-,Y,ORA,12.0,39.0,-,-,12.44,H,-,S,Y,4,0,1,2,A,-,03,22350.0,,N,C,C,A,A,H,-,A,A,0,,,,,Y,,A,07,0,0,1,0,0,0,0,0,0,-,-,,,ORANGE,ANAHEIM,-117.99353029,33.8285338
5693,8291107,2017,2017-02-02,3001,2017-01-18,1136,0945,,3,5,7,3001,0,0,0,,0,0D4,EAST LA PALMA AV,NORTH TUSTIN AV,12.0,E,N,B,-,N,,,,,,,,,,N,4,0,1,2,A,-,09,21804.0,A,N,A,G,A,A,H,-,A,A,0,,Y,,,Y,,L,04,0,0,1,0,0,0,1,0,0,-,-,,,ORANGE,ANAHEIM,-117.83737064,33.85558813
5694,8291103,2017,2017-02-02,3001,2017-01-16,1624,1851,D2,1,5,7,3001,0,0,0,,0,,W DAKOTA ST,SOUTH ST,294.0,S,N,A,-,N,,,,,,,,,,N,2,0,1,2,A,-,11,21954.0,A,N,B,B,F,A,H,-,A,D,0,Y,,,,Y,,N,60,1,0,0,0,1,0,0,0,0,-,-,,,ORANGE,ANAHEIM,-117.90463601,33.8274402
5695,8291078,2017,2017-02-02,3014,2017-01-21,1942,1470,RD39,6,5,5,3014,0,0,0,,0,0A3,NEWPORT CENTER DR,SAN MIGUEL,10.0,S,N,A,-,N,,,,,,,,,,N,2,0,1,2,A,-,10,21950.0,A,N,G,B,B,A,H,-,C,A,0,Y,,,,Y,,A,01,1,0,0,0,1,0,0,0,0,-,-,33.6139,-117.8731,ORANGE,NEWPORT BEACH,-117.87293952,33.61387798
5696,8291046,2017,2017-02-02,3000,2017-01-07,1045,6717,891F4,6,5,5,3050,0,0,0,,0,18760,MUIRLANDS BL,LAKE FOREST DR,45.0,S,N,A,-,N,,,,,,,,,,Y,4,0,1,2,A,-,09,21453.0,B,N,D,C,A,A,H,-,A,A,0,,,,,Y,,A,01,0,0,1,0,0,0,0,0,0,-,-,33.38019,-117.4235,ORANGE,LAKE FOREST,-117.70976437,33.63414412
5697,8290727,2017,2017-02-03,3010,2017-01-18,954,2083,251,3,5,6,3010,0,0,0,,0,007,GOLDENWEST,EDINGER,510.0,S,N,B,-,N,,,,,,,,,,Y,4,0,2,2,A,-,08,22100.0,A,N,C,C,A,A,H,-,A,D,0,,,,,Y,,A,07,0,0,2,0,0,0,0,0,0,-,-,,,ORANGE,HUNTINGTON BEACH,-118.00675,33.72870183
5698,8289841,2017,2017-02-02,3009,2017-01-13,755,3486,95,5,5,6,3009,0,0,0,,0,1 3,CYPRESS ST,GARDEN GROVE BL,4.0,S,N,A,-,N,,,,,,,,,,N,4,0,1,2,A,-,05,21650.0,1,N,G,G,B,A,H,-,A,D,0,Y,,,,Y,,N,60,0,0,1,0,1,0,0,0,0,-,-,,,ORANGE,GARDEN GROVE,-117.94858973,33.77402904
5699,8289268,2017,2017-01-31,3001,2017-01-15,1519,A1252,,7,5,7,3001,0,0,0,,0,0D2,ANAHEIM BL,SANTA ANA ST,101.0,N,N,B,-,N,,,,,,,,,,N,4,0,2,3,A,-,03,22350.0,,N,C,C,A,A,H,-,A,A,0,,,,,Y,Y,A,01,0,0,2,0,0,0,0,0,0,-,-,,,ORANGE,ANAHEIM,-117.91256936,33.83135384
5700,8289266,2017,2017-01-26,3010,2017-01-13,830,1176,435,5,5,6,3010,0,0,0,,0,003,GLOUCESTER,ADAMS,0.0,,Y,A,-,N,,,,,,,,,,Y,4,0,1,3,A,-,09,21801.0,A,N,D,C,A,A,H,-,A,D,0,,,,,Y,,D,22,0,0,1,0,0,0,0,0,0,-,-,,,ORANGE,HUNTINGTON BEACH,-117.96447009999999,33.67236006
5701,8288769,2017,2017-04-06,3019,2017-03-04,1100,3383,SE,6,5,7,3019,0,0,0,,0,003,DYER RD,MAIN ST,0.0,,Y,A,-,N,,,,,,,,,,N,4,0,1,2,A,-,05,21650.0,1,N,G,G,A,A,H,-,A,A,0,,Y,,,Y,,L,04,0,0,1,0,0,0,1,0,0,-,-,33.70888,-117.86816,ORANGE,SANTA ANA,-117.86804003,33.70871004
5702,8287880,2017,2017-01-26,3001,2017-01-13,1744,0945,,5,5,7,3001,0,0,0,,0,WEST,N BROOKHURST ST,WEST LA PALMA AV,32.0,N,N,B,-,N,,,,,,,,,,N,4,0,1,3,A,-,09,21453.0,B,N,D,C,A,A,H,-,C,A,0,,,,,Y,,A,07,0,0,1,0,0,0,0,0,0,-,-,,,ORANGE,ANAHEIM,-117.95914191,33.84704772
5703,8287872,2017,2017-01-26,3001,2017-01-05,2125,3001,,4,5,7,3001,0,0,0,,0,,SUNKIST ST,EAST SOUTH ST,63.0,S,N,B,-,N,,,,,,,,,,Y,4,0,2,2,A,-,09,21453.0,B,N,C,C,A,A,H,-,C,A,0,,,,,Y,,A,01,0,0,2,0,0,0,0,0,0,-,-,,,ORANGE,ANAHEIM,-117.88053164,33.83248729
5704,8286467,2017,2017-03-14,3010,2017-01-08,1312,1096,159,7,5,6,3010,0,0,0,,0,007,EDINGER,EDWARDS,57.0,E,N,A,-,N,,,,,,,,,,Y,3,0,2,3,A,-,08,22100.0,A,N,C,C,A,A,H,-,A,A,0,,,,,Y,,A,01,0,1,1,0,0,0,0,0,0,-,-,,,ORANGE,HUNTINGTON BEACH,-118.01533297,33.73002203
5705,8285334,2017,2017-01-25,3015,2017-01-11,1040,1386,61,3,5,6,3015,0,0,0,,0,711,SOUTH MAIN ST,PALMYRA AV,100.0,N,N,A,B,N,,,,,,,,,,N,4,0,1,2,A,-,07,21658.0,A,N,D,C,A,B,H,-,A,D,0,,,Y,,Y,,A,01,0,0,1,0,0,0,0,0,0,-,-,,,ORANGE,ORANGE,-117.8673,33.78424414
5706,8285306,2017,2017-06-27,3015,2017-01-15,2010,0907,21E,7,5,6,3015,0,0,0,,0,471,WEST CHAPMAN AV,RT 5,0.0,,Y,A,-,Y,ORA,12.0,5.0,-,-,34.887,R,4,S,N,4,0,1,2,A,-,07,21658.0,A,N,B,C,A,A,-,-,C,A,0,,,,,Y,Y,-,-,0,0,1,0,0,0,0,0,0,-,SO,,,ORANGE,ORANGE,-117.88653588,33.7881731
5707,8285290,2017,2017-01-30,3000,2017-01-08,1315,5271,992H2,7,5,5,3017,0,0,0,,0,776,AVE PICO,SAN CLEMENTE HIGH,504.0,W,N,A,-,N,,,,,,,,,,Y,4,0,1,2,A,-,00,22110.0,A,N,D,C,A,A,H,-,A,D,0,,,,,Y,,A,01,0,0,1,0,0,0,0,0,0,-,-,,,ORANGE,SAN CLEMENTE,,
5708,8284986,2017,2017-01-30,3015,2017-01-10,1126,1098,265,2,5,6,3015,0,0,0,,0,731,NORTH TUSTIN ST,E PALM AV,0.0,,Y,B,-,N,,,,,,,,,,N,3,0,2,2,A,-,12,21453.0,A,N,D,C,A,B,H,-,A,A,0,,,,,Y,Y,D,22,0,2,0,0,0,0,0,0,0,-,-,,,ORANGE,ORANGE,-117.83572009999999,33.79143005
5709,8280944,2017,2017-01-30,3001,2017-01-06,842,2115,,5,5,7,3001,0,0,0,,0,0D2,E UNDERHILL AV,NORTH STATE COLLEGE BL,9.0,E,N,A,-,N,,,,,,,,,,N,3,0,1,2,A,-,05,21650.0,1,N,D,G,A,A,H,-,A,A,0,,Y,,,Y,,L,04,0,1,0,0,0,0,1,0,0,-,-,,,ORANGE,ANAHEIM,-117.88927043,33.84217
5710,8280646,2017,2017-01-27,3009,2017-01-09,237,1359,144,1,5,6,3009,0,0,0,,0,2-2,WEST ST,GARDEN GROVE BL,264.0,N,N,B,-,N,,,,,,,,,,N,4,0,1,1,A,-,08,22107.0,,N,E,I,A,B,H,-,C,D,0,,,,,Y,,A,01,0,0,1,0,0,0,0,0,0,-,-,,,ORANGE,GARDEN GROVE,-117.92350901,33.77515344