,CASE_ID,ACCIDENT_YEAR,PROC_DATE,JURIS,COLLISION_DATE,COLLISION_TIME,OFFICER_ID,REPORTING_DISTRICT,DAY_OF_WEEK,CHP_SHIFT,POPULATION,CNTY_CITY_LOC,SPECIAL_COND,BEAT_TYPE,CHP_BEAT_TYPE,CITY_DIVISION_LAPD,CHP_BEAT_CLASS,BEAT_NUMBER,PRIMARY_RD,SECONDARY_RD,DISTANCE,DIRECTION,INTERSECTION,WEATHER_1,WEATHER_2,STATE_HWY_IND,CALTRANS_COUNTY,CALTRANS_DISTRICT,STATE_ROUTE,ROUTE_SUFFIX,POSTMILE_PREFIX,POSTMILE,LOCATION_TYPE,RAMP_INTERSECTION,SIDE_OF_HWY,TOW_AWAY,COLLISION_SEVERITY,NUMBER_KILLED,NUMBER_INJURED,PARTY_COUNT,PRIMARY_COLL_FACTOR,PCF_CODE_OF_VIOL,PCF_VIOL_CATEGORY,PCF_VIOLATION,PCF_VIOL_SUBSECTION,HIT_AND_RUN,TYPE_OF_COLLISION,MVIW,PED_ACTION,ROAD_SURFACE,ROAD_COND_1,ROAD_COND_2,LIGHTING,CONTROL_DEVICE,CHP_ROAD_TYPE,PEDESTRIAN_ACCIDENT,BICYCLE_ACCIDENT,MOTORCYCLE_ACCIDENT,TRUCK_ACCIDENT,NOT_PRIVATE_PROPERTY,ALCOHOL_INVOLVED,STWD_VEHTYPE_AT_FAULT,CHP_VEHTYPE_AT_FAULT,COUNT_SEVERE_INJ,COUNT_VISIBLE_INJ,COUNT_COMPLAINT_PAIN,COUNT_PED_KILLED,COUNT_PED_INJURED,COUNT_BICYCLIST_KILLED,COUNT_BICYCLIST_INJURED,COUNT_MC_KILLED,COUNT_MC_INJURED,PRIMARY_RAMP,SECONDARY_RAMP,LATITUDE,LONGITUDE,COUNTY,CITY,POINT_X,POINT_Y
5711,8206078,2017,2017-01-18,3016,2017-01-04,707,1153,20,3,5,5,3016,0,0,0,,0,002,ORANGETHORPE AV,TAFOLLA ST,6.0,E,N,A,-,N,,,,,,,,,,Y,4,0,3,2,A,-,09,21802.0,A,N,D,C,A,A,H,-,A,D,0,,,,,Y,,A,01,0,0,3,0,0,0,0,0,0,-,-,33.86175,-117.87568999999999,ORANGE,PLACENTIA,-117.87567105,33.86169455
5712,8203700,2017,2017-02-03,3007,2017-01-01,1131,260,66,7,5,5,3007,0,0,0,,0,003,ELLIS,WARD,79.0,E,N,B,-,N,,,,,,,,,,Y,4,0,1,3,A,-,08,22100.0,A,N,-,C,A,B,H,-,A,A,0,,,,,Y,,A,01,0,0,1,0,0,0,0,0,0,-,-,,,ORANGE,FOUNTAIN VALLEY,-117.94521088,33.6942
5713,8201667,2017,2017-03-29,3004,2017-02-09,2235,P543,09,4,5,6,3004,0,0,0,,0,015,W BAY ST,MAPLE AV,50.0,W,N,B,-,N,,,,,,,,,,Y,4,0,1,3,C,-,18,,,N,B,C,A,A,H,-,C,D,0,,,,,Y,,-,-,0,0,1,0,0,0,0,0,0,-,-,33.3856,-117.5519,ORANGE,COSTA MESA,-117.92213391,33.6489
5714,8201512,2017,2017-03-28,3026,2017-03-01,752,4779,C,3,5,6,3026,0,0,0,,0,00C,NORTHGROVE,WOODSPRING,6.0,E,N,A,-,N,,,,,,,,,,N,3,0,1,2,A,-,-,,,N,D,G,A,A,H,-,A,A,0,,Y,,,Y,,L,04,0,1,0,0,0,0,1,0,0,-,-,,,ORANGE,IRVINE,-117.79005430000001,33.67995009
5715,8201494,2017,2017-03-28,3003,2017-02-20,914,1124,84,1,5,5,3003,0,0,0,,0,004,LA PALMA AV,SANTA INEZ DR,4.0,S,N,A,-,N,,,,,,,,,,N,4,0,1,2,A,-,05,21650.0,1,N,D,G,A,A,H,-,A,A,0,,Y,,,Y,,L,04,0,0,1,0,0,0,1,0,0,-,-,33.8464,-118.0078,ORANGE,BUENA PARK,-118.00775,33.846579999999996
5716,8201464,2017,2017-03-29,3024,2017-03-04,1316,408,P-05,6,5,5,3024,0,0,0,,0,WEST,GOLDENWEST ST,GARDEN GROVE BL,39.0,S,N,A,-,N,,,,,,,,,,N,4,0,1,1,A,-,08,22107.0,,N,F,A,A,A,H,-,A,A,0,,,,,Y,,A,01,0,0,1,0,0,0,0,0,0,-,-,,,ORANGE,WESTMINSTER,,
5717,8201284,2017,2017-03-23,3015,2017-02-20,1000,1440,26S,1,5,6,3015,0,0,0,,0,716,E PALM AV,NORTH TUSTIN AV,90.0,S,N,A,-,N,,,,,,,,,,Y,4,0,2,2,A,-,03,22350.0,,N,C,C,A,A,H,-,A,D,0,,,,,Y,,E,22,0,0,2,0,0,0,0,0,0,-,-,,,ORANGE,ORANGE,-117.83572,33.79143
5718,8200597,2017,2017-03-14,3019,2017-02-10,2009,3371,NE,5,5,7,3019,0,0,0,,0,002,1ST ST,DOWN TOWN PLAZA,1.0,E,N,B,C,N,,,,,,,,,,N,4,0,1,2,A,-,10,21950.0,A,M,D,B,B,B,H,-,C,A,0,Y,,,,Y,,-,99,0,0,1,0,1,0,0,0,0,-,-,33.745309999999996,-117.86433999999998,ORANGE,SANTA ANA,,
5719,8200589,2017,2017-03-14,3019,2017-02-15,753,3151,WE,3,5,7,3019,0,0,0,,0,001,1ST ST,ANDRES PL,0.0,,Y,A,-,N,,,,,,,,,,N,4,0,1,2,A,-,09,21804.0,A,N,D,G,A,A,H,-,A,A,0,,Y,,,Y,,L,04,0,0,1,0,0,0,1,0,0,-,-,33.745129999999996,-117.93133,ORANGE,SANTA ANA,-117.93121000000001,33.74509012
5720,8200585,2017,2017-03-14,3019,2017-02-11,1247,3303,NE,6,5,7,3019,0,0,0,,0,001,N FLOWER ST,W 15TH ST,5.0,N,N,A,-,N,,,,,,,,,,Y,4,0,2,2,A,-,09,21802.0,A,N,D,C,A,A,H,-,A,A,0,,,,,Y,,A,08,0,0,2,0,0,0,0,0,0,-,-,,,ORANGE,SANTA ANA,-117.8765194,33.75788370000001
5721,8200581,2017,2017-03-14,3019,2017-02-17,1708,3481,NE,5,5,7,3019,0,0,0,,0,002,MABURY ST,15TH ST,3.0,S,N,C,-,N,,,,,,,,,,N,4,0,1,2,A,-,09,21802.0,A,N,B,C,A,B,H,-,B,A,0,,,,,Y,,A,01,0,0,1,0,0,0,0,0,0,-,-,,,ORANGE,SANTA ANA,-117.84385,33.75805178
5722,8200551,2017,2017-03-23,3001,2017-02-17,2130,415,,5,5,7,3001,0,0,0,,0,0D2,SOUTH HARBOR BL,WEST BROADWAY,9.0,N,N,B,C,N,,,,,,,,,,N,4,0,1,2,A,-,10,21950.0,A,N,G,B,B,B,H,-,C,A,0,Y,,,,Y,,A,01,0,0,1,0,1,0,0,0,0,-,-,,,ORANGE,ANAHEIM,-117.91890826,33.83203369
5723,8200389,2017,2017-04-03,3019,2017-02-16,2048,3317,SE,4,5,7,3019,0,0,0,,0,002,GRAND AV,SAINT ANDREW PL,0.0,,Y,A,-,N,,,,,,,,,,N,4,0,1,2,A,-,12,21453.0,A,N,H,G,A,A,H,-,C,A,0,,Y,,,Y,,-,-,0,0,1,0,0,0,1,0,0,-,-,33.7229,-117.85042,ORANGE,SANTA ANA,-117.85053008,33.72293003
5724,8200247,2017,2017-03-28,3001,2017-02-24,956,2115,,5,5,7,3001,0,0,0,,0,0D3,SOUTH HARBOR BL,WEST KATELLA AV,16.0,S,N,A,-,N,,,,,,,,,,N,4,0,1,2,A,-,11,21456.0,B,N,G,B,B,A,H,-,A,A,0,Y,,,,Y,,N,60,0,0,1,0,1,0,0,0,0,-,-,,,ORANGE,ANAHEIM,-117.91541000000001,33.80337613
5725,7200203,2017,2017-06-14,3009,2017-06-02,2058,3739,113,5,5,6,3009,0,0,0,,0,021,CHAPMAN AV,EUCLID ST,24.0,W,N,A,-,N,,,,,,,,,,N,1,1,0,2,A,-,01,23152.0,A,F,G,B,F,A,H,-,A,A,0,Y,,,,Y,Y,A,01,0,0,0,1,0,0,0,0,0,-,-,,,ORANGE,GARDEN GROVE,-117.94133878,33.78866849
5726,6718798,2017,2018-04-26,3000,2017-01-25,1822,7169,951F4,3,5,5,3040,0,0,0,,0,017,NIGUEL RD,ALICIA PKWY,6.0,E,N,A,-,N,,,,,,,,,,Y,1,1,0,4,A,-,01,23152.0,F,N,B,C,B,A,H,-,C,A,0,Y,,,,Y,Y,A,01,0,0,0,1,0,0,0,0,0,-,-,33.52944,-117.52923999999999,ORANGE,LAGUNA NIGUEL,-117.71562324,33.52933456
5727,6718668,2017,2018-03-01,3001,2017-11-04,1630,415,,6,5,7,3001,0,0,0,,0,0D2,E ORANGEFAIR AV,LEMON ST,3.0,E,N,A,-,N,,,,,,,,,,Y,1,1,0,2,D,-,00,,,N,G,B,B,A,H,-,A,A,0,Y,,,,Y,,-,-,0,0,0,1,0,0,0,0,0,-,-,,,ORANGE,ANAHEIM,-117.91986000000001,33.856320000000004
5728,6293039,2017,2018-01-18,3019,2017-07-21,733,2647,,5,5,7,3019,0,0,0,,0,,DYER RD,ORANGE AV,71.0,E,N,A,-,N,,,,,,,,,,Y,1,1,0,2,A,-,07,21658.0,A,N,D,C,A,A,H,-,A,D,0,,,Y,,Y,,D,22,0,0,0,0,0,0,0,1,0,-,-,33.70888,-117.866,ORANGE,SANTA ANA,-117.86562728,33.70870751
5729,90516471,2017,2017-08-04,9690,2017-07-27,735,020637,,4,1,9,3000,0,2,4,,2,035,SOLANO,OSO PARKWAY,16.0,N,N,A,-,N,,,,,,,,,,Y,3,0,2,2,A,-,08,22107.0,,N,D,C,A,A,H,-,A,A,0,,,,,Y,,A,01,0,2,0,0,0,0,0,0,0,-,-,33.58965,-117.59929,ORANGE,UNINCORPORATED,-117.59925259,33.58953136
5730,90530447,2017,2017-08-24,9670,2017-08-17,630,021715,,4,1,7,3001,0,1,3,,2,093,SR-91 W/B FROM EUCLID ST,EUCLID ST,5.0,W,N,A,-,Y,,,91.0,,,,R,,W,N,4,0,1,2,A,-,05,21650.0,,N,D,G,A,A,H,-,A,D,0,,Y,,,Y,,L,04,0,0,1,0,0,0,1,0,0,-,-,33.85483,-117.94192,ORANGE,ANAHEIM,-117.94192,33.85483
5731,90536544,2017,2017-08-29,9675,2017-08-22,2119,017043,,2,2,6,3026,0,1,3,,2,130,SR-133 S/B FROM IRVINE BLVD,IRVINE BLVD,25.0,S,N,B,-,Y,,,133.0,,,,R,,S,N,4,0,1,2,A,-,07,21658.0,A,N,B,C,A,A,H,-,C,A,0,,,,,Y,,-,-,0,0,1,0,0,0,0,0,0,-,-,33.69662,-117.73666999999999,ORANGE,IRVINE,-117.73666999999999,33.69662
5732,90547142,2017,2017-09-13,9675,2017-08-31,1855,020694,,4,2,6,3008,0,1,3,,2,571,SR-57 SOUTHBOUND TO NUTWOOD AVENUE,NUTWOOD AVE,3.0,N,N,A,-,Y,,,57.0,,,,R,,S,N,3,0,1,2,A,-,21,22106.0,,N,D,G,A,A,H,-,A,A,0,,Y,,,Y,,A,01,0,1,0,0,0,0,1,0,0,-,-,33.87831,-117.8812,ORANGE,FULLERTON,-117.8812,33.87831
5733,90550558,2017,2017-09-19,9670,2017-09-09,2145,021467,,6,2,7,3001,0,1,1,,2,503,I-5 S/B FROM LINCOLN AVE.,LINCOLN AVE,20.0,N,N,A,-,Y,,,5.0,,,,R,,S,N,3,0,1,2,A,-,10,21950.0,A,N,G,B,B,A,H,-,C,A,0,Y,,,,Y,,A,01,0,1,0,0,1,0,0,0,0,-,-,33.83263,-117.93468,ORANGE,ANAHEIM,-117.93468,33.83263
5734,90559856,2017,2017-09-29,9675,2017-09-14,1730,019241,,4,2,9,3000,0,3,5,,2,002,RANCHO SANTIAGO BLVD. (11000 BLOCK),E. SPRING ST.,0.0,,Y,A,-,N,,,,,,,,,,N,4,0,1,2,A,-,05,21650.0,,N,H,G,A,A,H,-,A,D,0,,Y,,,Y,,L,04,0,0,1,0,0,0,1,0,0,-,-,33.79123,-117.80116000000001,ORANGE,UNINCORPORATED,-117.80134005,33.79137008
5735,90562760,2017,2017-10-04,9690,2017-09-26,1506,018953,,2,2,9,3000,0,3,5,,2,004,COVENANT HILLS DRIVE,SIENNA PARKWAY,0.0,,Y,A,-,N,,,,,,,,,,N,3,0,1,2,A,-,05,21650.0,,N,D,G,A,A,H,-,A,D,0,,Y,,,Y,,L,04,0,1,0,0,0,0,1,0,0,-,-,33.54145,-117.63774,ORANGE,UNINCORPORATED,-117.64017009,33.54126007
5736,90564918,2017,2017-10-06,9690,2017-10-01,1025,020463,,7,1,9,3000,0,3,5,,2,005,BENTLEY ROAD,SOUTH BEND,40.0,W,N,A,-,N,,,,,,,,,,Y,3,0,1,1,A,-,03,22350.0,,N,E,I,A,A,H,-,A,D,0,,,,,Y,,A,01,0,1,0,0,0,0,0,0,0,-,-,33.56413,-117.58551000000001,ORANGE,UNINCORPORATED,-117.58561999999999,33.5643
5737,90586328,2017,2017-11-02,9670,2017-10-11,1520,020134,,3,2,5,3024,1,4,S,,2,901,GOLDENWEST ST,SANTEE AVE,0.0,,Y,A,-,N,,,,,,,,,,N,3,0,1,1,A,-,03,22350.0,,N,H,A,A,A,H,-,A,D,0,,,,,Y,,H,13,0,1,0,0,0,0,0,0,0,-,-,33.7506,-118.00708999999999,ORANGE,WESTMINSTER,-118.00705009999999,33.75059003
5738,90588038,2017,2017-11-06,9670,2017-10-28,1400,021585,,6,2,9,3000,0,3,5,,2,005,MCFADDEN AVE. (7900 BLOCK),BEACH BLVD,26.0,W,N,A,-,N,,,,,,,,,,Y,4,0,2,4,A,-,03,22350.0,,N,D,D,A,A,H,-,A,A,0,,,,,Y,,A,01,0,0,2,0,0,0,0,0,0,-,-,33.73742,-117.98962,ORANGE,UNINCORPORATED,-117.98959533,33.73748
5739,90596967,2017,2017-11-17,9675,2017-11-06,1545,021557,,1,2,9,3000,0,2,4,,2,020,NEWPORT AVE,LA COLINA DR,0.0,,Y,B,-,N,,,,,,,,,,N,4,0,1,2,A,-,21,22106.0,,N,G,B,D,A,H,-,A,A,0,Y,,,,Y,,A,01,0,0,1,0,1,0,0,0,0,-,-,33.7547,-117.80526,ORANGE,UNINCORPORATED,-117.80541002,33.75492008
5740,90602889,2017,2018-02-16,9670,2017-11-10,1730,021755,,5,2,7,3001,0,1,3,,2,094,SR-91 E/B,EUCLID ST,10.0,E,N,A,-,Y,,,91.0,,,,,,E,Y,4,0,2,2,A,-,17,21451.0,A,N,B,G,A,A,H,-,C,A,0,,Y,,,Y,,A,01,0,0,2,0,0,0,0,0,0,-,-,33.85341,-117.94153,ORANGE,ANAHEIM,-117.94153237,33.85407773
5741,90614648,2017,2017-12-11,9670,2017-12-08,1835,021679,,5,2,9,3000,0,3,5,,2,003,SAINT CLOUD DR. (3400 BLOCK),SEAL BEACH BLVD,25.0,W,N,A,-,N,,,,,,,,,,N,3,0,2,2,A,-,01,23152.0,A,F,B,C,A,A,H,-,C,A,0,,,,,Y,Y,A,08,0,1,1,0,0,0,0,0,0,-,-,33.78035,-118.07225,ORANGE,UNINCORPORATED,-118.07218209,33.78034
5742,90616673,2017,2017-12-13,9675,2017-12-06,1435,021322,,3,2,5,3022,0,1,1,,2,503,I-5 N/B FROM NEWPORT AVE.,NEWPORT AVE,15.0,N,N,A,-,Y,,,5.0,,,,R,,N,N,3,0,1,2,A,-,05,21650.0,,N,D,G,A,A,H,-,A,D,0,,Y,,,Y,,L,04,0,1,0,0,0,0,1,0,0,-,-,33.73749,-117.82301000000001,ORANGE,TUSTIN,-117.82301000000001,33.73749
5743,90625795,2017,2017-12-25,9675,2017-12-11,1755,021801,,1,2,7,3019,0,1,1,,2,503,I-5 S/B FROM 1ST ST.,1ST ST,20.0,S,N,A,-,Y,,,5.0,,,,R,,S,N,4,0,1,2,A,-,09,21804.0,A,N,H,G,A,A,H,-,C,A,0,,Y,,,Y,,L,04,0,0,1,0,0,0,1,0,0,-,-,33.74548,-117.84288000000001,ORANGE,SANTA ANA,-117.84288000000001,33.74548
5744,90655785,2017,2018-03-12,9670,2017-07-21,1820,021517,,5,2,7,3001,0,1,1,,2,502,I-5 N/B FROM KATELLA AVENUE,KATELLA AVE,6.0,N,N,A,-,Y,,,5.0,,,,R,,N,N,1,1,0,2,A,-,10,21950.0,A,F,G,B,B,A,H,-,A,D,0,Y,,,,Y,,A,07,0,0,0,1,0,0,0,0,0,-,-,33.79872,-117.89697,ORANGE,ANAHEIM,-117.89697,33.79872
5745,8339677,2017,2017-04-05,3104,2017-03-30,1623,257,37,4,5,4,3104,0,0,0,,0,002,SUNSET BL,WHITNEY BL,157.0,E,N,A,-,N,,,,,,,,,,N,2,0,1,2,A,-,8,22107.0,,F,D,G,A,A,H,-,A,A,0,,Y,,,Y,,A,1.0,1,0,0,0,0,0,1,0,0,-,-,38.78687,-121.25262,PLACER,ROCKLIN,-121.25226316,38.78675091
5746,8342837,2017,2017-04-11,3103,2017-03-29,920,JSHAW,L4,3,5,2,3103,0,0,0,,0,0L2,GROVELAND LN,FERRARI RANCH RD,0.0,,Y,A,-,N,,,,,,,,,,N,4,0,1,2,A,-,3,22350.0,,N,C,C,A,A,H,-,A,D,0,,,,,Y,,A,1.0,0,0,1,0,0,0,0,0,0,-,-,38.87315,-121.30423,PLACER,LINCOLN,-121.30446989,38.87317993
5747,8357691,2017,2017-05-05,3103,2017-04-08,1549,WCOLL,L5,6,5,2,3103,0,0,0,,0,0L3,D ST,MCBEAN PARK DR,0.0,,Y,B,-,N,,,,,,,,,,Y,4,0,2,3,A,-,12,22450.0,,N,C,C,A,A,H,-,A,A,0,,,,,Y,,A,7.0,0,0,2,0,0,0,0,0,0,-,-,38.89051,-121.289,PLACER,LINCOLN,-121.28900989,38.89050997
5748,8372546,2017,2017-05-31,3104,2017-05-13,853,254,52,6,5,4,3104,0,0,0,,0,001,SIERRA COLLEGE BL,STADIUM WY,0.0,,Y,A,-,N,,,,,,,,,,Y,4,0,2,2,A,-,8,22107.0,,N,B,C,A,A,H,-,A,A,0,,,,,Y,,A,1.0,0,0,2,0,0,0,0,0,0,-,-,38.78868,-121.20615,PLACER,ROCKLIN,,
5749,8372709,2017,2017-05-30,3104,2017-05-11,1600,286,23,4,5,4,3104,0,0,0,,0,003,PARK DR,SPRINGFIELD DR,0.0,,Y,A,-,N,,,,,,,,,,Y,2,0,1,2,A,-,9,21802.0,A,N,D,D,A,A,H,-,A,D,0,,,,,Y,,A,1.0,1,0,0,0,0,0,0,0,0,-,-,38.82022,-121.23997,PLACER,ROCKLIN,-121.23987998,38.82023
5750,8376468,2017,2018-04-24,3100,2017-04-30,256,190,,7,5,1,3102,0,0,0,,0,,RT 174,MAIN ST,5.0,S,N,A,-,Y,PLA,3.0,174.0,-,-,0.73,I,5.0,S,Y,3,0,1,1,A,-,8,22107.0,,N,E,I,A,A,H,-,C,D,0,,,,,Y,,A,1.0,0,1,0,0,0,0,0,0,0,-,-,,,PLACER,COLFAX,-120.95003922,39.10525673
5751,8409674,2017,2017-08-04,3104,2017-07-06,1601,267,38,4,5,4,3104,0,0,0,,0,003,STANFORD RANCH RD,PLAZA DR,5.0,S,N,A,-,N,,,,,,,,,,N,3,0,1,2,A,-,5,21650.0,,N,D,G,A,A,H,-,A,A,0,,Y,,,Y,,L,4.0,0,1,0,0,0,0,1,0,0,-,-,38.79385,-121.26823,PLACER,ROCKLIN,-121.26826937,38.79386839
5752,8432472,2017,2017-08-23,3104,2017-08-11,2057,289,11,5,5,4,3104,0,0,0,,0,004,LONE TREE BL,CITY LIGHT POLE #3453,78.0,S,N,A,-,N,,,,,,,,,,N,3,0,1,2,A,-,9,21804.0,,N,H,G,A,A,H,-,C,D,0,,Y,,,Y,,A,1.0,0,1,0,0,0,0,1,0,0,-,-,38.7959,-121.29158999999999,PLACER,ROCKLIN,,
5753,8435975,2017,2017-09-28,3103,2017-08-27,916,MALVE,L5,7,5,2,3103,0,0,0,,0,0L3,MCBEAN PARK DR,D ST,0.0,,Y,A,-,N,,,,,,,,,,Y,4,0,1,2,A,-,12,22450.0,,N,D,C,A,A,H,-,A,A,0,,,,Y,Y,,A,1.0,0,0,1,0,0,0,0,0,0,-,-,38.89051,-121.289,PLACER,LINCOLN,-121.28900989,38.89050997
5754,8438917,2017,2018-05-04,3104,2017-08-12,205,281,45,6,5,4,3104,0,0,0,,0,002,FARRON ST,PACIFIC ST,0.0,,Y,A,-,N,,,,,,,,,,N,4,0,1,1,A,-,8,22107.0,,M,E,I,A,A,H,-,C,A,0,,,,,Y,,A,1.0,0,0,1,0,0,0,0,0,0,-,-,38.785790000000006,-121.23981,PLACER,ROCKLIN,-121.23982999,38.78577989
5755,8439912,2017,2017-09-12,3104,2017-08-26,1327,291,36,6,5,4,3104,0,0,0,,0,002,WHITNEY BL,PGE POLE 177,22.0,W,N,A,-,N,,,,,,,,,,Y,4,0,2,3,A,-,8,22107.0,,N,B,C,A,A,H,-,A,A,0,,,,,Y,,A,7.0,0,0,2,0,0,0,0,0,0,-,-,38.78687,-121.25262,PLACER,ROCKLIN,,
5756,8452150,2017,2018-05-17,3104,2017-09-04,1634,292,45,1,5,4,3104,0,0,0,,0,002,RT 80,ROCKLIN RD,0.0,,Y,A,-,Y,PLA,3.0,80.0,-,-,6.2139999999999995,R,1.0,W,N,4,0,1,2,A,-,21,22106.0,,N,C,C,A,A,H,-,A,A,0,,,,,Y,,D,22.0,0,0,1,0,0,0,0,0,0,-,-,38.78816,-121.22468,PLACER,ROCKLIN,-121.22089929,38.79009592
5757,8488421,2017,2017-12-07,3104,2017-11-06,1559,292,43,1,5,4,3104,0,0,0,,0,001,PACIFIC ST,CIRCUIT DR,30.0,S,N,A,-,N,,,,,,,,,,Y,3,0,1,2,A,-,3,22350.0,,N,C,C,A,A,H,-,A,D,0,,,,Y,Y,,A,7.0,0,1,0,0,0,0,0,0,0,-,-,38.799929999999996,-121.22743999999999,PLACER,ROCKLIN,-121.22633354,38.79961988
5758,8488425,2017,2017-12-07,3104,2017-11-11,2239,291,13,6,5,4,3104,0,0,0,,0,004,BREEN DR,DELTA DR,52.0,S,N,B,-,N,,,,,,,,,,Y,3,0,1,2,A,-,1,23152.0,A,N,C,E,A,D,H,-,C,A,0,,,,,Y,Y,-,,0,1,0,0,0,0,0,0,0,-,-,38.81622,-121.26021999999999,PLACER,ROCKLIN,-121.26019369999999,38.81605729
5759,8496815,2017,2018-02-16,3100,2017-10-30,308,196,3100,1,5,2,3106,0,0,0,,0,135,LAIRD RD,UTILITY POLE 40050,50.0,E,N,A,-,N,,,,,,,,,,Y,4,0,1,1,A,-,3,22350.0,,N,H,I,A,A,H,-,D,D,0,,,,,Y,,A,7.0,0,0,1,0,0,0,0,0,0,-,-,,,PLACER,LOOMIS,,
5760,8506095,2017,2017-12-11,3104,2017-11-24,1223,287,36,5,5,4,3104,0,0,0,,0,002,MIDAS AV,3RD ST,0.0,,Y,A,-,N,,,,,,,,,,N,3,0,2,2,A,-,5,21650.0,,N,D,G,A,A,H,-,A,A,0,,Y,Y,,Y,,L,4.0,0,2,0,0,0,0,1,0,1,-,-,38.79634,-121.23593000000001,PLACER,ROCKLIN,-121.23590985,38.7963099
5761,8526484,2017,2018-01-11,3104,2017-12-20,1626,257,36,3,5,4,3104,0,0,0,,0,002,3RD ST,PARKSIDE DR,0.0,,Y,A,-,N,,,,,,,,,,N,3,0,2,3,A,-,10,21950.0,A,N,G,B,B,A,H,-,B,D,0,Y,,,,Y,,I,11.0,0,2,0,0,2,0,0,0,0,-,-,38.785709999999995,-121.24698000000001,PLACER,ROCKLIN,-121.24692987,38.78571997
5762,8530260,2017,2018-01-25,3104,2017-01-08,1249,285,38,7,5,4,3104,0,0,0,,0,003,STANFORD RANCH RD,FAIRWAY DR,37.0,N,N,C,-,N,,,,,,,,,,Y,3,0,1,2,A,-,3,22350.0,,N,C,C,A,B,H,-,A,D,0,,,,,Y,,D,72.0,0,1,0,0,0,0,0,0,0,-,-,38.78403,-121.26511,PLACER,ROCKLIN,-121.26567165,38.78373076
5763,90377456,2017,2017-01-25,9220,2017-01-20,1400,017375,,5,2,9,3100,0,3,5,,2,050,NEW AIRPORT RD,BELL RD,40.0,N,N,B,-,N,,,,,,,,,,Y,4,0,1,3,A,-,8,22107.0,,N,D,C,A,B,H,-,A,A,0,,,,,Y,,A,7.0,0,0,1,0,0,0,0,0,0,-,-,38.94277,-121.07942,PLACER,UNINCORPORATED,-121.07927621,38.94233979
5764,90460912,2017,2017-05-22,9220,2017-05-06,2130,014611,,6,2,9,3100,0,1,3,,1,249,SR-49 (GRASS VALLEY HWY),LUTHER RD,0.0,,Y,B,-,Y,,,,,,,,,,N,4,0,1,2,A,-,12,21453.0,A,N,D,C,A,A,H,-,C,A,0,,,,,Y,,A,1.0,0,0,1,0,0,0,0,0,0,-,-,,,PLACER,UNINCORPORATED,-121.08665990000001,38.92731995
5765,90465032,2017,2017-05-26,9221,2017-05-15,1740,017320,,1,2,9,3100,0,3,5,,2,070,NORTON GRADE RD,GLEN ALDER,1056.0,N,N,B,-,N,,,,,,,,,,Y,4,0,2,2,A,-,17,21662.0,A,F,A,C,A,A,H,-,B,D,0,,,,,Y,,D,22.0,0,0,2,0,0,0,0,0,0,-,-,39.134,-120.9408,PLACER,UNINCORPORATED,,
5766,90473337,2017,2017-06-07,9220,2017-05-26,1800,016363,,5,2,9,3100,0,2,4,,2,058,DRY CREEK RD,GRASS VALLEY HWY,5.0,E,N,A,-,Y,,,,,,,,,,N,4,0,1,2,A,-,11,21456.0,A,F,G,B,B,A,H,-,A,A,0,Y,,,,Y,,N,60.0,0,0,1,0,1,0,0,0,0,-,-,,,PLACER,UNINCORPORATED,,
5767,90478611,2017,2017-06-15,9220,2017-05-27,2100,016419,,6,2,9,3100,0,3,5,,2,050,OAK HILL LN,HILLSDALE RD,0.0,,Y,A,-,N,,,,,,,,,,N,3,0,2,1,A,-,1,23152.0,,N,F,A,A,A,H,-,D,D,0,,,Y,,Y,Y,C,6.0,0,1,1,0,0,0,0,0,2,-,-,39.0188,-121.02004,PLACER,UNINCORPORATED,-121.01996986,39.01877994
5768,90487979,2017,2017-06-26,9220,2017-06-20,1605,017375,,2,2,9,3100,0,3,5,,2,040,DRIVE-IN WAY,ATWOOD RD,125.0,S,N,A,-,N,,,,,,,,,,Y,3,0,1,2,A,-,9,21801.0,A,N,A,C,A,A,H,-,A,D,0,,,,,Y,,A,7.0,0,1,0,0,0,0,0,0,0,-,-,38.934329999999996,-121.09363,PLACER,UNINCORPORATED,-121.09372897,38.93467336
5769,90497511,2017,2017-07-10,9222,2017-06-26,1150,019294,,1,1,9,3100,0,1,3,,1,014,SR 28,GROVE STREET,0.0,,Y,A,-,Y,,,28.0,,,,,,,N,3,0,1,2,A,-,8,22107.0,,N,C,G,A,A,H,-,A,D,0,,Y,,,Y,,A,1.0,0,1,0,0,0,0,1,0,0,-,-,39.172059999999995,-120.13962,PLACER,UNINCORPORATED,-120.13962074,39.17206121
5770,90511766,2017,2017-07-28,9220,2017-07-21,2255,012773,,5,3,9,3100,0,3,5,,2,010,INDUSTRIAL AVE,ATHENS AVE,0.0,,Y,A,-,N,,,,,,,,,,Y,4,0,1,1,A,-,8,22107.0,,N,E,I,A,A,H,-,C,A,0,,,,,Y,,A,1.0,0,0,1,0,0,0,0,0,0,-,-,,,PLACER,UNINCORPORATED,-121.30693998,38.83909993
5771,90527004,2017,2017-08-21,9220,2017-08-15,1601,017397,,2,2,9,3100,0,2,4,,2,027,AUBURN FOLSOM RD,BOARDWALK DR,250.0,N,N,A,-,N,,,,,,,,,,Y,3,0,1,2,A,-,9,21804.0,A,N,D,C,A,A,H,-,A,D,0,,,Y,,Y,,B,7.0,0,1,0,0,0,0,0,0,1,-,-,38.74195,-121.17048999999999,PLACER,UNINCORPORATED,-121.17062659999998,38.74190646