,CASE_ID,ACCIDENT_YEAR,PROC_DATE,JURIS,COLLISION_DATE,COLLISION_TIME,OFFICER_ID,REPORTING_DISTRICT,DAY_OF_WEEK,CHP_SHIFT,POPULATION,CNTY_CITY_LOC,SPECIAL_COND,BEAT_TYPE,CHP_BEAT_TYPE,CITY_DIVISION_LAPD,CHP_BEAT_CLASS,BEAT_NUMBER,PRIMARY_RD,SECONDARY_RD,DISTANCE,DIRECTION,INTERSECTION,WEATHER_1,WEATHER_2,STATE_HWY_IND,CALTRANS_COUNTY,CALTRANS_DISTRICT,STATE_ROUTE,ROUTE_SUFFIX,POSTMILE_PREFIX,POSTMILE,LOCATION_TYPE,RAMP_INTERSECTION,SIDE_OF_HWY,TOW_AWAY,COLLISION_SEVERITY,NUMBER_KILLED,NUMBER_INJURED,PARTY_COUNT,PRIMARY_COLL_FACTOR,PCF_CODE_OF_VIOL,PCF_VIOL_CATEGORY,PCF_VIOLATION,PCF_VIOL_SUBSECTION,HIT_AND_RUN,TYPE_OF_COLLISION,MVIW,PED_ACTION,ROAD_SURFACE,ROAD_COND_1,ROAD_COND_2,LIGHTING,CONTROL_DEVICE,CHP_ROAD_TYPE,PEDESTRIAN_ACCIDENT,BICYCLE_ACCIDENT,MOTORCYCLE_ACCIDENT,TRUCK_ACCIDENT,NOT_PRIVATE_PROPERTY,ALCOHOL_INVOLVED,STWD_VEHTYPE_AT_FAULT,CHP_VEHTYPE_AT_FAULT,COUNT_SEVERE_INJ,COUNT_VISIBLE_INJ,COUNT_COMPLAINT_PAIN,COUNT_PED_KILLED,COUNT_PED_INJURED,COUNT_BICYCLIST_KILLED,COUNT_BICYCLIST_INJURED,COUNT_MC_KILLED,COUNT_MC_INJURED,PRIMARY_RAMP,SECONDARY_RAMP,LATITUDE,LONGITUDE,COUNTY,CITY,POINT_X,POINT_Y
6802,8478096,2017,2017-11-01,3600,2017-09-19,1540,G3599,HE408,2,5,5,3619,0,0,0,,0,HE4,BUCKTHORN AV,PICO AV,37.0,E,N,A,-,N,,,,,,,,,,N,3,0,1,2,A,-,06,21750.0,A,N,B,C,A,A,H,-,A,D,0,,,Y,,Y,,C,02,0,1,0,0,0,0,0,0,1,-,-,,,SAN BERNARDINO,HESPERIA,-117.27689217,34.40989714
6803,8475161,2017,2017-12-08,3609,2017-10-06,1451,8510,143,5,5,5,3609,0,0,0,,0,003,RIALTO AV,RIALTO AV 600,0.0,,N,A,-,N,,,,,,,,,,Y,4,0,1,3,A,-,03,22350.0,,M,C,E,A,A,H,-,A,D,0,,,,,Y,,A,01,0,0,1,0,0,0,0,0,0,-,-,34.0994,-117.40352,SAN BERNARDINO,RIALTO,,
6804,8471331,2017,2017-10-19,3600,2017-09-01,1646,E6896,HI005,5,5,4,3618,0,0,0,,0,,9TH ST,MCKINLEY AV,103.0,W,N,A,-,N,,,,,,,,,,N,3,0,1,2,A,-,08,22107.0,,N,D,G,A,A,H,-,A,D,0,,Y,,,Y,,A,01,0,1,0,0,0,0,1,0,0,-,-,,,SAN BERNARDINO,HIGHLAND,-117.23781922,34.11572735
6805,8469866,2017,2017-10-20,3600,2017-09-17,1746,D3560,HE129,7,5,5,3619,0,0,0,,0,HE1,8TH AV,MAIN ST,245.0,N,N,A,-,N,,,,,,,,,,N,4,0,1,2,A,-,-,,A,N,D,C,A,A,H,-,A,A,0,,,,,Y,,A,01,0,0,1,0,0,0,0,0,0,-,-,,,SAN BERNARDINO,HESPERIA,-117.31790372,34.42463298
6806,8469540,2017,2018-06-13,3610,2017-12-24,2223,51029,,7,5,6,3610,0,0,0,,0,POLIC,E 36TH ST,NORTH WATERMAN AV,6.0,W,N,A,-,N,,,,,,,,,,N,4,0,1,2,A,-,03,22350.0,,N,B,C,A,A,H,-,C,A,0,,,,,Y,,A,01,0,0,1,0,0,0,0,0,0,-,-,34.15663,-117.27868000000001,SAN BERNARDINO,SAN BERNARDINO,-117.27868977,34.15663
6807,8465371,2017,2018-09-05,3600,2017-04-13,2209,A8310,YC102,4,5,4,3640,0,0,0,,0,YC2,3RD ST,YUCAIPA BL,600.0,S,N,A,-,N,,,,,,,,,,Y,1,1,0,1,A,-,08,22107.0,,N,E,I,A,A,H,-,D,A,0,,,,,Y,,D,22,0,0,0,0,0,0,0,0,0,-,-,,,SAN BERNARDINO,YUCAIPA,-117.0475342,34.03222681
6808,8464914,2017,2017-10-25,3600,2017-09-16,1123,G6196,VV,6,5,5,3612,0,0,0,,0,VC5,EL EVADO RD,TAWNEY RIDGE RD,0.0,,Y,A,-,N,,,,,,,,,,Y,4,0,2,3,A,-,09,21801.0,A,N,D,C,A,A,H,-,A,A,0,,,,,Y,,D,22,0,0,2,0,0,0,0,0,0,-,-,,,SAN BERNARDINO,VICTORVILLE,-117.34674013,34.53577011
6809,8464410,2017,2017-11-02,3608,2017-09-20,1713,4709,3608,3,5,5,3608,0,0,0,,0,,W REDLANDS AV,IOWA ST,135.0,W,N,A,-,N,,,,,,,,,,Y,3,0,1,2,A,-,09,21804.0,A,M,D,C,A,A,H,-,A,A,0,,,,,Y,,A,08,0,1,0,0,0,0,0,0,0,-,-,,,SAN BERNARDINO,REDLANDS,-117.21362433,34.06293194
6810,8463970,2017,2017-10-16,3600,2017-09-27,1951,S2984,YC404,3,5,4,3640,0,0,0,,0,YC3,YUCAIPA BL,11TH ST,0.0,,Y,A,-,N,,,,,,,,,,Y,4,0,3,2,A,-,09,21802.0,A,N,D,C,A,A,H,-,C,A,0,,,,,Y,,D,22,0,0,3,0,0,0,0,0,0,-,-,,,SAN BERNARDINO,YUCAIPA,-117.08236013,34.03394008
6811,8463295,2017,2018-05-21,3600,2017-08-29,1514,D2867,RC012,2,5,6,3616,0,0,0,,0,005,MILLIKEN AV,RT 210,0.0,,Y,A,-,Y,SBD,8.0,210.0,-,-,7.726,R,4,W,N,4,0,1,2,A,-,11,21456.0,B,N,G,B,B,A,H,-,A,A,0,Y,,,,Y,,N,60,0,0,1,0,1,0,0,0,0,-,WO,,,SAN BERNARDINO,RANCHO CUCAMONGA,-117.56179472,34.13675317
6812,8462622,2017,2017-10-11,3607,2017-07-24,1647,80457,283,1,5,6,3607,0,0,0,,0,072,HAVEN AV,CREEKSIDE DR,0.0,,Y,A,-,N,,,,,,,,,,N,4,0,1,2,A,-,10,21950.0,A,N,B,B,B,A,H,-,A,A,0,Y,,,,Y,,-,,0,0,1,0,1,0,0,0,0,-,-,,,SAN BERNARDINO,ONTARIO,-117.57538013,34.02255011
6813,8461766,2017,2017-10-16,3604,2017-09-13,1316,473,,3,5,6,3604,0,0,0,,0,,SIERRA LAKES PKWY,BEECH AV,0.0,,Y,A,-,N,,,,,,,,,,N,3,0,1,2,A,-,05,21650.0,1,N,D,G,A,A,H,-,A,A,0,,Y,,,Y,,L,04,0,1,0,0,0,0,1,0,0,-,-,,,SAN BERNARDINO,FONTANA,-117.47103007,34.13949006
6814,8461695,2017,2017-10-25,3604,2017-08-17,1738,1154,,4,5,6,3604,0,0,0,,0,,SOUTH HIGHLAND AV,CYPRESS AV,69.0,E,N,G,-,N,,,,,,,,,,N,4,0,1,1,A,-,08,22107.0,,N,-,I,A,A,H,-,A,-,0,,,,,Y,,A,07,0,0,1,0,0,0,0,0,0,-,-,,,SAN BERNARDINO,FONTANA,-117.44434264,34.13467
6815,8460412,2017,2017-10-09,3600,2017-09-07,1550,C4462,VC024,4,5,5,3612,0,0,0,,0,VC3,GREEN TREE BL,6TH AV,0.0,,Y,A,-,N,,,,,,,,,,Y,4,0,1,2,A,-,03,22350.0,,N,C,C,A,A,H,-,A,D,0,,,,Y,Y,,A,01,0,0,1,0,0,0,0,0,0,-,-,,,SAN BERNARDINO,VICTORVILLE,-117.30811013,34.49991003
6816,8460385,2017,2017-10-09,3600,2017-09-08,1738,D3560,HE214,5,5,5,3619,0,0,0,,0,HE2,MAIN ST,BUCKTHORN AV,4.0,W,N,A,-,N,,,,,,,,,,Y,2,0,2,2,A,-,03,22350.0,,N,D,C,A,A,H,-,A,A,0,,,,,Y,Y,A,01,1,1,0,0,0,0,0,0,0,-,-,,,SAN BERNARDINO,HESPERIA,-117.26967302,34.41684191
6817,8460143,2017,2017-10-04,3600,2017-09-14,1102,D6899,HE129,4,5,5,3619,0,0,0,,0,HE5,MAIN ST,11TH AV,426.0,E,N,A,-,N,,,,,,,,,,Y,4,0,2,2,B,-,22,,,N,D,C,A,A,H,-,A,D,0,,,,,Y,,A,01,0,0,2,0,0,0,0,0,0,-,-,,,SAN BERNARDINO,HESPERIA,-117.32371867,34.4248088
6818,8460045,2017,2017-10-04,3603,2017-08-26,1634,3874,CPD,6,5,4,3603,0,0,0,,0,001,N PEPPER AV,SAN BERNARDINO AV,275.0,N,N,A,-,N,,,,,,,,,,Y,4,0,1,1,A,-,05,21650.0,,N,E,I,A,A,H,-,A,D,0,,,,,Y,,D,22,0,0,1,0,0,0,0,0,0,-,-,34.07776,-117.35287,SAN BERNARDINO,COLTON,-117.35293,34.07850334
6819,8459710,2017,2017-10-02,3604,2017-08-28,22,1156,,1,5,6,3604,0,0,0,,0,,ALDER AV,ORCHID AV,15.0,N,N,A,-,N,,,,,,,,,,Y,3,0,1,2,A,-,01,23152.0,A,N,C,E,A,A,H,-,C,D,0,,,,,Y,Y,A,01,0,1,0,0,0,0,0,0,0,-,-,,,SAN BERNARDINO,FONTANA,-117.41830075,34.08997109
6820,8459037,2017,2017-11-07,3607,2017-09-07,1257,19813,209,4,5,6,3607,0,0,0,,0,071,GROVE AV,FRANCIS ST,100.0,N,N,A,-,N,,,,,,,,,,Y,4,0,1,2,A,-,08,22100.0,A,N,D,C,A,A,H,-,A,D,0,,,,,Y,,-,,0,0,1,0,0,0,0,0,0,-,-,,,SAN BERNARDINO,ONTARIO,-117.62853999999999,34.04148406
6821,8459008,2017,2018-05-08,3604,2017-09-06,1951,1256,,3,5,6,3604,0,0,0,,0,,BEECH AV,FOOTHILL BL,19.0,S,N,A,-,N,,,,,,,,,,N,4,0,1,2,A,-,08,22107.0,,N,G,B,D,A,H,-,D,D,0,Y,,,,Y,,D,22,0,0,1,0,1,0,0,0,0,-,-,,,SAN BERNARDINO,FONTANA,-117.47120936,34.10643794
6822,8458503,2017,2017-10-03,3608,2017-09-19,728,4709,3608,2,5,5,3608,0,0,0,,0,,W BROCKTON AV,CLAY ST,0.0,,Y,B,-,N,,,,,,,,,,N,4,0,1,2,A,-,09,21802.0,A,N,D,C,A,A,H,-,A,A,0,,,,,Y,,A,01,0,0,1,0,0,0,0,0,0,-,-,,,SAN BERNARDINO,REDLANDS,-117.18467003,34.06637006
6823,8458027,2017,2017-09-27,3600,2017-09-18,1445,G3926,HE304,1,5,5,3619,0,0,0,,0,HE3,MAIN ST,ESCONDIDO AV,0.0,E,N,A,-,N,,,,,,,,,,N,3,0,1,2,A,-,08,22107.0,,F,G,G,A,A,H,-,A,D,0,,Y,,,Y,,A,01,0,1,0,0,0,0,1,0,0,-,-,,,SAN BERNARDINO,HESPERIA,-117.37299001,34.42665006
6824,8457726,2017,2017-10-04,3610,2017-09-16,1630,50608,,6,5,6,3610,0,0,0,,0,,NORTH WATERMAN AV,E GILBERT ST,0.0,,Y,A,-,N,,,,,,,,,,N,4,0,1,2,A,-,10,21950.0,A,M,G,B,B,-,H,-,A,D,0,Y,,,,Y,,A,01,0,0,1,0,1,0,0,0,0,-,-,34.12849,-117.2787,SAN BERNARDINO,SAN BERNARDINO,-117.27878009,34.12680003
6825,8457721,2017,2017-10-10,3610,2017-09-13,1016,50356,,3,5,6,3610,0,0,0,,0,ADAM,SHOW CASE DR,AUTO CENTER DR,15.0,N,N,A,-,N,,,,,,,,,,Y,4,0,1,2,A,-,08,22107.0,,N,D,C,A,A,H,-,A,A,0,,,,,Y,,A,01,0,0,1,0,0,0,0,0,0,-,-,,,SAN BERNARDINO,SAN BERNARDINO,-117.30053000000001,34.07185
6826,8456489,2017,2017-10-16,3600,2017-06-15,1209,G3248,AD316,4,5,3,3613,0,0,0,,0,AD2,CELESTA ST,ASTER RD,0.0,,Y,A,-,N,,,,,,,,,,N,3,0,1,1,A,-,03,22350.0,,N,E,I,A,A,H,-,A,D,0,,,,,Y,,A,01,0,1,0,0,0,0,0,0,0,-,-,,,SAN BERNARDINO,ADELANTO,,
6827,8455575,2017,2018-05-08,3610,2017-09-08,1100,,,5,5,6,3610,0,0,0,,0,,N BELLE ST,HIGHLAND AV,6.0,S,N,A,-,N,,,,,,,,,,N,4,0,1,2,A,-,10,21950.0,A,N,G,B,B,A,H,-,A,A,0,Y,,,,Y,,A,01,0,0,1,0,1,0,0,0,0,-,-,34.1359,-117.27876,SAN BERNARDINO,SAN BERNARDINO,-117.28006009,34.13592356
6828,8455555,2017,2017-09-26,3604,2017-08-21,708,641,,1,5,6,3604,0,0,0,,0,,SLOVER AV,OLEANDER AV,21.0,E,N,B,-,N,,,,,,,,,,N,4,0,1,2,A,-,05,21202.0,A,N,D,G,A,A,H,-,A,A,0,,Y,,,Y,,L,04,0,0,1,0,0,0,1,0,0,-,-,,,SAN BERNARDINO,FONTANA,-117.44863086,34.06304
6829,8455408,2017,2018-05-09,3604,2017-08-11,547,683,,5,5,6,3604,0,0,0,,0,,ARROW BL,TAMARIND AV,0.0,,Y,A,-,N,,,,,,,,,,N,4,0,1,2,D,-,00,,,N,D,C,A,A,H,-,A,A,0,,,,,Y,,-,-,0,0,1,0,0,0,0,0,0,-,-,,,SAN BERNARDINO,FONTANA,-117.42271005,34.09941011
6830,8454148,2017,2017-10-06,3600,2017-08-28,1854,G4526,AP003,1,5,5,3621,0,0,0,,0,,RANCHERIAS RD,RANCHERIAS RD 15783,0.0,,N,A,-,N,,,,,,,,,,N,4,0,3,2,A,-,03,22350.0,,N,C,C,A,A,H,-,C,A,0,,,,,Y,,D,22,0,0,3,0,0,0,0,0,0,-,-,,,SAN BERNARDINO,APPLE VALLEY,,
6831,8452235,2017,2017-09-26,3611,2017-04-17,2205,3134,3611,1,5,5,3611,0,0,0,,0,002,FOOTHILL BL,MOUNTAIN AV,30.0,E,N,A,-,N,,,,,,,,,,Y,2,0,2,2,A,-,09,21453.0,B,N,C,C,A,A,H,-,C,A,0,,,Y,,Y,Y,A,01,1,0,1,0,0,0,0,0,1,-,-,,,SAN BERNARDINO,UPLAND,-117.67010115,34.10696
6832,8452228,2017,2017-09-26,3607,2017-06-14,1904,80537,201,3,5,6,3607,0,0,0,,0,061,E ACACIA ST,EUCLID AV,90.0,E,N,A,-,N,,,,,,,,,,N,4,0,1,2,A,-,09,21804.0,A,M,D,C,A,A,H,-,A,A,0,,,,,Y,Y,-,,0,0,1,0,0,0,0,0,0,-,-,,,SAN BERNARDINO,ONTARIO,-117.65080388,34.04921925
6833,8452212,2017,2017-09-26,3611,2017-06-24,2332,2822,3611,6,5,5,3611,0,0,0,,0,001,MULBERRY AV,SPRINGFIELD ST,0.0,,Y,A,-,N,,,,,,,,,,N,3,0,1,2,A,-,17,21200.0,A,N,H,G,A,A,H,-,C,D,0,,Y,,,Y,,L,04,0,1,0,0,0,0,1,0,0,-,-,,,SAN BERNARDINO,UPLAND,-117.66557,34.10869011
6834,8452096,2017,2017-09-26,3611,2017-06-04,31,2822,3611,7,5,5,3611,0,0,0,,0,003,CAMPUS AV,20TH ST,0.0,,Y,A,-,N,,,,,,,,,,Y,4,0,2,2,A,-,03,22350.0,A,N,D,C,A,A,H,-,C,D,0,,,,Y,Y,,A,07,0,0,2,0,0,0,0,0,0,-,-,,,SAN BERNARDINO,UPLAND,-117.64298013,34.13609005
6835,8451905,2017,2017-09-23,3600,2017-04-21,2034,F4491,RC018,5,5,6,3616,0,0,0,,0,RC6,MILLIKEN AV,ARROW RTE,0.0,,Y,A,-,N,,,,,,,,,,N,3,0,1,2,A,-,10,21950.0,,N,G,B,B,A,H,-,C,A,0,Y,,,,Y,,A,01,0,1,0,0,1,0,0,0,0,-,-,,,SAN BERNARDINO,RANCHO CUCAMONGA,-117.55582003,34.0990401
6836,8451328,2017,2017-10-20,3609,2017-10-06,1907,0456,184,5,5,5,3609,0,0,0,,0,004,SAN BERNARDINO AV,SYCAMORE AV,0.0,,Y,A,-,N,,,,,,,,,,N,3,0,1,2,A,-,03,22350.0,,F,H,G,A,A,H,-,C,A,0,,Y,,,Y,,D,22,0,1,0,0,0,0,1,0,0,-,-,34.0733,-117.3739,SAN BERNARDINO,RIALTO,-117.36591014,34.07775004
6837,8449395,2017,2018-06-18,3600,2017-08-15,1339,A4209,AP006,2,5,5,3621,0,0,0,,0,AP1,RT 18,FLATHEAD RD,14.0,E,N,A,-,Y,SBD,8.0,18.0,-,-,90.25,H,-,N,Y,4,0,2,2,A,-,08,22107.0,,N,D,C,A,A,H,-,A,A,0,,,,,Y,,A,01,0,0,2,0,0,0,0,0,0,-,-,,,SAN BERNARDINO,APPLE VALLEY,-117.20702441,34.51473045
6838,8447889,2017,2018-05-31,3607,2017-07-03,2104,80527,104,1,5,6,3607,0,0,0,,0,022,EUCLID AV,D ST,0.0,,Y,A,-,Y,SBD,8.0,83.0,-,-,9.7,H,-,N,Y,3,0,1,2,A,-,08,22100.0,A,N,C,C,A,A,H,-,C,A,0,,,,,Y,,A,01,0,1,0,0,0,0,0,0,0,-,-,,,SAN BERNARDINO,ONTARIO,-117.65083957,34.06688938
6839,8447677,2017,2017-11-16,3604,2017-07-18,1706,1043,,2,5,6,3604,0,0,0,,0,,CITRUS AV,SLOVER AV,183.0,N,N,A,-,N,,,,,,,,,,N,4,0,1,3,A,-,09,21804.0,A,N,D,C,A,A,H,-,A,A,0,,,,,Y,,A,01,0,0,1,0,0,0,0,0,0,-,-,,,SAN BERNARDINO,FONTANA,-117.45382381,34.06350057
6840,8447487,2017,2017-09-29,3604,2017-07-13,1717,1210,,4,5,6,3604,0,0,0,,0,,IVY AV,PALMETTO AV,0.0,,Y,A,-,N,,,,,,,,,,N,4,0,1,2,A,-,05,21650.0,,N,D,G,A,A,H,-,A,D,0,,Y,,,Y,,L,04,0,0,1,0,0,0,1,0,0,-,-,,,SAN BERNARDINO,FONTANA,-117.42709011,34.10435012
6841,8443898,2017,2017-10-19,3600,2017-07-21,1529,A5392,YC106,5,5,4,3640,0,0,0,,0,YC1,4TH ST,CEDAR AV,0.0,,Y,A,-,N,,,,,,,,,,,4,0,1,2,-,-,-,,,N,A,C,A,A,H,-,A,D,0,,,,,Y,,-,-,0,0,1,0,0,0,0,0,0,-,-,,,SAN BERNARDINO,YUCAIPA,-117.05188011,34.03696007
6842,8443086,2017,2018-06-19,3600,2017-07-10,1111,G5375,AP004,1,5,5,3621,0,0,0,,0,AP1,RT 18,CORWIN RD,0.0,,N,A,-,Y,SBD,8.0,18.0,-,-,93.83,H,-,N,Y,4,0,2,2,A,-,12,21453.0,A,N,D,C,A,A,H,-,A,A,0,,,,,Y,,A,01,0,0,2,0,0,0,0,0,0,-,-,,,SAN BERNARDINO,APPLE VALLEY,-117.26265372,34.53984854
6843,8442948,2017,2017-09-06,3604,2017-07-08,2256,1211,,6,5,6,3604,0,0,0,,0,,S HERITAGE,BASELINE,0.0,,Y,A,-,N,,,,,,,,,,N,4,0,1,2,A,-,00,21651.0,1,N,-,G,A,A,H,-,C,A,0,,Y,,,Y,,L,04,0,0,1,0,0,0,1,0,0,-,-,,,SAN BERNARDINO,FONTANA,-117.50497005,34.12136011
6844,8442639,2017,2017-08-31,3601,2017-07-13,1234,P85,,4,5,3,3601,0,0,0,,0,PATROL,EAST BUENA VISTA,SOUTH 2ND ST,0.0,,Y,A,-,N,,,,,,,,,,Y,2,0,1,2,A,-,10,21950.0,A,N,G,B,B,A,H,-,A,A,0,Y,,,,Y,,A,01,1,0,0,0,1,0,0,0,0,-,-,,,SAN BERNARDINO,BARSTOW,-117.02621006,34.89563003
6845,8442600,2017,2017-08-31,3603,2017-07-23,306,4819,CPD,7,5,4,3603,0,0,0,,0,001,WEST JOHNSTON ST,HUNTER DR,150.0,W,N,A,-,N,,,,,,,,,,Y,4,0,2,2,A,-,03,22350.0,,N,C,E,A,B,H,-,C,A,0,,,,,Y,,-,,0,0,2,0,0,0,0,0,0,-,-,,,SAN BERNARDINO,COLTON,-117.32441393,34.08850001
6846,8441294,2017,2017-09-21,3600,2017-08-26,856,F1596,RC028,6,5,6,3616,0,0,0,,0,002,19TH ST,HERMOSA AV,3.0,E,N,A,-,N,,,,,,,,,,Y,4,0,1,2,A,-,09,21453.0,B,N,C,C,A,A,H,-,A,A,0,,,,,Y,,A,01,0,0,1,0,0,0,0,0,0,-,-,,,SAN BERNARDINO,RANCHO CUCAMONGA,-117.58477011,34.13244
6847,8441231,2017,2017-09-20,3609,2017-09-01,1317,8510,114,5,5,5,3609,0,0,0,,0,002,EUCALYPTUS AV,BASELINE RD,134.0,S,N,A,-,N,,,,,,,,,,Y,2,0,1,1,A,-,08,22107.0,,N,-,I,A,A,H,-,A,D,0,,,,,Y,Y,D,22,1,0,0,0,0,0,0,0,0,-,-,34.12089,-117.35741000000002,SAN BERNARDINO,RIALTO,-117.35732754,34.12100288
6848,8441123,2017,2017-09-12,3602,2017-07-17,953,3060,,1,5,5,3602,0,0,0,,0,003,RIVERSIDE DR,BENSON AV,138.0,E,N,A,-,N,,,,,,,,,,N,4,0,1,2,A,-,09,21804.0,A,N,D,C,A,A,D,-,A,D,0,,,,,Y,,A,01,0,0,1,0,0,0,0,0,0,-,-,,,SAN BERNARDINO,CHINO,-117.68014577,34.01913
6849,8439486,2017,2018-04-12,3600,2017-08-02,2025,C9261,HI019,3,5,4,3618,0,0,0,,0,003,BASELINE ST,RT 210,0.0,,Y,A,-,Y,SBD,8.0,210.0,-,R,29.215999999999998,R,4,E,N,4,0,1,2,A,-,10,21950.0,A,F,G,B,B,A,H,-,C,A,0,Y,,,,Y,Y,A,01,0,0,1,0,1,0,0,0,0,-,WO,,,SAN BERNARDINO,HIGHLAND,-117.2009051,34.12281013
6850,8438197,2017,2017-08-28,3610,2017-07-10,1110,50734,,1,5,6,3610,0,0,0,,0,CHARLI,NORTH WATERMAN AV,E 17TH ST,121.0,S,N,A,-,N,,,,,,,,,,Y,3,0,2,3,A,-,09,21804.0,,N,D,C,A,A,H,-,A,D,0,,,,,Y,,A,08,0,1,1,0,0,0,0,0,0,-,-,34.12973,-117.27984,SAN BERNARDINO,SAN BERNARDINO,-117.27878,34.12973852
6851,8437566,2017,2017-11-09,3610,2017-08-30,1721,50184,,3,5,6,3610,0,0,0,,0,,E ST,2ND ST,360.0,S,N,A,-,N,,,,,,,,,,Y,3,0,1,2,A,-,06,21755.0,I,N,D,C,A,A,H,-,A,D,0,,,Y,,Y,,C,02,0,1,0,0,0,0,0,0,1,-,-,,,SAN BERNARDINO,SAN BERNARDINO,-117.29413999999998,34.10184185
6852,8436771,2017,2017-09-19,3604,2017-08-09,1443,473,,3,5,6,3604,0,0,0,,0,,MERRILL AV,GRACE ST,0.0,,Y,A,-,N,,,,,,,,,,N,4,0,1,2,A,-,03,22350.0,,F,C,C,A,A,H,-,A,A,0,,,,,Y,,D,22,0,0,1,0,0,0,0,0,0,-,-,,,SAN BERNARDINO,FONTANA,-117.41223004,34.0922101
6853,8435892,2017,2018-06-19,3600,2017-08-12,1713,06180,HE134,6,5,5,3619,0,0,0,,0,HE1,RT 395,AVENAL AV,0.0,,Y,A,-,Y,SBD,8.0,395.0,-,-,6.3660000000000005,R,4,N,Y,3,0,3,3,A,-,03,22350.0,,N,C,C,A,A,H,-,A,B,0,,,,Y,Y,,A,01,0,1,2,0,0,0,0,0,0,-,-,,,SAN BERNARDINO,HESPERIA,-117.39953808,34.43760195
6854,8435387,2017,2017-08-29,3608,2017-08-11,1731,2906,,5,5,5,3608,0,0,0,,0,,ALABAMA ST,ORANGE TREE LN,0.0,,Y,A,-,N,,,,,,,,,,N,4,0,1,2,A,-,08,22100.0,B,N,C,C,A,A,H,-,A,A,0,,,,,Y,,A,01,0,0,1,0,0,0,0,0,0,-,-,,,SAN BERNARDINO,REDLANDS,-117.20875004,34.06891004
6855,8433087,2017,2017-12-01,3600,2017-07-14,1052,E6913,HI003,5,5,4,3618,0,0,0,,0,001,BASELINE ST,STERLING AV,157.0,E,N,A,-,N,,,,,,,,,,N,4,0,1,3,A,-,03,22350.0,,N,C,C,A,A,H,-,A,D,0,,,,,Y,,A,01,0,0,1,0,0,0,0,0,0,-,-,,,SAN BERNARDINO,HIGHLAND,-117.24314287,34.12131
6856,8432880,2017,2017-08-28,3609,2017-07-29,600,2072,3609,6,5,5,3609,0,0,0,,0,003,FOOTHILL BL,LARCH AV,0.0,,Y,A,-,N,,,,,,,,,,,4,0,2,2,A,-,09,21801.0,A,N,D,C,A,A,H,-,A,A,0,,,,,Y,,A,01,0,0,2,0,0,0,0,0,0,-,-,,,SAN BERNARDINO,RIALTO,-117.39218011,34.10674001
6857,8432707,2017,2017-08-25,3600,2017-07-27,1335,G3599,HE218,4,5,5,3619,0,0,0,,0,HE2,I AV,MAIN ST,0.0,,Y,A,-,N,,,,,,,,,,N,4,0,1,2,A,-,10,21950.0,A,N,G,B,B,A,H,-,A,A,0,Y,,,,Y,,A,01,0,0,1,0,1,0,0,0,0,-,-,,,SAN BERNARDINO,HESPERIA,-117.28308009999999,34.41881006
6858,8432375,2017,2017-08-22,3609,2017-07-29,1929,2072,3609,6,5,5,3609,0,0,0,,0,003,RANDALL AV,LARCH AV,0.0,,Y,A,-,N,,,,,,,,,,,4,0,1,3,A,-,12,22450.0,A,N,D,C,A,A,H,-,A,A,0,,,,,Y,,A,01,0,0,1,0,0,0,0,0,0,-,-,,,SAN BERNARDINO,RIALTO,-117.3921101,34.08496001
6859,8432044,2017,2017-12-19,3607,2017-08-06,250,80418,142,7,5,6,3607,0,0,0,,0,041,HAVEN AV,GUASTI RD,200.0,N,N,A,-,N,,,,,,,,,,N,4,0,1,2,A,-,03,22350.0,,M,C,C,A,A,H,-,C,A,0,,,,,Y,,-,,0,0,1,0,0,0,0,0,0,-,-,,,SAN BERNARDINO,ONTARIO,-117.57591000000001,34.06548801
6860,8431176,2017,2017-09-29,3609,2017-07-21,826,5403,,5,5,5,3609,0,0,0,,0,004,RIALTO AV,OAKDALE AV,150.0,W,N,A,-,N,,,,,,,,,,Y,4,0,2,2,A,-,03,22350.0,,N,A,C,A,A,H,-,A,D,0,,,,,Y,,A,01,0,0,2,0,0,0,0,0,0,-,-,34.10474,-117.3507,SAN BERNARDINO,RIALTO,-117.36540401,34.099509999999995
6861,8430637,2017,2017-10-19,3605,2017-08-11,2121,390,,5,5,4,3605,0,0,0,,0,,ARROW HWY,CAMINO AV,0.0,,Y,A,-,N,,,,,,,,,,N,4,0,1,2,A,-,00,22108.0,A,N,D,C,A,A,H,-,C,D,0,,,,,Y,,A,01,0,0,1,0,0,0,0,0,0,-,-,,,SAN BERNARDINO,MONTCLAIR,,
6862,8430633,2017,2017-09-14,3605,2017-08-10,1845,364,3605,4,5,4,3605,0,0,0,,0,,CENTRAL AV,ORCHARD ST,0.0,,Y,A,-,N,,,,,,,,,,N,3,0,1,2,A,-,10,21950.0,A,N,G,B,B,A,H,-,A,A,0,Y,,,,Y,,A,01,0,1,0,0,1,0,0,0,0,-,-,,,SAN BERNARDINO,MONTCLAIR,-117.68963004,34.07038009
6863,8430289,2017,2017-08-24,3610,2017-07-21,1220,50911,,5,5,6,3610,0,0,0,,0,POLICE,N PICO ST,9TH ST,32.0,N,N,A,-,N,,,,,,,,,,Y,3,0,1,1,A,-,03,22350.0,,N,A,I,A,A,H,-,A,D,0,,,,,Y,,A,01,0,1,0,0,0,0,0,0,0,-,-,34.11615,-117.31642,SAN BERNARDINO,SAN BERNARDINO,-117.31625086,34.11585766