,CASE_ID,ACCIDENT_YEAR,PROC_DATE,JURIS,COLLISION_DATE,COLLISION_TIME,OFFICER_ID,REPORTING_DISTRICT,DAY_OF_WEEK,CHP_SHIFT,POPULATION,CNTY_CITY_LOC,SPECIAL_COND,BEAT_TYPE,CHP_BEAT_TYPE,CITY_DIVISION_LAPD,CHP_BEAT_CLASS,BEAT_NUMBER,PRIMARY_RD,SECONDARY_RD,DISTANCE,DIRECTION,INTERSECTION,WEATHER_1,WEATHER_2,STATE_HWY_IND,CALTRANS_COUNTY,CALTRANS_DISTRICT,STATE_ROUTE,ROUTE_SUFFIX,POSTMILE_PREFIX,POSTMILE,LOCATION_TYPE,RAMP_INTERSECTION,SIDE_OF_HWY,TOW_AWAY,COLLISION_SEVERITY,NUMBER_KILLED,NUMBER_INJURED,PARTY_COUNT,PRIMARY_COLL_FACTOR,PCF_CODE_OF_VIOL,PCF_VIOL_CATEGORY,PCF_VIOLATION,PCF_VIOL_SUBSECTION,HIT_AND_RUN,TYPE_OF_COLLISION,MVIW,PED_ACTION,ROAD_SURFACE,ROAD_COND_1,ROAD_COND_2,LIGHTING,CONTROL_DEVICE,CHP_ROAD_TYPE,PEDESTRIAN_ACCIDENT,BICYCLE_ACCIDENT,MOTORCYCLE_ACCIDENT,TRUCK_ACCIDENT,NOT_PRIVATE_PROPERTY,ALCOHOL_INVOLVED,STWD_VEHTYPE_AT_FAULT,CHP_VEHTYPE_AT_FAULT,COUNT_SEVERE_INJ,COUNT_VISIBLE_INJ,COUNT_COMPLAINT_PAIN,COUNT_PED_KILLED,COUNT_PED_INJURED,COUNT_BICYCLIST_KILLED,COUNT_BICYCLIST_INJURED,COUNT_MC_KILLED,COUNT_MC_INJURED,PRIMARY_RAMP,SECONDARY_RAMP,LATITUDE,LONGITUDE,COUNTY,CITY,POINT_X,POINT_Y
6925,8389994,2017,2017-06-21,3600,2017-06-01,1104,E6896,,4,5,4,3618,0,0,0,,0,HI1,PACIFIC ST,OSBUN RD,0.0,,Y,A,-,N,,,,,,,,,,Y,4,0,1,2,A,-,09,21804.0,A,N,D,C,A,A,H,-,A,D,0,,,,,Y,,A,01,0,0,1,0,0,0,0,0,0,-,-,,,SAN BERNARDINO,HIGHLAND,-117.24874005,34.12859005
6926,8389973,2017,2017-06-20,3600,2017-05-21,1857,D4301,HE218,7,5,5,3619,0,0,0,,0,HE2,MAIN ST,JELLICO AV,0.0,,Y,A,-,N,,,,,,,,,,Y,3,0,1,2,A,-,09,21802.0,A,F,E,A,A,A,H,-,A,A,0,,,,,Y,Y,A,01,0,1,0,0,0,0,0,0,0,-,-,,,SAN BERNARDINO,HESPERIA,-117.29032009,34.41989001
6927,8389969,2017,2017-06-20,3600,2017-05-22,1756,G3238,HE417,1,5,5,3619,0,0,0,,0,HE4,FAIRBURN ST,GLINDER AV,0.0,,Y,A,-,N,,,,,,,,,,Y,4,0,3,2,A,-,09,21802.0,A,N,D,C,A,A,H,-,A,A,0,,,,,Y,,A,01,0,0,3,0,0,0,0,0,0,-,-,,,SAN BERNARDINO,HESPERIA,,
6928,8389826,2017,2017-06-21,3600,2017-05-14,1223,F5129,HI001,7,5,4,3618,0,0,0,,0,001,TIPPECANOE AV,3RD ST,0.0,,Y,-,-,N,,,,,,,,,,Y,4,0,3,2,A,-,00,22110.0,A,N,-,-,A,-,-,-,-,-,0,,,,,Y,Y,A,01,0,0,3,0,0,0,0,0,0,-,-,,,SAN BERNARDINO,HIGHLAND,-117.25965003,34.10456008
6929,8389521,2017,2017-06-15,3600,2017-05-23,1032,F1596,RC020,2,5,6,3616,0,0,0,,0,005,MILLIKEN AV,CENTRAL PARK,0.0,,Y,A,-,N,,,,,,,,,,N,3,0,1,2,A,-,05,21650.0,1,N,A,F,A,A,H,-,A,A,0,,Y,,,Y,,L,04,0,1,0,0,0,0,1,0,0,-,-,,,SAN BERNARDINO,RANCHO CUCAMONGA,-117.55861999999999,34.12475003
6930,8388082,2017,2017-06-14,3610,2017-05-02,2131,51048,,2,5,6,3610,0,0,0,,0,DAVID,NORTH SIERRA WY,EAST 9TH ST,0.0,,Y,A,-,N,,,,,,,,,,Y,3,0,1,2,A,-,12,21453.0,A,N,D,C,A,A,H,-,C,A,0,,,,,Y,,A,07,0,1,0,0,0,0,0,0,0,-,-,34.10425,-117.33915,SAN BERNARDINO,SAN BERNARDINO,-117.28514001,34.11578006
6931,8387550,2017,2018-04-12,3600,2017-05-12,238,D2560,RC027,5,5,6,3616,0,0,0,,0,002,HAVEN AV,RT 210,20.0,N,N,A,-,Y,SBD,8.0,210.0,-,-,7.101,R,4,W,Y,4,0,1,1,A,-,01,23152.0,A,N,E,I,A,A,H,-,-,A,0,,,,,Y,Y,A,01,0,0,1,0,0,0,0,0,0,-,-,,,SAN BERNARDINO,RANCHO CUCAMONGA,-117.57262625,34.13637413
6932,8386045,2017,2017-07-10,3600,2017-06-11,1225,S3887,VC69,7,5,5,3612,0,0,0,,0,005,FUCHSIA LN,FUCHSIA LN  13753,0.0,,N,A,-,N,,,,,,,,,,N,4,0,1,2,A,-,05,21202.0,A,N,D,G,A,A,H,-,A,D,0,,Y,,,Y,,L,04,0,0,1,0,0,0,1,0,0,-,-,,,SAN BERNARDINO,VICTORVILLE,,
6933,8385875,2017,2017-07-11,3600,2017-06-16,857,C2440,GT004,5,5,3,3690,0,0,0,,0,,MT VERNON AV BARTON RD,W LL OF ARLISS,8.0,E,N,A,-,N,,,,,,,,,,N,4,0,1,2,A,-,-,,,N,B,C,A,A,H,-,A,D,0,,,,,Y,,-,-,0,0,1,0,0,0,0,0,0,-,-,,,SAN BERNARDINO,GRAND TERRACE,,
6934,8385361,2017,2017-07-06,3604,2017-05-24,706,473,,3,5,6,3604,0,0,0,,0,,CYPRESS AV,HAWTHORNE AV,0.0,,Y,A,-,N,,,,,,,,,,Y,3,0,2,3,A,-,09,21802.0,A,F,D,C,A,A,H,-,A,A,0,,,,,Y,,-,99,0,1,1,0,0,0,0,0,0,-,-,,,SAN BERNARDINO,FONTANA,-117.44441012,34.08180002
6935,8385165,2017,2017-07-13,3610,2017-05-26,1843,50866,,5,5,6,3610,0,0,0,,0,DAVID,WEST 9TH ST,NORTH D ST,0.0,,Y,A,-,N,,,,,,,,,,Y,3,0,2,2,A,-,09,21802.0,A,N,D,C,A,A,H,-,B,A,0,,,,,Y,Y,A,01,0,1,1,0,0,0,0,0,0,-,-,34.115790000000004,-117.29189,SAN BERNARDINO,SAN BERNARDINO,-117.29189007,34.11576009
6936,8384921,2017,2017-06-29,3610,2017-05-24,1401,51115,,3,5,6,3610,0,0,0,,0,POLICE,N DAVIDSON AVE,W 30TH ST,51.0,N,N,A,-,N,,,,,,,,,,Y,4,0,3,2,A,-,03,22350.0,,N,A,C,A,A,H,-,A,D,0,,,,,Y,,A,01,0,0,3,0,0,0,0,0,0,-,-,34.14613,-117.31023,SAN BERNARDINO,SAN BERNARDINO,-117.31024,34.14622972
6937,8383820,2017,2017-06-28,3610,2017-05-08,1355,50911,,1,5,6,3610,0,0,0,,0,CHARLI,OLD WATERMAN CANYON RD,RT 18,5280.0,N,N,A,-,N,,,,,,,,,,N,4,0,1,2,A,-,03,22350.0,,N,B,C,A,A,H,-,A,D,0,,,Y,,Y,,C,02,0,0,1,0,0,0,0,0,0,-,-,,,SAN BERNARDINO,SAN BERNARDINO,-117.27551641,34.19635572
6938,8383296,2017,2017-06-12,3609,2017-04-27,1440,9222,124,4,5,5,3609,0,0,0,,0,002,LILAC AVE,GROVE AV,0.0,,Y,A,-,N,,,,,,,,,,N,4,0,1,2,A,-,05,21650.0,,N,G,G,A,A,H,-,A,D,0,,Y,,,Y,,L,04,0,0,1,0,0,0,1,0,0,-,-,34.108959999999996,-117.37908999999999,SAN BERNARDINO,RIALTO,-117.37913003,34.10893011
6939,8383279,2017,2017-06-05,3607,2017-04-03,525,80502,179,1,5,6,3607,0,0,0,,0,051,MISSION BL,MOUNTAIN AV,0.0,,Y,A,-,N,,,,,,,,,,N,4,0,1,2,A,-,10,21950.0,A,F,G,B,B,A,H,-,B,A,0,Y,,,,Y,Y,-,,0,0,1,0,1,0,0,0,0,-,-,,,SAN BERNARDINO,ONTARIO,-117.66987007,34.05610009
6940,8382334,2017,2017-06-14,3607,2017-04-18,1946,19823,67,2,5,6,3607,0,0,0,,0,031,4TH ST,BAKER AV,0.0,,Y,A,-,N,,,,,,,,,,N,3,0,1,2,A,-,05,21650.0,,N,D,G,A,A,H,-,C,A,0,,Y,,,Y,,L,04,0,1,0,0,0,0,1,0,0,-,-,,,SAN BERNARDINO,ONTARIO,-117.61983005,34.07763011
6941,8379860,2017,2017-06-30,3600,2017-05-23,1938,F3069,VC020,2,5,5,3612,0,0,0,,0,VC3,BEAR VALLEY RD,MARIPOSA RD,0.0,,Y,A,-,N,,,,,,,,,,N,3,0,1,2,A,-,12,21453.0,A,N,D,C,A,A,H,-,B,A,0,,,Y,,Y,,C,02,0,1,0,0,0,0,0,0,1,-,-,,,SAN BERNARDINO,VICTORVILLE,-117.34287009,34.47045011
6942,8378308,2017,2017-06-23,3605,2017-05-25,1042,318,,4,5,4,3605,0,0,0,,0,,HOLT BL,CENTRAL AV,0.0,,Y,A,-,N,,,,,,,,,,N,3,0,1,2,A,-,05,21650.0,1,N,D,G,A,A,H,-,A,A,0,,Y,,,Y,,L,04,0,1,0,0,0,0,1,0,0,-,-,,,SAN BERNARDINO,MONTCLAIR,-117.68974005,34.06329009
6943,8378226,2017,2017-06-16,3600,2017-05-31,1619,G3926,HE104,3,5,5,3619,0,0,0,,0,HE1,BEAR VALLEY RD,3RD AV,0.0,,Y,A,-,N,,,,,,,,,,Y,4,0,2,2,A,-,09,21802.0,A,N,D,C,A,A,H,-,A,A,0,,,,,Y,,A,01,0,0,2,0,0,0,0,0,0,-,-,,,SAN BERNARDINO,HESPERIA,-117.30362003,34.47085007
6944,8377827,2017,2017-06-16,3600,2017-05-30,1408,F8541,CH024,2,5,5,3630,0,0,0,,0,CH1,PEYTON DR,CHINO AV,0.0,,Y,A,-,N,,,,,,,,,,N,3,0,1,2,A,-,05,21650.0,1,N,D,G,A,A,H,-,A,A,0,,Y,,,Y,,L,04,0,1,0,0,0,0,1,0,0,-,-,,,SAN BERNARDINO,CHINO HILLS,-117.74297,34.01025008
6945,8377059,2017,2017-06-07,3600,2017-05-21,1947,D4301,HE304,7,5,5,3619,0,0,0,,0,HE3,MAIN ST,ESCONDIDO AV,532.0,E,N,A,-,N,,,,,,,,,,Y,4,0,1,2,A,-,09,21802.0,A,N,B,C,A,A,H,-,-,D,0,,,,,Y,,A,01,0,0,1,0,0,0,0,0,0,-,-,,,SAN BERNARDINO,HESPERIA,-117.3712313,34.42667
6946,8377055,2017,2017-06-07,3600,2017-05-14,1645,D4301,HE313,7,5,5,3619,0,0,0,,0,HE3,3RD AV,WALNUT ST,16.0,N,N,A,-,N,,,,,,,,,,Y,4,0,2,2,A,-,08,22107.0,,N,D,C,A,A,H,-,A,D,0,,,,,Y,Y,A,01,0,0,2,0,0,0,0,0,0,-,-,,,SAN BERNARDINO,HESPERIA,-117.306901,34.42131319
6947,8377036,2017,2017-06-01,3607,2017-03-20,628,19791,166,1,5,6,3607,0,0,0,,0,061,AIRPORT DR,GROVE AV,100.0,E,N,A,-,N,,,,,,,,,,N,4,0,1,2,A,-,05,21650.0,1,N,D,G,A,A,H,-,A,D,0,,Y,,,Y,,L,04,0,0,1,0,0,0,1,0,0,-,-,,,SAN BERNARDINO,ONTARIO,-117.62797449,34.06005
6948,8370876,2017,2018-07-20,3610,2017-04-06,1320,50569,,4,5,6,3610,0,0,0,,0,,N MOUNTAIN VIEW AV,WEST HIGHLAND AV,0.0,,Y,A,-,N,,,,,,,,,,N,4,0,1,2,A,-,05,21650.0,1,N,G,G,A,A,H,-,A,A,0,,Y,,,Y,,L,04,0,0,1,0,0,0,1,0,0,-,-,,,SAN BERNARDINO,SAN BERNARDINO,-117.28735006,34.13596003
6949,8370059,2017,2018-04-24,3609,2017-05-05,929,9826,192,5,5,5,3609,0,0,0,,0,004,RIVERSIDE AV,RT 10,0.0,,Y,A,-,Y,SBD,8.0,10.0,-,-,19.796,R,4,E,N,4,0,1,2,A,-,12,21453.0,A,N,B,C,A,A,H,-,A,A,0,,,,,Y,,D,22,0,0,1,0,0,0,0,0,0,-,-,34.06831,-117.37038999999999,SAN BERNARDINO,RIALTO,-117.37335213,34.06860526
6950,8369659,2017,2017-06-02,3600,2017-04-27,1043,E5343,HE116,4,5,5,3619,0,0,0,,0,HE1,MESA ST,HESPERIA RD,47.0,W,N,A,-,N,,,,,,,,,,Y,4,0,1,2,A,-,03,22350.0,,N,A,C,A,A,H,-,A,A,0,,,,,Y,,D,22,0,0,1,0,0,0,0,0,0,-,-,,,SAN BERNARDINO,HESPERIA,-117.29675212,34.448496399999996
6951,8368177,2017,2017-05-18,3607,2017-04-28,1154,80171,255,5,5,6,3607,0,0,0,,0,062,OAK HILL ST,CAMPUS AV,5.0,W,N,A,-,N,,,,,,,,,,N,4,0,1,2,A,-,05,21650.0,,N,B,G,A,A,H,-,A,A,0,,Y,,,Y,,L,04,0,0,1,0,0,0,1,0,0,-,-,,,SAN BERNARDINO,ONTARIO,-117.64148646,34.028779799999995
6952,8366496,2017,2017-06-21,3610,2017-04-14,210,50928,,5,5,6,3610,0,0,0,,0,,N H ST,W 9TH ST,0.0,,Y,A,-,N,,,,,,,,,,Y,3,0,1,1,A,-,08,22107.0,,N,E,I,A,A,H,-,C,A,0,,,,,Y,,A,01,0,1,0,0,0,0,0,0,0,-,-,34.1158,-117.30088,SAN BERNARDINO,SAN BERNARDINO,-117.30092002,34.11583002
6953,8366255,2017,2018-04-17,3610,2017-04-12,2213,50756,,3,5,6,3610,0,0,0,,0,,30TH ST,WATERMAN AV,0.0,,Y,A,-,Y,SBD,8.0,18.0,-,T,6.236000000000001,I,5,N,N,4,0,1,2,D,-,00,,,N,G,B,B,A,H,-,C,A,0,Y,,,,Y,Y,-,-,0,0,1,0,1,0,0,0,0,-,-,34.14595,-117.27866999999999,SAN BERNARDINO,SAN BERNARDINO,-117.27870429,34.14592906
6954,8365980,2017,2017-05-22,3600,2017-04-20,1051,C9261,HI025,4,5,4,3618,0,0,0,,0,,GREENSPOT RD,CHURCH ST,0.0,,Y,A,-,N,,,,,,,,,,Y,3,0,1,2,A,-,09,21802.0,A,N,B,C,A,A,H,-,A,A,0,,,,,Y,,A,01,0,1,0,0,0,0,0,0,0,-,-,,,SAN BERNARDINO,HIGHLAND,-117.17332011,34.10989009
6955,8365888,2017,2017-05-17,3610,2017-04-26,2035,50519,,3,5,6,3610,0,0,0,,0,POLICE,HIGHLAND AV,GUTHRIE ST,77.0,E,N,A,-,N,,,,,,,,,,N,3,0,1,2,A,-,09,21453.0,B,N,D,G,A,A,H,-,C,A,0,,Y,,,Y,,A,01,0,1,0,0,0,0,1,0,0,-,-,,,SAN BERNARDINO,SAN BERNARDINO,-117.23901635,34.13584264
6956,8365383,2017,2017-05-15,3602,2017-04-25,43,3276,,2,5,5,3602,0,0,0,,0,005,CHICO CREEK,EL PRADO DR,225.0,S,N,A,-,N,,,,,,,,,,Y,4,0,1,1,B,-,22,,,N,F,J,A,A,G,-,D,D,0,,,,,Y,,A,01,0,0,1,0,0,0,0,0,0,-,-,,,SAN BERNARDINO,CHINO,,
6957,8365182,2017,2017-05-15,3602,2017-03-20,741,2928,,1,5,5,3602,0,0,0,,0,002,13TH ST,RIVERSIDE DR,8.0,N,N,B,-,N,,,,,,,,,,N,4,0,1,2,A,-,10,21950.0,A,N,G,B,B,A,H,-,A,A,0,Y,,,,Y,,A,01,0,0,1,0,1,0,0,0,0,-,-,,,SAN BERNARDINO,CHINO,-117.68303,34.01914193
6958,8365177,2017,2017-05-12,3604,2017-04-14,733,473,,5,5,6,3604,0,0,0,,0,,BASELINE AV,OLEANDER AV,640.0,W,N,A,-,N,,,,,,,,,,N,4,0,1,2,A,-,03,22350.0,,N,C,C,A,A,H,-,A,A,0,,,,,Y,,A,01,0,0,1,0,0,0,0,0,0,-,-,,,SAN BERNARDINO,FONTANA,-117.45105840000001,34.1214609
6959,8363435,2017,2018-05-18,3601,2017-03-27,1541,P61,,1,5,3,3601,0,0,0,,0,002,E MAIN ST,ROBERTA ST,118.0,E,N,A,-,N,,,,,,,,,,N,4,0,1,2,A,-,08,22107.0,,N,C,C,A,A,H,-,A,D,0,,,,,Y,,A,01,0,0,1,0,0,0,0,0,0,-,-,,,SAN BERNARDINO,BARSTOW,-117.00163663,34.89252522
6960,8362614,2017,2017-05-11,3600,2017-04-09,1833,R8563,HE414,7,5,5,3619,0,0,0,,0,HE4,I AV,PRESTON ST,0.0,,Y,A,-,N,,,,,,,,,,Y,3,0,1,2,A,-,03,22350.0,,N,C,C,A,A,H,-,A,D,0,,,,,Y,,-,,0,1,0,0,0,0,0,0,0,-,-,,,SAN BERNARDINO,HESPERIA,-117.28020009,34.39774005
6961,8362594,2017,2017-05-11,3600,2017-04-11,1458,G3596,HE108,2,5,5,3619,0,0,0,,0,HE1,10TH AV,EUCALYPTUS ST,1031.0,N,N,A,-,N,,,,,,,,,,Y,3,0,2,2,A,-,06,21755.0,,N,D,C,A,A,G,-,A,A,0,,,,,Y,,A,01,0,2,0,0,0,0,0,0,0,-,-,,,SAN BERNARDINO,HESPERIA,-117.31813319,34.45899441
6962,8361280,2017,2017-05-19,3609,2017-04-08,1940,0456,143,6,5,5,3609,0,0,0,,0,003,RIALTO AV,MAPLE AV,687.0,E,N,A,-,N,,,,,,,,,,Y,2,0,1,2,A,-,03,22350.0,,N,D,C,A,A,H,-,C,D,0,,,Y,,Y,,C,02,1,0,0,0,0,0,0,0,1,-,-,34.0996,-117.4025,SAN BERNARDINO,RIALTO,-117.40299731,34.09949
6963,8361262,2017,2017-05-16,3610,2017-04-21,723,51003,,5,5,6,3610,0,0,0,,0,CHARLI,EAST PUMALO ST,PD3442,17.0,W,N,A,-,N,,,,,,,,,,Y,4,0,1,2,A,-,08,22107.0,,N,B,C,A,A,H,-,A,D,0,,,,,Y,,A,01,0,0,1,0,0,0,0,0,0,-,-,34.1393,-117.25593,SAN BERNARDINO,SAN BERNARDINO,,
6964,8360999,2017,2017-05-12,3605,2017-04-30,1712,382,,7,5,4,3605,0,0,0,,0,,BANDERA ST,CENTRAL AV,772.0,W,N,A,-,N,,,,,,,,,,Y,3,0,1,3,A,-,08,22107.0,,N,B,E,A,A,H,-,A,D,0,,,,,Y,,A,01,0,1,0,0,0,0,0,0,0,-,-,,,SAN BERNARDINO,MONTCLAIR,-117.69218663,34.065020000000004
6965,8360765,2017,2017-05-12,3600,2017-04-15,1203,S3887,VC074,6,5,5,3612,0,0,0,,0,,MOJAVE DR,JERALDO,49.0,E,N,A,-,N,,,,,,,,,,Y,4,0,1,2,A,-,08,22107.0,,N,C,C,A,A,H,-,A,A,0,,,,,Y,,A,01,0,0,1,0,0,0,0,0,0,-,-,,,SAN BERNARDINO,VICTORVILLE,-117.33520783,34.5286328
6966,8360265,2017,2017-05-11,3607,2017-04-18,1158,8-496,121,2,5,6,3607,0,0,0,,0,012,MOUNTAIN AV,VESTA ST,0.0,,Y,A,-,N,,,,,,,,,,N,3,0,1,2,A,-,05,21202.0,A,N,A,G,A,A,H,-,A,A,0,,Y,,,Y,,L,04,0,1,0,0,0,0,1,0,0,-,-,,,SAN BERNARDINO,ONTARIO,-117.67005005,34.06512009
6967,8360126,2017,2017-05-11,3607,2017-03-28,1409,14458,305,2,5,6,3607,0,0,0,,0,MILLS,MILLS CIR,FRANKLIN AV,520.0,W,N,A,-,N,,,,,,,,,,Y,3,0,2,2,A,-,08,22107.0,,N,D,C,A,A,H,-,A,D,0,,,,,Y,,-,,0,2,0,0,0,0,0,0,0,-,-,,,SAN BERNARDINO,ONTARIO,-117.55421224,34.07085
6968,8354994,2017,2017-05-12,3608,2017-04-13,240,4629,901,4,5,5,3608,0,0,0,,0,,TENNESSEE ST,REDLANDS BL,0.0,,Y,A,-,N,,,,,,,,,,Y,4,0,2,2,A,-,03,22350.0,,N,D,C,A,A,H,-,C,A,0,,,,,Y,,A,01,0,0,2,0,0,0,0,0,0,-,-,,,SAN BERNARDINO,REDLANDS,-117.20011002,34.06087008
6969,8354957,2017,2018-04-12,3607,2017-04-04,1349,15149,144,2,5,6,3607,0,0,0,,0,041,MILLIKEN AV,RT 10,0.0,,Y,A,-,Y,SBD,8.0,10.0,-,-,9.23,R,4,W,N,4,0,1,2,A,-,12,21453.0,A,N,D,C,A,A,H,-,A,A,0,,,,,Y,,-,,0,0,1,0,0,0,0,0,0,-,WF,,,SAN BERNARDINO,ONTARIO,-117.55725344,34.06756191
6970,8354933,2017,2017-05-10,3607,2017-03-18,1343,19815,41,6,5,6,3607,0,0,0,,0,012,MOUNTAIN AV,4TH ST,30.0,N,N,A,-,N,,,,,,,,,,N,4,0,1,2,A,-,21,22106.0,,N,D,C,A,A,H,-,A,A,0,,,,,Y,,I,20,0,0,1,0,0,0,0,0,0,-,-,,,SAN BERNARDINO,ONTARIO,-117.67011000000001,34.07795222
6971,8354754,2017,2017-05-08,3607,2017-04-07,1503,19790,72,5,5,6,3607,0,0,0,,0,042,JURUPA ST,MILLIKEN AV,0.0,,Y,A,-,N,,,,,,,,,,Y,4,0,2,2,A,-,01,23152.0,A,N,D,C,A,A,H,-,A,A,0,,,,,Y,Y,-,,0,0,2,0,0,0,0,0,0,-,-,,,SAN BERNARDINO,ONTARIO,-117.55838006,34.04823004
6972,8354714,2017,2017-05-05,3607,2017-02-12,1354,80555,22,7,5,6,3607,0,0,0,,0,011,MOUNTAIN AV,HAWTHORNE ST,0.0,,Y,A,-,N,,,,,,,,,,N,4,0,1,2,A,-,05,21202.0,A,N,B,B,A,A,H,-,A,D,0,,Y,,,Y,Y,L,04,0,0,1,0,0,0,1,0,0,-,-,,,SAN BERNARDINO,ONTARIO,-117.67014009,34.08332005
6973,8352401,2017,2017-05-06,3605,2017-04-07,855,399,,5,5,4,3605,0,0,0,,0,,BANDERA ST,TUDOR AV,0.0,,Y,A,-,N,,,,,,,,,,N,4,0,1,2,A,-,08,22107.0,,N,B,E,A,A,H,-,A,A,0,,,,,Y,,A,01,0,0,1,0,0,0,0,0,0,-,-,,,SAN BERNARDINO,MONTCLAIR,-117.70085,34.06492009
6974,8351775,2017,2017-04-25,3610,2017-03-31,1307,51073,,5,5,6,3610,0,0,0,,0,,S MT VERNON AV,W ESPERANZA ST,0.0,,Y,A,-,Y,,,,,,,,,,Y,4,0,3,2,A,-,09,21802.0,A,N,D,C,A,A,H,-,A,D,0,,,,,Y,,A,01,0,0,3,0,0,0,0,0,0,-,-,34.09214,-117.31381,SAN BERNARDINO,SAN BERNARDINO,-117.31383013,34.09007006
6975,8348782,2017,2018-02-17,3607,2017-03-11,2121,80502,293,6,5,6,3607,0,0,0,,0,062,EUCLID AV,RT 60,0.0,,Y,A,-,Y,SBD,8.0,60.0,-,R,4.789,R,3,E,N,4,0,1,2,A,-,05,21202.0,A,N,D,G,A,A,H,-,C,A,0,,Y,,,Y,,L,04,0,0,1,0,0,0,1,0,0,-,-,,,SAN BERNARDINO,ONTARIO,-117.64723822,34.03032889
6976,8348359,2017,2018-06-20,3604,2017-03-23,1104,1195,,4,5,6,3604,0,0,0,,0,,SIERRA AV,RT 10,0.0,,Y,A,-,Y,SBD,8.0,10.0,-,-,16.198,R,4,E,N,4,0,1,2,A,-,05,21650.0,1,N,D,G,A,A,H,-,A,A,0,,Y,,,Y,,L,04,0,0,1,0,0,0,1,0,0,-,-,,,SAN BERNARDINO,FONTANA,-117.43608905,34.067296899999995
6977,8347684,2017,2017-04-25,3608,2017-04-05,1645,4027,,3,5,5,3608,0,0,0,,0,,E CITRUS AV,E CYPRESS AV,0.0,,Y,A,-,N,,,,,,,,,,Y,4,0,2,2,A,-,12,22450.0,,N,D,C,A,A,H,-,A,A,0,,,,,Y,,A,01,0,0,2,0,0,0,0,0,0,-,-,,,SAN BERNARDINO,REDLANDS,-117.16163999999999,34.05558009
6978,8347162,2017,2017-04-17,3609,2017-03-30,1528,2493,06,4,5,5,3609,0,0,0,,0,001,LINDEN AV,CANDLEWOOD ST,0.0,,Y,A,-,N,,,,,,,,,,Y,4,0,2,2,A,-,09,21801.0,A,N,-,C,A,-,H,-,A,A,0,,,,,Y,,A,01,0,0,2,0,0,0,0,0,0,-,-,34.1527,-117.40106000000002,SAN BERNARDINO,RIALTO,-117.40101010000001,34.15270007
6979,8347126,2017,2017-04-17,3609,2017-03-15,1710,1041,097,3,5,5,3609,0,0,0,,0,001,WILLOW AV,BASELINE RD,0.0,,Y,A,-,N,,,,,,,,,,N,4,0,1,2,A,-,09,21453.0,B,F,G,B,B,A,H,-,A,A,0,Y,,,,Y,,A,01,0,0,1,0,1,0,0,0,0,-,-,34.07173,-117.22295,SAN BERNARDINO,RIALTO,-117.3748,34.12136009
6980,8346742,2017,2017-04-17,3603,2017-03-31,720,CL4817,COLTO,5,5,4,3603,0,0,0,,0,003,LA CADENA DR,LA LOMA ST,289.0,S,N,A,-,N,,,,,,,,,,Y,4,0,1,2,A,-,08,22107.0,,N,B,C,A,-,H,-,A,D,0,,,,,Y,,A,01,0,0,1,0,0,0,0,0,0,-,-,,,SAN BERNARDINO,COLTON,-117.33566007,34.02665983
6981,8346622,2017,2017-04-24,3609,2017-03-04,946,0208,3609,6,5,5,3609,0,0,0,,0,004,SYCAMORE AV,WILSON ST,0.0,,Y,A,-,N,,,,,,,,,,Y,4,0,1,2,A,-,09,21800.0,,N,D,G,A,A,H,-,A,A,0,,,Y,,Y,,C,03,0,0,1,0,0,0,0,0,1,-,-,34.09556,-117.36596000000002,SAN BERNARDINO,RIALTO,-117.36596000000002,34.09546007
6982,8346219,2017,2017-04-27,3611,2017-01-02,808,626,3611,1,5,5,3611,0,0,0,,0,002,BENSON AV,HUNTINGTON DR,138.0,S,N,A,-,N,,,,,,,,,,Y,3,0,1,2,A,-,03,22350.0,,N,C,C,A,A,H,-,A,A,0,,,,,Y,,E,22,0,1,0,0,0,0,0,0,0,-,-,,,SAN BERNARDINO,UPLAND,-117.68092,34.09712177
6983,8344859,2017,2017-04-20,3611,2017-02-09,1739,2488,3611,4,5,5,3611,0,0,0,,0,002,ARROW RTE,COLLEGE COMMERCE WY,69.0,W,N,A,-,N,,,,,,,,,,Y,4,0,3,2,A,-,03,22350.0,,N,C,C,A,A,H,-,C,D,0,,,,,Y,,A,07,0,0,3,0,0,0,0,0,0,-,-,,,SAN BERNARDINO,UPLAND,-117.69187731,34.09955716
6984,8344405,2017,2017-04-14,3610,2017-03-12,1228,51003,,7,5,6,3610,0,0,0,,0,POLICE,E LYNWOOD DR,N DEL ROSA AV,0.0,,Y,A,-,N,,,,,,,,,,N,4,0,1,2,A,-,10,21950.0,A,N,G,B,B,A,H,-,A,A,0,Y,,,,Y,Y,A,01,0,0,1,0,1,0,0,0,0,-,-,34.14673,-117.25238999999999,SAN BERNARDINO,SAN BERNARDINO,-117.25243011,34.14675006
6985,8344283,2017,2017-04-19,3607,2017-03-20,1843,15043,280,1,5,6,3607,0,0,0,,0,072,DEER CREEK LOOP,BUFFALO RD,100.0,E,N,A,-,N,,,,,,,,,,Y,4,0,1,1,A,-,08,22107.0,,N,E,I,A,A,H,-,B,D,0,,,,,Y,,-,,0,0,1,0,0,0,0,0,0,-,-,,,SAN BERNARDINO,ONTARIO,-117.58123906,34.02783791
6986,8344006,2017,2017-04-19,3600,2017-02-20,2109,C8321,YC404,1,5,4,3640,0,0,0,,0,YC3,AVENUE D,10TH ST,0.0,,Y,B,-,N,,,,,,,,,,N,3,0,1,1,A,-,01,23152.0,B,N,F,I,A,A,H,-,C,D,0,,,,,Y,Y,D,22,0,1,0,0,0,0,0,0,0,-,-,,,SAN BERNARDINO,YUCAIPA,-117.07770013,34.03024008