,CASE_ID,ACCIDENT_YEAR,PROC_DATE,JURIS,COLLISION_DATE,COLLISION_TIME,OFFICER_ID,REPORTING_DISTRICT,DAY_OF_WEEK,CHP_SHIFT,POPULATION,CNTY_CITY_LOC,SPECIAL_COND,BEAT_TYPE,CHP_BEAT_TYPE,CITY_DIVISION_LAPD,CHP_BEAT_CLASS,BEAT_NUMBER,PRIMARY_RD,SECONDARY_RD,DISTANCE,DIRECTION,INTERSECTION,WEATHER_1,WEATHER_2,STATE_HWY_IND,CALTRANS_COUNTY,CALTRANS_DISTRICT,STATE_ROUTE,ROUTE_SUFFIX,POSTMILE_PREFIX,POSTMILE,LOCATION_TYPE,RAMP_INTERSECTION,SIDE_OF_HWY,TOW_AWAY,COLLISION_SEVERITY,NUMBER_KILLED,NUMBER_INJURED,PARTY_COUNT,PRIMARY_COLL_FACTOR,PCF_CODE_OF_VIOL,PCF_VIOL_CATEGORY,PCF_VIOLATION,PCF_VIOL_SUBSECTION,HIT_AND_RUN,TYPE_OF_COLLISION,MVIW,PED_ACTION,ROAD_SURFACE,ROAD_COND_1,ROAD_COND_2,LIGHTING,CONTROL_DEVICE,CHP_ROAD_TYPE,PEDESTRIAN_ACCIDENT,BICYCLE_ACCIDENT,MOTORCYCLE_ACCIDENT,TRUCK_ACCIDENT,NOT_PRIVATE_PROPERTY,ALCOHOL_INVOLVED,STWD_VEHTYPE_AT_FAULT,CHP_VEHTYPE_AT_FAULT,COUNT_SEVERE_INJ,COUNT_VISIBLE_INJ,COUNT_COMPLAINT_PAIN,COUNT_PED_KILLED,COUNT_PED_INJURED,COUNT_BICYCLIST_KILLED,COUNT_BICYCLIST_INJURED,COUNT_MC_KILLED,COUNT_MC_INJURED,PRIMARY_RAMP,SECONDARY_RAMP,LATITUDE,LONGITUDE,COUNTY,CITY,POINT_X,POINT_Y
7168,8517067,2017,2017-12-26,3711,2017-12-05,552,HB5912,,2,5,7,3711,0,0,0,,0,503,SPANISH LANDING,NORTH HARBOR DR,196.0,N,N,A,-,N,,,,,,,,,,N,3,0,1,1,A,-,03,22350.0,,N,F,I,A,A,H,-,C,D,0,,,Y,,Y,,C,02,0,1,0,0,0,0,0,0,1,-,-,,,SAN DIEGO,SAN DIEGO,-117.20458,32.72932
7169,8516460,2017,2018-01-04,3700,2017-12-01,1815,0817,,5,5,5,3712,0,0,0,,0,355,VIA VERA CRUZ,GRAND AV,555.0,S,N,A,-,N,,,,,,,,,,N,2,0,1,2,D,-,00,,,F,G,B,F,A,H,-,C,D,0,Y,,,,Y,,-,-,1,0,0,0,1,0,0,0,0,-,-,,,SAN DIEGO,SAN MARCOS,-117.19032708,33.1410801
7170,8516329,2017,2018-01-05,3706,2017-12-11,615,438,ESCON,1,5,6,3706,0,0,0,,0,042,WASHINGTON AV,ELM ST E,329.0,E,N,A,-,N,,,78.0,,,,,,,N,4,0,1,2,A,-,10,21952.0,,N,G,B,E,A,H,-,B,D,0,Y,,,,Y,,A,01,0,0,1,0,1,0,0,0,0,-,-,33.13006,-117.07404,SAN DIEGO,ESCONDIDO,-117.07402756,33.13001973
7171,8514444,2017,2017-12-14,3710,2017-10-20,1652,OC1437,008,5,5,6,3710,0,0,0,,0,008,FIRESIDE ST,MISSION AV,0.0,,Y,A,-,N,,,,,,,,,,N,4,0,1,2,A,-,10,21950.0,A,N,G,B,B,A,H,-,A,A,0,Y,,,,Y,,A,01,0,0,1,0,1,0,0,0,0,-,-,33.22253,-117.33559,SAN DIEGO,OCEANSIDE,-117.33547013,33.22240002
7172,8514375,2017,2017-12-19,3711,2017-11-19,1046,7171,,7,5,7,3711,0,0,0,,0,615,ROSECRANS ST,POE ST,0.0,,Y,A,-,N,,,,,,,,,,N,3,0,1,2,A,-,08,22107.0,,N,D,G,A,A,H,-,A,D,0,,Y,,,Y,,A,07,0,1,0,0,0,0,1,0,0,-,-,,,SAN DIEGO,SAN DIEGO,-117.22377005,32.73103002
7173,8514371,2017,2017-12-19,3711,2017-11-30,853,7397,,4,5,7,3711,0,0,0,,0,622,LINDA VISTA TER,NAPA ST,0.0,,Y,B,-,N,,,,,,,,,,Y,3,0,2,2,A,-,12,21453.0,A,N,D,C,A,A,H,-,A,A,0,,,,,Y,,-,,0,1,1,0,0,0,0,0,0,-,-,,,SAN DIEGO,SAN DIEGO,-117.19698000000001,32.7653
7174,8514357,2017,2017-12-18,3711,2017-11-18,2324,HB5712,,6,5,7,3711,0,0,0,,0,504,NORTH HARBOR DR,WEST ASH ST,82.0,S,N,A,-,N,,,,,,,,,,N,4,0,1,2,A,-,09,21804.0,A,N,D,C,A,B,H,-,-,A,0,,,,,Y,,A,01,0,0,1,0,0,0,0,0,0,-,-,,,SAN DIEGO,SAN DIEGO,-117.17312,32.71961537
7175,8514308,2017,2017-12-19,3711,2017-12-03,824,6774,,7,5,7,3711,0,0,0,,0,311,PHYLLIS PL,PHYLLIS PL 8404,0.0,,Y,A,-,N,,,,,,,,,,N,3,0,1,2,A,-,08,22107.0,,N,D,G,A,A,H,-,A,-,0,,Y,,,Y,,A,01,0,1,0,0,0,0,1,0,0,-,-,,,SAN DIEGO,SAN DIEGO,,
7176,8514300,2017,2017-12-19,3711,2017-12-01,2138,7483,,5,5,7,3711,0,0,0,,0,712,BEYER BL,SMYTHE  AV,12.0,E,N,A,-,N,,,,,,,,,,N,4,0,1,2,A,-,08,22107.0,,N,C,C,A,A,H,-,C,A,0,,,,,Y,,A,07,0,0,1,0,0,0,0,0,0,-,-,,,SAN DIEGO,SAN DIEGO,-117.04939741,32.55914215
7177,8513229,2017,2018-02-17,3711,2017-12-28,2218,7156,,4,5,7,3711,0,0,0,,0,511,MAIN ST,YAMA ST,0.0,,Y,A,-,N,,,,,,,,,,Y,4,0,1,2,A,-,03,22350.0,,N,B,C,A,A,H,-,C,A,0,,,,,Y,,-,,0,0,1,0,0,0,0,0,0,-,-,,,SAN DIEGO,SAN DIEGO,-117.11229005,32.68337011
7178,8513219,2017,2018-01-20,3710,2017-11-14,1610,OC1177,030,2,5,6,3710,0,0,0,,0,007,COLLEGE BL,WARING RD,15.0,S,N,A,-,N,,,,,,,,,,Y,4,0,1,2,A,-,08,22100.0,A,N,D,C,A,A,H,-,A,A,0,,,,,Y,,A,07,0,0,1,0,0,0,0,0,0,-,-,33.18625,-117.29628999999998,SAN DIEGO,OCEANSIDE,-117.29644420000001,33.18617068
7179,8512581,2017,2018-06-29,3702,2017-11-15,1730,CV1159,,3,5,6,3702,0,0,0,,0,032,EAST H ST,RT 125,0.0,,Y,A,-,Y,SD,11.0,125.0,-,-,4.938,R,1,N,N,4,0,1,2,A,-,21,22106.0,,N,C,C,A,A,H,-,C,A,0,,,,,Y,,J,48,0,0,1,0,0,0,0,0,0,-,-,,,SAN DIEGO,CHULA VISTA,-116.97462487,32.65838123
7180,8512076,2017,2017-12-29,3711,2017-11-27,1510,5842,,1,5,7,3711,0,0,0,,0,931,MIRAMAR RD,FROST MAR PL,0.0,,Y,A,-,N,,,,,,,,,,Y,4,0,1,2,A,-,09,21453.0,B,N,C,C,A,A,H,-,A,A,0,,,,,Y,,-,,0,0,1,0,0,0,0,0,0,-,-,,,SAN DIEGO,SAN DIEGO,-117.17265013,32.87774007
7181,8511734,2017,2017-12-27,3702,2017-11-13,825,CV1159,,1,5,6,3702,0,0,0,,0,002,H ST,5TH AV,200.0,W,N,A,-,N,,,,,,,,,,Y,3,0,2,2,A,-,09,21804.0,A,N,D,C,A,A,H,-,A,D,0,,,,,Y,,A,01,0,2,0,0,0,0,0,0,0,-,-,,,SAN DIEGO,CHULA VISTA,-117.08600200000001,32.63193128
7182,8511269,2017,2018-07-05,3711,2017-12-07,2215,7579,SDPD,4,5,7,3711,0,0,0,,0,934,RT 5,DEL MAR HEIGHTS,0.0,,Y,A,-,Y,SD,11.0,5.0,-,R,34.347,R,4,S,Y,4,0,1,2,A,-,12,21453.0,A,N,D,C,A,A,H,-,C,A,0,,,,,Y,,-,,0,0,1,0,0,0,0,0,0,SF,-,,,SAN DIEGO,SAN DIEGO,-117.24440885,32.9530102
7183,8511158,2017,2017-12-20,3711,2017-11-02,1720,5611,,4,5,7,3711,0,0,0,,0,242,CALLE CRISTOBAL,CAMINO MIRANDA,12.0,W,N,B,-,N,,,,,,,,,,N,3,0,1,2,A,-,21,22106.0,,N,G,B,B,A,H,-,B,A,0,Y,,,,Y,,A,01,0,1,0,0,1,0,0,0,0,-,-,,,SAN DIEGO,SAN DIEGO,-117.16488037,32.92566939
7184,8510875,2017,2017-12-21,3700,2017-12-01,2000,SH3183,,5,5,5,3713,0,0,0,,0,311,CIVIC CENTER DR,EAST VISTA WY,36.0,S,N,A,-,N,,,,,,,,,,N,3,0,1,2,A,-,11,21456.0,B,N,G,B,B,A,H,-,C,A,0,Y,,,,Y,,N,60,0,1,0,0,1,0,0,0,0,-,-,,,SAN DIEGO,VISTA,-117.23710766,33.20523318
7185,8510483,2017,2018-06-29,3711,2017-11-27,942,7406,3711,1,5,7,3711,0,0,0,,0,122,MISSION BAY DR,RT 5,9.0,S,N,B,C,Y,SD,11.0,5.0,-,R,22.745,R,4,S,,3,0,1,2,A,-,12,21453.0,A,N,D,C,A,B,H,-,A,A,0,,,,,Y,,-,,0,1,0,0,0,0,0,0,0,-,SO,,,SAN DIEGO,SAN DIEGO,-117.20993995,32.79725177
7186,8510163,2017,2017-12-19,3706,2017-12-02,1457,464,ESCON,6,5,6,3706,0,0,0,,0,042,MISSION AV,ESCONDIDO BL,136.0,W,N,A,-,N,,,,,,,,,,N,4,0,1,2,A,-,05,21650.0,,N,H,G,A,A,H,-,A,A,0,,Y,,,Y,,L,04,0,0,1,0,0,0,1,0,0,-,-,33.12917,-117.08928,SAN DIEGO,ESCONDIDO,-117.08978466,33.12895946
7187,8509248,2017,2017-12-05,3705,2017-10-31,1237,EC0366,,2,5,5,3705,0,0,0,,0,006,WEST MAIN ST,EL MONTE,22.0,W,N,B,-,N,,,,,,,,,,N,4,0,1,2,A,-,10,21950.0,A,N,G,B,B,A,H,-,A,A,0,Y,,,,Y,,A,01,0,0,1,0,1,0,0,0,0,-,-,,,SAN DIEGO,EL CAJON,-116.97853134,32.79497
7188,8509188,2017,2017-12-18,3701,2017-11-22,1248,CB5457,,3,5,5,3701,0,0,0,,0,001,CARLSBAD VILLAGE DR,WASHINGTON ST,0.0,,Y,A,-,N,,,,,,,,,,N,4,0,1,2,A,-,03,22350.0,,N,D,G,A,A,H,-,A,D,0,,Y,,,Y,,L,04,0,0,1,0,0,0,1,0,0,-,-,,,SAN DIEGO,CARLSBAD,-117.34973007,33.15902003
7189,8509182,2017,2017-12-15,3711,2017-11-29,2130,7177,,3,5,7,3711,0,0,0,,0,314,FROST ST,HEALTH CENTER DR,10.0,E,N,A,-,N,,,,,,,,,,N,4,0,1,2,A,-,08,22107.0,,M,G,B,B,A,H,-,C,A,0,Y,,,,Y,,-,,0,0,1,0,1,0,0,0,0,-,-,,,SAN DIEGO,SAN DIEGO,-117.15528756,32.800290000000004
7190,8509180,2017,2017-12-18,3701,2017-11-27,1642,CB5499,,1,5,5,3701,0,0,0,,0,006,ARMADA DR,PALOMAR AIRPORT RD,42.0,S,N,A,-,N,,,,,,,,,,Y,4,0,2,2,A,-,12,21453.0,A,N,A,C,A,A,H,-,A,A,0,,,,,Y,,A,07,0,0,2,0,0,0,0,0,0,-,-,,,SAN DIEGO,CARLSBAD,-117.31349324,33.12194507
7191,8509172,2017,2018-06-29,3701,2017-11-30,1650,CB5360,,4,5,5,3701,0,0,0,,0,006,PALOMAR AIRPORT RD,RT 5,0.0,,Y,A,-,Y,SD,11.0,5.0,-,R,47.269,R,1,N,N,3,0,1,2,A,-,10,21950.0,A,N,G,B,B,A,H,-,B,A,0,Y,,,,Y,,A,07,0,1,0,0,1,0,0,0,0,-,SF,,,SAN DIEGO,CARLSBAD,-117.32379635,33.1252784
7192,8509122,2017,2018-06-29,3711,2017-11-30,830,7673,,4,5,7,3711,0,0,0,,0,838,UNIVERSITY AV,RT 15,3.0,E,N,B,-,Y,SD,11.0,15.0,-,M,4.755,R,4,S,N,4,0,1,2,A,-,11,21456.0,B,N,G,B,B,A,H,-,A,A,0,Y,,,,Y,,N,60,0,0,1,0,1,0,0,0,0,-,SF,,,SAN DIEGO,SAN DIEGO,-117.1089925,32.75128248
7193,8509014,2017,2017-12-18,3701,2017-10-25,1816,CB5514,,3,5,5,3701,0,0,0,,0,006,EL CAMINIO REAL,ALGA RD,105.0,S,N,A,-,N,,,,,,,,,,Y,4,0,2,3,A,-,01,23153.0,A,F,C,C,A,A,H,-,B,A,0,,,,,Y,Y,D,22,0,0,2,0,0,0,0,0,0,-,-,,,SAN DIEGO,CARLSBAD,-117.26636855,33.10204446
7194,8508999,2017,2017-12-19,3711,2017-11-03,1241,6774,,5,5,7,3711,0,0,0,,0,242,WESTVIEW PKWY,MIRA MESA BL,50.0,N,N,B,-,N,,,,,,,,,,N,2,0,1,2,A,-,09,21804.0,A,N,D,G,A,A,H,-,A,A,0,,Y,,Y,Y,,F,56,1,0,0,0,0,0,1,0,0,-,-,,,SAN DIEGO,SAN DIEGO,-117.12052537,32.91745689
7195,8508461,2017,2017-12-13,3711,2017-11-22,1545,7698,,3,5,7,3711,0,0,0,,0,524,5TH AV,A ST,0.0,,Y,A,-,N,,,,,,,,,,Y,3,0,3,2,A,-,12,21453.0,A,N,D,C,A,A,H,-,A,A,0,,,,,Y,,-,-,0,1,2,0,0,0,0,0,0,-,-,,,SAN DIEGO,SAN DIEGO,-117.16019007,32.71885009
7196,8508233,2017,2018-06-29,3711,2017-11-26,1815,5813,UNIVE,7,5,7,3711,0,0,0,,0,115,GENESEE AV,RT 52,0.0,,Y,A,-,Y,SD,11.0,52.0,-,-,2.463,R,1,E,N,4,0,1,2,A,-,08,22107.0,,M,D,C,A,A,H,-,C,A,0,,,,,Y,,-,,0,0,1,0,0,0,0,0,0,-,-,,,SAN DIEGO,SAN DIEGO,-117.20011359,32.84623133
7197,8507915,2017,2018-06-29,3708,2017-11-22,738,LM1206,,3,5,5,3708,0,0,0,,0,002,SEVERIN DR,BANCROFT DR,0.0,,Y,A,-,Y,SD,11.0,8.0,-,-,12.545,R,4,E,N,4,0,1,2,A,-,09,21800.0,A,N,B,C,A,A,H,-,A,A,0,,,,,Y,,A,01,0,0,1,0,0,0,0,0,0,-,-,,,SAN DIEGO,LA MESA,-116.99896861,32.77923253
7198,8506534,2017,2018-06-29,3702,2017-11-03,630,CV1056,,5,5,6,3702,0,0,0,,0,041,EAST ORANGE AV,RT 805,0.0,,Y,A,-,Y,SD,11.0,805.0,-,-,4.224,R,1,N,N,3,0,1,2,A,-,10,21950.0,A,N,G,B,B,A,H,-,A,A,0,Y,,,,Y,,A,01,0,1,0,0,1,0,0,0,0,-,NF,,,SAN DIEGO,CHULA VISTA,-117.03614308,32.603069399999995
7199,8506509,2017,2018-06-29,3711,2017-11-20,1148,7503,,1,5,7,3711,0,0,0,,0,722,SATURN BL,PALM AV,0.0,,Y,A,-,Y,SD,11.0,75.0,-,-,9.31,I,6,S,,4,0,1,2,A,-,05,21651.0,B,N,H,G,A,A,H,-,A,A,0,,Y,,,Y,,-,-,0,0,1,0,0,0,1,0,0,-,-,32.58397,-117.09273,SAN DIEGO,SAN DIEGO,-117.09267041,32.58375794
7200,8506320,2017,2017-12-11,3700,2017-11-23,1853,SH0385,,4,5,5,3713,0,0,0,,0,319,SOUTH MELROSE DR,BUENA VISTA DR,0.0,,Y,A,-,N,,,,,,,,,,N,3,0,1,2,A,-,11,21456.0,B,N,G,B,D,A,H,-,C,A,0,Y,,,,Y,,N,60,0,1,0,0,1,0,0,0,0,-,-,,,SAN DIEGO,VISTA,-117.24736999999999,33.16701007
7201,8506209,2017,2017-12-18,3711,2017-11-21,1542,7593,,2,5,7,3711,0,0,0,,0,723,CORONADO AV,CORONDO AV 2909,10.0,E,N,A,-,N,,,,,,,,,,N,3,0,1,2,A,-,00,21850.0,,N,G,B,D,A,H,-,A,D,0,Y,,,,Y,,A,01,0,1,0,0,1,0,0,0,0,-,-,,,SAN DIEGO,SAN DIEGO,,
7202,8506197,2017,2017-12-18,3711,2017-11-15,1705,7561,SAN D,3,5,7,3711,0,0,0,,0,721,PALM AV,16TH ST,800.0,E,N,A,-,N,,,,,,,,,,N,4,0,1,2,A,-,05,21651.0,B,N,D,G,A,A,H,-,C,D,0,,Y,,,Y,,L,04,0,0,1,0,0,0,1,0,0,-,-,,,SAN DIEGO,SAN DIEGO,-117.09691171,32.58393
7203,8506189,2017,2017-12-18,3711,2017-11-20,1142,7083,,1,5,7,3711,0,0,0,,0,315,CAMINO DE LA REINA,CAMINO DEL ESTE,15.0,N,N,A,-,N,,,,,,,,,,N,4,0,1,2,A,-,09,21804.0,A,N,B,C,A,A,H,-,A,A,0,,,,,Y,,A,01,0,0,1,0,0,0,0,0,0,-,-,,,SAN DIEGO,SAN DIEGO,-117.14414751,32.77091
7204,8506181,2017,2017-12-18,3711,2017-11-20,1039,7576,,1,5,7,3711,0,0,0,,0,934,CARMEL VIEW RD,VALLEY CENTER DR,500.0,N,N,A,-,N,,,,,,,,,,Y,4,0,2,2,A,-,09,21804.0,A,N,D,C,A,A,H,-,A,D,0,,,,,Y,,-,,0,0,2,0,0,0,0,0,0,-,-,,,SAN DIEGO,SAN DIEGO,-117.23289469,32.93906726
7205,8506041,2017,2017-12-08,3700,2017-11-15,835,SH0320,,3,5,5,3713,0,0,0,,0,312,SOUTH EMERALD DR,HACIENDA DR,25.0,N,N,A,-,N,,,,,,,,,,N,4,0,1,2,A,-,08,22107.0,,M,C,C,A,A,H,-,A,A,0,,,,,Y,,A,01,0,0,1,0,0,0,0,0,0,-,-,,,SAN DIEGO,VISTA,-117.27956,33.18664849
7206,8505560,2017,2018-06-29,3710,2017-11-13,2030,OC1401,011,1,5,6,3710,0,0,0,,0,004,OCEANSIDE BL,RT 5,0.0,,Y,A,-,Y,SD,11.0,5.0,-,R,52.35,R,1,N,N,3,0,1,2,A,-,12,21453.0,A,N,H,G,A,A,H,-,C,A,0,,Y,,,Y,,L,04,0,1,0,0,0,0,1,0,0,-,-,,,SAN DIEGO,OCEANSIDE,-117.36253412,33.19075322
7207,8505544,2017,2017-12-06,3701,2017-11-14,2041,CB5413,,2,5,5,3701,0,0,0,,0,006,CAMINO DEL NOGAL,CAMINO VIDA ROBLE,51.0,N,N,A,-,N,,,,,,,,,,N,4,0,2,1,A,-,03,22350.0,,N,F,A,A,A,H,-,C,D,0,,,Y,,Y,,C,02,0,0,2,0,0,0,0,0,2,-,-,,,SAN DIEGO,CARLSBAD,,
7208,8504418,2017,2018-07-05,3710,2017-12-01,1751,OC1437,021,5,5,6,3710,0,0,0,,0,009,RT 76,FRAZEE RD,75.0,E,N,A,-,Y,SD,11.0,76.0,-,R,5.61,H,-,E,N,3,0,1,2,A,-,11,21956.0,,N,G,B,E,A,H,-,C,A,0,Y,,,,Y,Y,N,60,0,1,0,0,1,0,0,0,0,-,-,33.23908,-117.29843999999999,SAN DIEGO,OCEANSIDE,-117.29824149,33.23914492
7209,8504405,2017,2018-01-16,3708,2017-12-02,114,IM1263,,6,5,5,3708,0,0,0,,0,003,LAKE MURRAY BL,BALTIMORE,0.0,,Y,A,-,N,,,,,,,,,,Y,4,0,1,1,A,-,01,23152.0,A,N,E,I,A,A,H,-,D,D,0,,,,,Y,Y,D,22,0,0,1,0,0,0,0,0,0,-,-,,,SAN DIEGO,LA MESA,-117.03310009,32.78098002
7210,8504366,2017,2018-07-05,3711,2017-12-31,931,7233,,7,5,7,3711,0,0,0,,0,311,KEARNY VILLA RD,RT 805,0.0,,Y,B,-,Y,SD,11.0,805.0,-,-,19.984,R,4,N,N,3,0,1,2,A,-,09,21800.0,A,N,B,-,A,A,H,-,A,A,0,,Y,,,Y,,A,08,0,1,0,0,0,0,1,0,0,-,NF,,,SAN DIEGO,SAN DIEGO,-117.14974663,32.80036748
7211,8504241,2017,2018-07-05,3711,2017-12-07,616,8447,,4,5,7,3711,0,0,0,,0,722,PALM AV,RT 5,0.0,,N,A,-,Y,SD,11.0,75.0,-,-,9.088,I,5,N,N,4,0,1,2,A,-,09,21453.0,B,N,G,-,A,A,H,-,A,A,0,,Y,,,Y,,-,,0,0,1,0,0,0,1,0,0,-,-,32.584,-117.0891,SAN DIEGO,SAN DIEGO,-117.08882203,32.58389859
7212,8502915,2017,2017-12-19,3711,2017-11-12,1415,7157,,7,5,7,3711,0,0,0,,0,432,EUCLID AV,IMPERIAL AV,9.0,W,N,A,-,N,,,,,,,,,,N,4,0,1,2,A,-,17,21451.0,A,N,G,B,B,A,H,-,A,A,0,Y,,,,Y,,A,07,0,0,1,0,1,0,0,0,0,-,-,,,SAN DIEGO,SAN DIEGO,-117.08500121,32.70453463
7213,8502905,2017,2017-12-19,3711,2017-11-12,954,7204,SD,7,5,7,3711,0,0,0,,0,115,LA JOLLA VILLAGE DR,REGENTS RD,28.0,W,N,A,-,N,,,,,,,,,,Y,4,0,2,4,A,-,09,21804.0,A,N,A,C,A,A,H,-,A,A,0,,,,,Y,,-,,0,0,2,0,0,0,0,0,0,-,-,,,SAN DIEGO,SAN DIEGO,-117.21845784,32.87132039
7214,8501749,2017,2017-12-28,3710,2017-11-29,1856,OC1351,012,3,5,6,3710,0,0,0,,0,005,DOWNS ST,SKYLARK DR,8.0,S,N,A,-,N,,,,,,,,,,Y,4,0,1,2,A,-,01,23153.0,A,N,A,C,A,A,H,-,D,D,0,,,,,Y,Y,A,07,0,0,1,0,0,0,0,0,0,-,-,33.19598,-117.35005,SAN DIEGO,OCEANSIDE,-117.34993659999999,33.196061199999995
7215,8501496,2017,2017-12-12,3711,2017-11-20,1453,4897,,1,5,7,3711,0,0,0,,0,313,CONVOY ST,DAGGET ST,575.0,N,N,A,-,N,,,,,,,,,,N,4,0,2,2,A,-,04,21703.0,,N,C,C,A,A,H,-,A,D,0,,,,,Y,,A,07,0,0,2,0,0,0,0,0,0,-,-,,,SAN DIEGO,SAN DIEGO,-117.15512062,32.82514751
7216,8501235,2017,2017-12-12,3711,2017-11-26,1255,7176,,7,5,7,3711,0,0,0,,0,517,25TH ST,BROADWAY,145.0,N,N,A,-,N,,,,,,,,,,,4,0,1,2,A,-,09,21804.0,A,N,D,C,A,A,H,-,A,D,0,,,,,Y,,A,01,0,0,1,0,0,0,0,0,0,-,-,,,SAN DIEGO,SAN DIEGO,-117.14028386,32.71621719
7217,8500778,2017,2017-12-06,3702,2017-10-17,2115,CV1151,,2,5,6,3702,0,0,0,,0,031,EAST H ST,HIDDEN VISTA,6.0,E,N,A,-,N,,,,,,,,,,N,2,0,1,2,A,-,10,21950.0,A,N,G,B,B,A,H,-,C,A,0,Y,,,,Y,,A,01,1,0,0,0,1,0,0,0,0,-,-,,,SAN DIEGO,CHULA VISTA,-117.04935429,32.64064033
7218,8500762,2017,2017-12-06,3702,2017-10-06,2100,CV1226,,5,5,6,3702,0,0,0,,0,013,H AV,3RD AV,20.0,E,N,A,-,N,,,,,,,,,,N,4,0,1,2,A,-,08,22100.0,A,N,B,C,A,A,H,-,C,A,0,,,,,Y,,A,01,0,0,1,0,0,0,0,0,0,-,-,,,SAN DIEGO,CHULA VISTA,-117.07716861,32.63441741
7219,8500722,2017,2017-12-06,3702,2017-10-31,1140,CV1228,,2,5,6,3702,0,0,0,,0,021,OXFORD ST,BROADWAY,1229.0,W,N,B,-,N,,,,,,,,,,N,4,0,1,2,A,-,05,21202.0,A,N,A,G,A,A,H,-,A,D,0,,Y,,,Y,,L,04,0,0,1,0,0,0,1,0,0,-,-,,,SAN DIEGO,CHULA VISTA,-117.08384440000002,32.60570779
7220,8499031,2017,2017-12-11,3706,2017-11-03,1814,1603,ESCON,5,5,6,3706,0,0,0,,0,042,MISSION AV,BROADWAY,122.0,E,N,A,-,N,,,,,,,,,,Y,4,0,3,2,A,-,09,21804.0,A,N,B,C,A,A,H,-,C,A,0,,,,,Y,,A,01,0,0,3,0,0,0,0,0,0,-,-,33.13046,-117.08545,SAN DIEGO,ESCONDIDO,-117.08533999999999,33.130359999999996
7221,8498763,2017,2018-01-10,3711,2017-11-28,1730,5958,,2,5,7,3711,0,0,0,,0,242,MIRA MESA BL,MIRA MESA BL 8900,0.0,,-,A,-,N,,,,,,,,,,N,4,0,1,2,A,-,09,21804.0,A,N,G,B,F,A,H,-,C,D,0,Y,,,,Y,,-,,0,0,1,0,1,0,0,0,0,-,-,,,SAN DIEGO,SAN DIEGO,,
7222,8497948,2017,2017-12-04,3702,2017-10-12,1330,CV1086,,4,5,6,3702,0,0,0,,0,012,H ST,FIG AV,234.0,W,N,A,-,N,,,,,,,,,,Y,3,0,1,2,A,-,08,22107.0,,N,D,C,A,A,H,-,A,D,0,,,,,Y,,A,01,0,1,0,0,0,0,0,0,0,-,-,,,SAN DIEGO,CHULA VISTA,-117.08366158,32.63259502
7223,8496949,2017,2018-02-17,3711,2017-11-18,1646,5923,SANDI,6,5,7,3711,0,0,0,,0,611,MIDWAY DR,MIDWAY DR 2800,8.0,E,N,A,-,N,,,,,,,,,,N,4,0,1,2,A,I,-,,,N,D,G,A,A,H,-,B,D,0,,Y,,,Y,,L,04,0,0,1,0,0,0,1,0,0,-,-,,,SAN DIEGO,SAN DIEGO,,
7224,8496938,2017,2018-02-17,3711,2017-11-16,645,7606,N,4,5,7,3711,0,0,0,,0,122,GARNET AV,GARNET AV 2000,12.0,,N,B,-,N,,,,,,,,,,N,4,0,1,3,A,-,09,21804.0,A,N,B,E,A,A,H,-,A,D,0,,,,,Y,,A,01,0,0,1,0,0,0,0,0,0,-,-,,,SAN DIEGO,SAN DIEGO,,
7225,8496745,2017,2018-06-26,3711,2017-10-21,1742,7575,,6,5,7,3711,0,0,0,,0,233,RANCHO PENASQUITOS BL,AZUAGA ST,21.0,S,N,A,-,Y,SD,11.0,56.0,-,-,8.333,R,4,E,N,2,0,1,2,A,-,09,21804.0,A,N,B,G,A,A,H,-,A,A,0,,Y,,,Y,,L,04,1,0,0,0,0,0,1,0,0,-,-,,,SAN DIEGO,SAN DIEGO,-117.11727901,32.95711752
7226,8496725,2017,2017-12-09,3711,2017-11-13,1925,5672,,1,5,7,3711,0,0,0,,0,313,BALBOA AV,CONVOY ST,0.0,,Y,B,-,N,,,,,,,,,,Y,4,0,2,2,A,-,12,21453.0,A,N,D,C,A,A,H,-,C,A,0,,,,,Y,,A,01,0,0,2,0,0,0,0,0,0,-,-,,,SAN DIEGO,SAN DIEGO,-117.15509012,32.82175011
7227,8496721,2017,2017-12-09,3711,2017-11-13,720,7536,,1,5,7,3711,0,0,0,,0,521,PARK BL,PARK BL 1200,0.0,,N,A,-,N,,,,,,,,,,N,4,0,2,2,A,-,04,21703.0,,N,C,C,A,A,H,-,A,A,0,,,,,Y,,D,22,0,0,2,0,0,0,0,0,0,-,-,,,SAN DIEGO,SAN DIEGO,,
7228,8496510,2017,2017-11-18,3700,2017-10-18,1818,SH4791,,3,5,5,3782,0,0,0,,0,206,LEUCADIA BL,TOWN CENTER DRIVE,0.0,,N,A,-,N,,,,,,,,,,Y,4,0,1,2,A,-,09,21804.0,A,N,D,C,A,A,H,-,A,D,0,,,,,Y,,A,01,0,0,1,0,0,0,0,0,0,-,-,,,SAN DIEGO,ENCINITAS,-117.26495,33.0678901
7229,8496291,2017,2017-12-12,3706,2017-11-09,2216,449,ESCON,4,5,6,3706,0,0,0,,0,041,EL NORTE PKWY,GAMBLE ST,104.0,W,N,A,-,N,,,,,,,,,,N,4,0,1,2,A,-,01,23152.0,A,F,C,C,A,A,H,-,C,A,0,,,,,Y,Y,A,01,0,0,1,0,0,0,0,0,0,-,-,33.14137,-117.08441,SAN DIEGO,ESCONDIDO,-117.08469701,33.14116989
7230,8495408,2017,2017-12-08,3711,2017-11-14,758,6481,,2,5,7,3711,0,0,0,,0,451,SKYLINE DR,61ST ST,164.0,W,N,A,-,N,,,,,,,,,,N,4,0,2,2,A,-,08,21460.0,5,N,D,C,A,A,H,-,A,D,0,,,,,Y,,-,,0,0,2,0,0,0,0,0,0,-,-,,,SAN DIEGO,SAN DIEGO,-117.06735125,32.70141501