,CASE_ID,ACCIDENT_YEAR,PROC_DATE,JURIS,COLLISION_DATE,COLLISION_TIME,OFFICER_ID,REPORTING_DISTRICT,DAY_OF_WEEK,CHP_SHIFT,POPULATION,CNTY_CITY_LOC,SPECIAL_COND,BEAT_TYPE,CHP_BEAT_TYPE,CITY_DIVISION_LAPD,CHP_BEAT_CLASS,BEAT_NUMBER,PRIMARY_RD,SECONDARY_RD,DISTANCE,DIRECTION,INTERSECTION,WEATHER_1,WEATHER_2,STATE_HWY_IND,CALTRANS_COUNTY,CALTRANS_DISTRICT,STATE_ROUTE,ROUTE_SUFFIX,POSTMILE_PREFIX,POSTMILE,LOCATION_TYPE,RAMP_INTERSECTION,SIDE_OF_HWY,TOW_AWAY,COLLISION_SEVERITY,NUMBER_KILLED,NUMBER_INJURED,PARTY_COUNT,PRIMARY_COLL_FACTOR,PCF_CODE_OF_VIOL,PCF_VIOL_CATEGORY,PCF_VIOLATION,PCF_VIOL_SUBSECTION,HIT_AND_RUN,TYPE_OF_COLLISION,MVIW,PED_ACTION,ROAD_SURFACE,ROAD_COND_1,ROAD_COND_2,LIGHTING,CONTROL_DEVICE,CHP_ROAD_TYPE,PEDESTRIAN_ACCIDENT,BICYCLE_ACCIDENT,MOTORCYCLE_ACCIDENT,TRUCK_ACCIDENT,NOT_PRIVATE_PROPERTY,ALCOHOL_INVOLVED,STWD_VEHTYPE_AT_FAULT,CHP_VEHTYPE_AT_FAULT,COUNT_SEVERE_INJ,COUNT_VISIBLE_INJ,COUNT_COMPLAINT_PAIN,COUNT_PED_KILLED,COUNT_PED_INJURED,COUNT_BICYCLIST_KILLED,COUNT_BICYCLIST_INJURED,COUNT_MC_KILLED,COUNT_MC_INJURED,PRIMARY_RAMP,SECONDARY_RAMP,LATITUDE,LONGITUDE,COUNTY,CITY,POINT_X,POINT_Y
7295,8463512,2017,2018-06-05,3711,2017-10-16,1108,7532,3711,1,5,7,3711,0,0,0,,0,122,MISSION BAY DR,10TH AV,0.0,,N,A,-,N,,,,,,,,,,Y,3,0,2,2,A,-,08,22107.0,,N,B,D,A,A,H,-,A,D,0,,,,,Y,,-,,0,2,0,0,0,0,0,0,0,-,-,,,SAN DIEGO,SAN DIEGO,,
7296,8463342,2017,2017-10-30,3711,2017-08-23,1558,7574,SAN D,3,5,7,3711,0,0,0,,0,611,ROSECRANS ST,ROOSEVELT RD,1.0,S,N,B,-,N,,,,,,,,,,N,3,0,1,2,A,-,10,21950.0,A,N,G,B,B,A,H,-,A,A,0,Y,,,,Y,,A,01,0,1,0,0,1,0,0,0,0,-,-,,,SAN DIEGO,SAN DIEGO,-117.21686191,32.73921778
7297,8463267,2017,2017-10-25,3708,2017-09-11,2110,LM1247,,1,5,5,3708,0,0,0,,0,003,EL CAJON BL,BALTIMORE DR,436.0,W,N,A,-,N,,,,,,,,,,N,3,0,1,2,A,-,09,21801.0,A,N,H,A,A,A,H,-,C,D,0,,,Y,,Y,Y,A,01,0,1,0,0,0,0,0,0,1,-,-,,,SAN DIEGO,LA MESA,-117.02641163,32.76944279
7298,8462771,2017,2017-11-08,3711,2017-10-04,1900,7531,,3,5,7,3711,0,0,0,,0,313,CONVOY ST,BALBOA AV,200.0,S,N,A,-,N,,,,,,,,,,N,3,0,1,2,A,-,09,21804.0,A,N,H,A,A,A,H,-,C,A,0,,,,,Y,,-,,0,1,0,0,0,0,0,0,0,-,-,,,SAN DIEGO,SAN DIEGO,-117.15507288,32.82120232
7299,8462731,2017,2017-11-08,3711,2017-10-02,635,7289,,1,5,7,3711,0,0,0,,0,621,LINDA VISTA RD,MESA COLLEGE DR,0.0,N,N,A,-,N,,,,,,,,,,N,3,0,1,2,A,-,08,22107.0,,N,C,J,A,A,H,-,A,A,0,,,,,Y,,-,,0,1,0,0,0,0,0,0,0,-,-,,,SAN DIEGO,SAN DIEGO,-117.15815006,32.80081011
7300,8462658,2017,2018-06-15,3711,2017-09-25,1700,6798,,1,5,7,3711,0,0,0,,0,445,MARKET ST,RT 805,6.0,N,N,A,-,Y,SD,11.0,805.0,-,-,12.779000000000002,R,4,N,Y,3,0,1,2,A,-,12,21453.0,A,N,D,C,A,A,H,-,A,A,0,,,,,Y,,-,,0,1,0,0,0,0,0,0,0,-,NF,,,SAN DIEGO,SAN DIEGO,-117.09863008,32.70949776
7301,8462592,2017,2017-10-30,3711,2017-10-02,1813,7543,SOUTH,1,5,7,3711,0,0,0,,0,723,DELCARDO AV,POWDERHORN DR,100.0,S,N,A,-,N,,,,,,,,,,N,3,0,1,1,A,-,01,23152.0,A,N,F,A,A,A,H,-,A,D,0,,,,,Y,Y,D,22,0,1,0,0,0,0,0,0,0,-,-,,,SAN DIEGO,SAN DIEGO,-117.04169719,32.58465191
7302,8460377,2017,2017-10-09,3702,2017-09-11,1412,CV1206,,1,5,6,3702,0,0,0,,0,023,TELEGRAPH CANYON RD,OLEANDER AV,0.0,,Y,A,-,N,,,,,,,,,,Y,4,0,2,3,A,-,12,21453.0,A,N,F,C,A,A,H,-,A,A,0,,,,Y,Y,,D,22,0,0,2,0,0,0,0,0,0,-,-,,,SAN DIEGO,CHULA VISTA,-117.03671004,32.62787011
7303,8460105,2017,2018-06-14,3702,2017-08-29,1620,CV1079,,2,5,6,3702,0,0,0,,0,024,OLYMPIC PKWY,RT 805,0.0,,Y,A,-,Y,SD,11.0,805.0,-,-,4.224,R,4,N,Y,4,0,1,2,A,-,12,21453.0,A,N,B,C,A,A,H,-,A,A,0,,,,,Y,,A,01,0,0,1,0,0,0,0,0,0,-,NF,,,SAN DIEGO,CHULA VISTA,-117.03614308,32.603069399999995
7304,8459723,2017,2017-10-03,3710,2017-09-02,1605,OC1363,007,6,5,6,3710,0,0,0,,0,002,S CLEVELAND ST,WISCONSIN AV,0.0,,Y,A,-,N,,,,,,,,,,N,3,0,1,2,A,-,08,22107.0,,N,B,C,A,A,H,-,A,D,0,,,Y,,Y,,C,02,0,1,0,0,0,0,0,0,1,-,-,,,SAN DIEGO,OCEANSIDE,-117.37485,33.18762007
7305,8458729,2017,2017-11-30,3711,2017-09-10,2353,7427,,7,5,7,3711,0,0,0,,0,932,12600 NORTH TORREY PINES RD,NORTH TORREY PINES RD,68.0,E,N,A,-,N,,,,,,,,,,Y,3,0,1,1,A,-,08,22107.0,,N,A,I,A,A,H,-,D,D,0,,,,,Y,,-,,0,1,0,0,0,0,0,0,0,-,-,,,SAN DIEGO,SAN DIEGO,,
7306,8458521,2017,2017-09-29,3700,2017-08-08,1546,SH0601,,2,5,5,3782,0,0,0,,0,242,SANTA FE  DR,RT 5,12.0,E,N,A,-,N,,,,,,,,,,N,4,0,1,2,A,-,05,21650.0,,N,G,G,A,A,H,-,A,A,0,,Y,,,Y,,L,04,0,0,1,0,0,0,1,0,0,-,SF,,,SAN DIEGO,ENCINITAS,-117.28156097,33.036229999999996
7307,8458346,2017,2017-09-28,3701,2017-09-14,1220,CB5290,,4,5,5,3701,0,0,0,,0,001,CARLSBAD VILLAGE DR,HARDING ST,0.0,,Y,A,-,N,,,,,,,,,,N,4,0,1,2,A,-,10,21950.0,A,N,G,B,B,A,H,-,A,A,0,Y,,,,Y,,A,01,0,0,1,0,1,0,0,0,0,-,-,,,SAN DIEGO,CARLSBAD,-117.34467,33.16199009
7308,8458342,2017,2017-09-28,3701,2017-09-11,1630,CB5413,,1,5,5,3701,0,0,0,,0,004,MARRON RD,CIENAGA PL,0.0,,Y,A,-,N,,,,,,,,,,N,3,0,1,1,A,-,03,22350.0,,N,H,A,A,A,H,-,A,D,0,,,Y,,Y,,C,02,0,1,0,0,0,0,0,0,1,-,-,,,SAN DIEGO,CARLSBAD,,
7309,8458300,2017,2017-10-02,3705,2017-08-31,1356,EC0163,,4,5,5,3705,0,0,0,,0,010,MOLLISON,MAIN,47.0,N,N,A,-,N,,,,,,,,,,N,4,0,1,2,A,-,08,22107.0,,N,C,C,A,A,H,-,-,A,0,,,,,Y,,A,01,0,0,1,0,0,0,0,0,0,-,-,,,SAN DIEGO,EL CAJON,-116.95098091,32.79507871
7310,8458013,2017,2017-09-27,3710,2017-08-25,1429,OC0754,021,5,5,6,3710,0,0,0,,0,008,NORTH RIVER RD,SOUTH REDONDO DR,920.0,W,N,A,-,N,,,,,,,,,,N,3,0,1,2,A,-,09,21804.0,A,N,H,G,A,A,H,-,A,D,0,,Y,,,Y,,A,07,0,1,0,0,0,0,1,0,0,-,-,,,SAN DIEGO,OCEANSIDE,-117.30341176,33.24764912
7311,8456905,2017,2017-10-02,3710,2017-09-01,946,OC1211,037,5,5,6,3710,0,0,0,,0,007,COLLEGE BL,MARRON RD,21.0,S,N,A,-,N,,,,,,,,,,N,4,0,1,2,A,-,10,21950.0,A,N,G,B,B,A,H,-,A,A,0,Y,,,,Y,,A,08,0,0,1,0,1,0,0,0,0,-,-,,,SAN DIEGO,OCEANSIDE,-117.29404819,33.17854547
7312,8456304,2017,2017-09-27,3711,2017-09-05,1322,8192,,2,5,7,3711,0,0,0,,0,828,CASTLE AV,EUCLID AV,0.0,,Y,A,-,N,,,,,,,,,,Y,4,0,1,2,A,-,09,21802.0,A,N,D,C,A,A,H,-,A,A,0,,,,,Y,,A,01,0,0,1,0,0,0,0,0,0,-,-,,,SAN DIEGO,SAN DIEGO,-117.09234011,32.74561005
7313,8456252,2017,2017-09-27,3711,2017-09-06,2055,7178,CEN,3,5,7,3711,0,0,0,,0,521,COMMERCIAL ST,16TH ST,0.0,,Y,A,-,N,,,,,,,,,,N,3,0,1,2,A,-,10,21950.0,A,M,G,B,B,A,H,-,C,A,0,Y,,,,Y,,-,,0,1,0,0,1,0,0,0,0,-,-,,,SAN DIEGO,SAN DIEGO,-117.14944013,32.70523008
7314,8456249,2017,2017-10-19,3711,2017-09-08,1518,7411,,5,5,7,3711,0,0,0,,0,514,ISLAND AV,22ND ST,0.0,,Y,A,-,N,,,,,,,,,,N,3,0,1,2,A,-,11,21950.0,B,N,A,B,D,A,H,-,A,D,0,Y,,,,Y,,-,-,0,1,0,0,1,0,0,0,0,-,-,,,SAN DIEGO,SAN DIEGO,-117.14396005,32.71048008
7315,8456230,2017,2017-09-22,3711,2017-09-10,1606,6334,,7,5,7,3711,0,0,0,,0,446,EUCLID AV,MARKET ST,100.0,S,N,A,-,N,,,,,,,,,,N,4,0,2,2,A,-,04,21703.0,,N,C,C,A,A,H,-,A,D,0,,,,,Y,,A,01,0,0,2,0,0,0,0,0,0,-,-,,,SAN DIEGO,SAN DIEGO,-117.08503271,32.7101861
7316,8456084,2017,2017-09-27,3710,2017-08-19,1640,OC0873,037,6,5,6,3710,0,0,0,,0,007,PLAZA DR,THUNDER DR,600.0,W,N,A,-,N,,,,,,,,,,N,3,0,1,2,A,-,11,21955.0,,N,G,B,B,A,H,-,A,D,0,Y,,,,Y,,N,60,0,1,0,0,1,0,0,0,0,-,-,,,SAN DIEGO,OCEANSIDE,-117.28973909,33.18301273
7317,8455945,2017,2017-11-09,3711,2017-09-15,2303,5985,,5,5,7,3711,0,0,0,,0,521,BROADWAY,14TH ST,20.0,W,N,B,-,N,,,,,,,,,,N,4,0,1,2,C,-,18,,,N,H,B,E,A,H,-,C,A,0,Y,,,,Y,,-,-,0,0,1,0,1,0,0,0,0,-,-,,,SAN DIEGO,SAN DIEGO,-117.1520048,32.7157593
7318,8455325,2017,2017-09-28,3711,2017-09-14,215,5985,,4,5,7,3711,0,0,0,,0,511,MAIN ST,S 30TH ST,0.0,,Y,A,-,N,,,,,,,,,,Y,3,0,1,2,A,-,03,22350.0,,M,D,E,A,A,H,-,C,A,0,,,,Y,Y,Y,A,01,0,1,0,0,0,0,0,0,0,-,-,,,SAN DIEGO,SAN DIEGO,-117.12947004,32.6928201
7319,8453793,2017,2017-09-28,3706,2017-09-12,750,380,ESCON,2,5,6,3706,0,0,0,,0,043,EL NORTE PKWY,CENTRE CITY PKWY,680.0,W,N,B,-,N,,,,,,,,,,Y,3,0,1,2,A,-,09,21804.0,A,N,D,C,A,A,H,-,A,D,0,,,,,Y,,A,07,0,1,0,0,0,0,0,0,0,-,-,33.13977,-117.09331999999999,SAN DIEGO,ESCONDIDO,-117.09470453,33.14124371
7320,8453097,2017,2017-09-25,3703,2017-09-04,905,1137,,1,5,3,3703,0,0,0,,0,001,PALM AV,D AV,0.0,,Y,B,-,N,,,,,,,,,,N,4,0,1,2,A,-,10,21950.0,A,N,D,B,B,A,H,-,A,D,0,Y,,,,Y,,A,07,0,0,1,0,1,0,0,0,0,-,-,,,SAN DIEGO,CORONADO,-117.17751002,32.69241008
7321,8452359,2017,2018-05-08,3711,2017-08-30,1443,7532,,3,5,7,3711,0,0,0,,0,124,LA JOLLA BL,VIA DEL NORTE,0.0,,Y,A,-,N,,,,,,,,,,N,3,0,1,2,A,-,08,22107.0,,N,B,C,A,A,H,-,A,D,0,,,Y,,Y,,C,03,0,1,0,0,0,0,0,0,1,-,-,,,SAN DIEGO,SAN DIEGO,-117.27535006,32.82312009
7322,8452243,2017,2018-06-14,3700,2017-08-16,2021,SH3183,,3,5,5,3713,0,0,0,,0,316,SYCAMORE AV,RT 78,0.0,,Y,A,-,Y,SD,11.0,78.0,-,-,9.234,R,4,E,Y,3,0,1,3,A,-,01,23152.0,A,N,A,C,A,A,H,-,C,A,0,,,,,Y,Y,A,01,0,1,0,0,0,0,0,0,0,-,EO,,,SAN DIEGO,VISTA,-117.21335004,33.16534005
7323,8452065,2017,2017-09-18,3711,2017-09-04,1600,4892,,1,5,7,3711,0,0,0,,0,611,SPORTS ARENA BL,EAST DR,150.0,W,N,A,-,N,,,,,,,,,,N,4,0,1,2,A,-,09,21802.0,A,N,D,G,A,A,H,-,A,D,0,,Y,,,Y,Y,-,,0,0,1,0,0,0,1,0,0,-,-,,,SAN DIEGO,SAN DIEGO,-117.20881503,32.75306797
7324,8452061,2017,2017-09-18,3711,2017-09-03,1950,4491,,7,5,7,3711,0,0,0,,0,115,TOWN CENTRE,NOBEL,0.0,,Y,A,-,N,,,,,,,,,,N,3,0,1,2,A,-,10,21950.0,A,N,G,-,B,A,H,-,C,A,0,Y,,,,Y,,-,,0,1,0,0,1,0,0,0,0,-,-,,,SAN DIEGO,SAN DIEGO,-117.20850008,32.8654201
7325,8452049,2017,2017-09-18,3711,2017-09-06,737,7265,,3,5,7,3711,0,0,0,,0,621,LINDA VISTA RD,FULTON ST,12.0,N,N,A,-,N,,,,,,,,,,N,4,0,1,2,A,-,10,21950.0,A,N,G,B,B,A,H,-,A,A,0,Y,,,,Y,,-,,0,0,1,0,1,0,0,0,0,-,-,,,SAN DIEGO,SAN DIEGO,-117.16753519999999,32.78996533
7326,8452005,2017,2017-09-18,3711,2017-09-07,1835,7236,,4,5,7,3711,0,0,0,,0,311,MURPHY CANYON RD,STONECREST BL,730.0,N,N,A,-,N,,,,,,,,,,N,3,0,1,2,A,-,00,21760.0,C,N,B,G,A,A,H,-,A,D,0,,Y,,,Y,,A,07,0,1,0,0,0,0,1,0,0,-,-,,,SAN DIEGO,SAN DIEGO,-117.11425939,32.80632859
7327,8451056,2017,2017-10-24,3709,2017-09-13,800,NC0439,,3,5,5,3709,0,0,0,,0,020,EAST 16TH ST,E 16TH ST 00,0.0,,N,B,-,N,,,,,,,,,,N,3,0,1,2,A,-,09,21804.0,A,N,D,G,A,A,H,-,A,A,0,,Y,,,Y,,L,04,0,1,0,0,0,0,1,0,0,-,-,,,SAN DIEGO,NATIONAL CITY,,
7328,8451009,2017,2017-10-16,3711,2017-09-21,1834,8334,,4,5,7,3711,0,0,0,,0,432,EUCLID AV,EUCLID AV 400,0.0,,-,A,-,N,,,,,,,,,,N,4,0,2,2,A,-,03,22350.0,,M,C,C,A,A,H,-,B,D,0,,,,,Y,,-,99,0,0,2,0,0,0,0,0,0,-,-,,,SAN DIEGO,SAN DIEGO,,
7329,8450884,2017,2017-10-16,3711,2017-09-24,2102,6146,,7,5,7,3711,0,0,0,,0,614,EBERS ST,CAPE MAY AV,152.0,S,N,A,-,N,,,,,,,,,,N,3,0,1,2,A,-,01,23152.0,A,N,B,C,A,A,H,-,C,D,0,,,Y,,Y,Y,C,03,0,1,0,0,0,0,0,0,1,-,-,,,SAN DIEGO,SAN DIEGO,-117.24396118,32.74587802
7330,8450635,2017,2017-10-14,3711,2017-09-14,2104,7642,,4,5,7,3711,0,0,0,,0,313,CLAIREMONT MESA BL,RUFFNER ST,328.0,W,N,A,-,N,,,,,,,,,,Y,3,0,4,5,A,-,09,21802.0,A,N,C,C,A,A,H,-,C,A,0,,,Y,,Y,,A,01,0,2,2,0,0,0,0,0,4,-,-,,,SAN DIEGO,SAN DIEGO,-117.16028417,32.83269
7331,8450469,2017,2018-05-08,3711,2017-09-09,2039,6743,,6,5,7,3711,0,0,0,,0,725,PALM AV,PALM AV 4600,0.0,,N,A,-,N,,,,,,,,,,Y,4,0,2,2,A,-,12,21453.0,A,N,D,C,A,A,H,-,C,A,0,,,,,Y,,-,,0,0,2,0,0,0,0,0,0,-,-,,,SAN DIEGO,SAN DIEGO,,
7332,8450401,2017,2017-09-30,3711,2017-09-14,1556,5850,,4,5,7,3711,0,0,0,,0,621,MESA COLLEGE DR,KOMET WY,12.0,W,N,A,-,N,,,,,,,,,,N,3,0,1,2,A,-,09,21802.0,A,N,B,C,A,A,H,-,A,A,0,,,,,Y,,-,,0,1,0,0,0,0,0,0,0,-,-,,,SAN DIEGO,SAN DIEGO,,
7333,8447446,2017,2017-09-28,3700,2017-08-08,1430,SH0021,,2,5,5,3713,0,0,0,,0,307,EAST VISTA WY,FRANKLIN LN,330.0,S,N,A,-,N,,,,,,,,,,N,2,0,1,2,D,-,00,,,N,G,B,F,A,H,-,A,D,0,Y,,,,Y,,-,-,1,0,0,0,1,0,0,0,0,-,-,,,SAN DIEGO,VISTA,-117.23610877,33.20715923
7334,8446476,2017,2017-09-14,3711,2017-09-03,204,7864,SDPD,7,5,7,3711,0,0,0,,0,838,33RD ST,LINCOLN AV,8.0,N,N,A,-,N,,,,,,,,,,Y,4,0,1,2,A,-,08,22107.0,,M,A,C,A,A,H,-,D,A,0,,,,,Y,,-,,0,0,1,0,0,0,0,0,0,-,-,,,SAN DIEGO,SAN DIEGO,-117.12257709,32.75037108
7335,8446464,2017,2017-09-14,3711,2017-09-01,2208,7132,SDPD,5,5,7,3711,0,0,0,,0,242,MIRA MESA BL,MIRA MESA BL 9400,0.0,,N,A,-,N,,,,,,,,,,N,4,0,1,2,A,-,10,21950.0,A,N,G,B,B,A,H,-,C,A,0,Y,,,,Y,,A,01,0,0,1,0,1,0,0,0,0,-,-,32.9174,-117.1208,SAN DIEGO,SAN DIEGO,,
7336,8446456,2017,2017-09-14,3711,2017-09-03,2145,7442,,7,5,7,3711,0,0,0,,0,832,VAN DYKE AV,UNIVERSITY AV,0.0,,Y,A,-,N,,,,,,,,,,N,4,0,1,2,A,-,10,21950.0,A,N,G,B,B,A,H,-,C,A,0,Y,,,,Y,,-,,0,0,1,0,1,0,0,0,0,-,-,,,SAN DIEGO,SAN DIEGO,-117.10320006,32.74966005
7337,8445988,2017,2017-10-09,3711,2017-08-30,1145,7642,,3,5,7,3711,0,0,0,,0,712,BEYER BL,BEYER BL 4400,6.0,N,N,A,-,N,,,,,,,,,,Y,4,0,1,4,A,-,08,22107.0,,N,B,E,A,A,H,-,A,A,0,,,,,Y,,A,01,0,0,1,0,0,0,0,0,0,-,-,,,SAN DIEGO,SAN DIEGO,,
7338,8445968,2017,2017-09-25,3711,2017-08-30,1518,7350,SD,3,5,7,3711,0,0,0,,0,529,THORN ST,6TH AV,0.0,,Y,A,-,N,,,,,,,,,,Y,3,0,1,2,A,-,09,21810.0,A,N,D,C,A,A,H,-,A,D,0,,,,,Y,,A,01,0,1,0,0,0,0,0,0,0,-,-,,,SAN DIEGO,SAN DIEGO,-117.15943,32.73975009
7339,8445316,2017,2017-09-05,3700,2017-06-24,946,SH7516,,6,5,5,3781,0,0,0,,0,513,CUYAMACA ST,MISSION GORGE RD,466.0,N,N,A,-,N,,,,,,,,,,N,4,0,1,2,A,-,05,21650.0,1,N,G,G,A,A,H,-,A,D,0,,Y,,,Y,,L,04,0,0,1,0,0,0,1,0,0,-,-,,,SAN DIEGO,SANTEE,-116.98388,32.84003626
7340,8445136,2017,2017-10-11,3711,2017-08-11,735,6686,,5,5,7,3711,0,0,0,,0,234,CAMINO DEL NORTE,BERNARDO CENTER,64.0,S,N,A,-,N,,,,,,,,,,N,4,0,1,2,A,-,08,22100.0,A,N,B,D,A,A,H,-,A,A,0,,,,,Y,,A,01,0,0,1,0,0,0,0,0,0,-,-,,,SAN DIEGO,SAN DIEGO,-117.09235441,33.00502441
7341,8445128,2017,2017-10-11,3711,2017-08-23,1911,7348,,3,5,7,3711,0,0,0,,0,613,WEST POINT LOMA BL,MONTALVO ST,1.0,E,N,B,-,N,,,,,,,,,,N,3,0,1,1,A,-,08,22107.0,,N,H,I,A,A,H,-,C,A,0,,,,,Y,,-,,0,1,0,0,0,0,0,0,0,-,-,,,SAN DIEGO,SAN DIEGO,-117.23508741,32.75167165
7342,8444676,2017,2017-08-31,3708,2017-07-11,1330,LM1217,,2,5,5,3708,0,0,0,,0,003,70TH ST,ALVARADO RD,250.0,S,N,A,-,N,,,,,,,,,,N,3,0,1,2,A,-,08,22100.0,A,N,D,G,A,A,H,-,A,A,0,,Y,,,Y,,D,22,0,1,0,0,0,0,1,0,0,-,-,,,SAN DIEGO,LA MESA,-117.04682726,32.77260519
7343,8444603,2017,2017-08-31,3706,2017-08-13,1915,406,ESCON,7,5,6,3706,0,0,0,,0,045,ANDREASEN DR,MISSION RD,0.0,,Y,A,-,N,,,,,,,,,,N,3,0,1,2,A,-,09,21802.0,A,N,H,G,A,A,H,-,A,A,0,,Y,,,Y,,L,04,0,1,0,0,0,0,1,0,0,-,-,33.12396,-117.10638999999999,SAN DIEGO,ESCONDIDO,-117.10636007,33.12411001
7344,8444566,2017,2017-09-01,3708,2017-07-13,725,LM1278,,4,5,5,3708,0,0,0,,0,004,FLETCHER PKWY,BALTIMORE DR,471.0,E,N,A,-,N,,,,,,,,,,Y,3,0,2,2,A,-,09,21804.0,A,N,C,C,A,A,H,-,A,D,0,,,,,Y,,D,22,0,1,1,0,0,0,0,0,0,-,-,,,SAN DIEGO,LA MESA,-117.02594487,32.77432446
7345,8444045,2017,2017-09-14,3706,2017-08-11,1900,380,ESCON,5,5,6,3706,0,0,0,,0,043,LAS VILLAS WY,EL NORTE PKWY,6.0,S,N,A,-,N,,,,,,,,,,N,3,0,1,2,A,-,05,21650.0,1,N,H,G,A,A,H,-,A,A,0,,Y,,,Y,,L,04,0,1,0,0,0,0,1,0,0,-,-,33.14056,-117.09431000000001,SAN DIEGO,ESCONDIDO,-117.09437764,33.14037294
7346,8443928,2017,2017-09-11,3706,2017-08-11,1315,374,ESCON,5,5,6,3706,0,0,0,,0,052,GRAND AV,ORANGE ST,35.0,W,N,A,-,N,,,,,,,,,,N,3,0,1,2,A,-,05,21650.0,1,N,H,G,A,A,H,-,A,D,0,,Y,,,Y,,L,04,0,1,0,0,0,0,1,0,0,-,-,33.196690000000004,-117.08551000000001,SAN DIEGO,ESCONDIDO,-117.08561699,33.11955971
7347,8443822,2017,2017-09-07,3711,2017-08-26,2346,6876,,6,5,7,3711,0,0,0,,0,833,FAIRMOUNT AV,UNIVERSITY AV,20.0,S,N,A,-,N,,,,,,,,,,N,4,0,4,2,A,-,05,21460.0,A,N,A,C,A,A,H,-,C,A,0,,,,,Y,Y,A,01,0,0,4,0,0,0,0,0,0,-,-,,,SAN DIEGO,SAN DIEGO,-117.1009014,32.74954523
7348,8443799,2017,2017-09-12,3711,2017-08-27,1444,7358,,7,5,7,3711,0,0,0,,0,327,COLLEGE AV,ALVARADO RD,0.0,,Y,A,-,N,,,,,,,,,,Y,3,0,1,2,A,-,08,22107.0,,N,C,C,A,A,H,-,A,A,0,,,,,Y,,A,01,0,1,0,0,0,0,0,0,0,-,-,,,SAN DIEGO,SAN DIEGO,-117.06785007,32.77678005
7349,8443791,2017,2017-09-12,3711,2017-08-29,1135,6018,,2,5,7,3711,0,0,0,,0,625,TAYLOR ST,MORENA BL,27.0,W,N,A,-,N,,,,,,,,,,N,4,0,1,2,A,-,11,21456.0,B,N,-,B,B,A,H,-,A,A,0,Y,,,,Y,,N,60,0,0,1,0,1,0,0,0,0,-,-,,,SAN DIEGO,SAN DIEGO,-117.19730039999999,32.75830952
7350,8443775,2017,2017-09-12,3711,2017-08-25,2026,7536,CENTR,5,5,7,3711,0,0,0,,0,,PRESIDENTS WY,PARK BL,0.0,,Y,A,-,N,,,,,,,,,,N,4,0,1,2,A,-,11,21461.0,5,N,G,B,B,A,H,-,C,A,0,Y,,,,Y,Y,N,60,0,0,1,0,1,0,0,0,0,-,-,,,SAN DIEGO,SAN DIEGO,-117.15059004,32.72559008
7351,8442618,2017,2017-08-31,3710,2017-06-17,858,OC1426,011,6,5,6,3710,0,0,0,,0,004,OCEANSIDE BL,GREENBRIER DR,252.0,W,N,A,-,N,,,,,,,,,,N,3,0,1,2,A,-,08,22107.0,,N,H,G,A,A,H,-,A,A,0,,Y,,,Y,,A,01,0,1,0,0,0,0,1,0,0,-,-,33.19417,-117.35502,SAN DIEGO,OCEANSIDE,-117.35564968,33.19385255
7352,8441872,2017,2017-10-03,3711,2017-08-22,1705,7162,,2,5,7,3711,0,0,0,,0,443,MARINE VIEW DR,MARINE VIEW 4141,63.0,S,N,A,-,N,,,,,,,,,,N,4,0,1,2,A,-,03,22350.0,,N,B,E,A,A,H,-,A,D,0,,,,,Y,,-,,0,0,1,0,0,0,0,0,0,-,-,,,SAN DIEGO,SAN DIEGO,,
7353,8441868,2017,2017-10-03,3711,2017-08-02,1600,6726,,3,5,7,3711,0,0,0,,0,627,UNIVERSITY,UNIVERSITY 500,0.0,,-,A,-,N,,,,,,,,,,N,4,0,1,2,A,-,12,21453.0,A,N,G,B,B,A,H,-,A,A,0,Y,,,,Y,,-,,0,0,1,0,1,0,0,0,0,-,-,,,SAN DIEGO,SAN DIEGO,,
7354,8441201,2017,2017-09-20,3711,2017-06-04,838,5376,,7,5,7,3711,0,0,0,,0,721,ELM AV,GRANGER ST,100.0,E,N,B,-,N,,,,,,,,,,Y,4,0,1,2,A,-,01,23152.0,A,N,C,E,A,A,H,-,A,D,0,,,,,Y,Y,-,,0,0,1,0,0,0,0,0,0,-,-,,,SAN DIEGO,SAN DIEGO,-117.10165649,32.58065692
7355,8440839,2017,2017-09-12,3700,2017-06-18,2221,SH2292,,7,5,3,3783,0,0,0,,0,271,LOMAS SANTA FE,LOMAS SANTA FE 340,0.0,,Y,A,-,N,,,,,,,,,,Y,3,0,1,1,A,-,01,23152.0,A,N,E,I,A,A,H,-,A,D,0,,,,,Y,,A,01,0,1,0,0,0,0,0,0,0,-,-,,,SAN DIEGO,SOLANA BEACH,,
7356,8438525,2017,2017-09-09,3711,2017-08-16,712,7399,,3,5,7,3711,0,0,0,,0,712,SAN YSIDRO BL,SAN YSIDRO BL 8055,5.0,S,N,B,-,N,,,,,,,,,,N,4,0,1,2,A,-,10,21950.0,A,N,G,B,C,A,H,-,A,A,0,Y,,,,Y,,-,,0,0,1,0,1,0,0,0,0,-,SF,,,SAN DIEGO,SAN DIEGO,,
7357,8438509,2017,2017-08-29,3711,2017-08-15,2228,6891,,2,5,7,3711,0,0,0,,0,122,GRAND AV,CASS ST,27.0,N,N,A,-,N,,,,,,,,,,N,4,0,1,2,A,-,10,21950.0,A,N,B,B,B,A,H,-,C,A,0,Y,,,,Y,,-,,0,0,1,0,1,0,0,0,0,-,-,,,SAN DIEGO,SAN DIEGO,-117.25117504,32.79554797
7358,8438485,2017,2017-08-29,3711,2017-08-17,1630,7169,,4,5,7,3711,0,0,0,,0,826,TROJAN AV,50TH ST,10.0,S,N,A,-,N,,,,,,,,,,Y,4,0,1,2,A,-,09,21804.0,A,N,A,D,A,A,H,-,A,D,0,,,,,Y,,A,01,0,0,1,0,0,0,0,0,0,-,-,,,SAN DIEGO,SAN DIEGO,-117.08686000000002,32.754909999999995