,CASE_ID,ACCIDENT_YEAR,PROC_DATE,JURIS,COLLISION_DATE,COLLISION_TIME,OFFICER_ID,REPORTING_DISTRICT,DAY_OF_WEEK,CHP_SHIFT,POPULATION,CNTY_CITY_LOC,SPECIAL_COND,BEAT_TYPE,CHP_BEAT_TYPE,CITY_DIVISION_LAPD,CHP_BEAT_CLASS,BEAT_NUMBER,PRIMARY_RD,SECONDARY_RD,DISTANCE,DIRECTION,INTERSECTION,WEATHER_1,WEATHER_2,STATE_HWY_IND,CALTRANS_COUNTY,CALTRANS_DISTRICT,STATE_ROUTE,ROUTE_SUFFIX,POSTMILE_PREFIX,POSTMILE,LOCATION_TYPE,RAMP_INTERSECTION,SIDE_OF_HWY,TOW_AWAY,COLLISION_SEVERITY,NUMBER_KILLED,NUMBER_INJURED,PARTY_COUNT,PRIMARY_COLL_FACTOR,PCF_CODE_OF_VIOL,PCF_VIOL_CATEGORY,PCF_VIOLATION,PCF_VIOL_SUBSECTION,HIT_AND_RUN,TYPE_OF_COLLISION,MVIW,PED_ACTION,ROAD_SURFACE,ROAD_COND_1,ROAD_COND_2,LIGHTING,CONTROL_DEVICE,CHP_ROAD_TYPE,PEDESTRIAN_ACCIDENT,BICYCLE_ACCIDENT,MOTORCYCLE_ACCIDENT,TRUCK_ACCIDENT,NOT_PRIVATE_PROPERTY,ALCOHOL_INVOLVED,STWD_VEHTYPE_AT_FAULT,CHP_VEHTYPE_AT_FAULT,COUNT_SEVERE_INJ,COUNT_VISIBLE_INJ,COUNT_COMPLAINT_PAIN,COUNT_PED_KILLED,COUNT_PED_INJURED,COUNT_BICYCLIST_KILLED,COUNT_BICYCLIST_INJURED,COUNT_MC_KILLED,COUNT_MC_INJURED,PRIMARY_RAMP,SECONDARY_RAMP,LATITUDE,LONGITUDE,COUNTY,CITY,POINT_X,POINT_Y
7424,8410614,2017,2017-07-27,3711,2017-07-13,1632,6104,,4,5,7,3711,0,0,0,,0,612,CHATSWORTH BL,ELLIOTT ST,0.0,,Y,A,-,N,,,,,,,,,,N,4,0,1,2,A,-,05,21650.0,,N,D,G,A,A,H,-,A,D,0,,Y,,,Y,,L,04,0,0,1,0,0,0,1,0,0,-,-,,,SAN DIEGO,SAN DIEGO,-117.22194999,32.74359011
7425,8409635,2017,2017-10-30,3711,2017-07-07,650,7436,,5,5,7,3711,0,0,0,,0,725,DENNERY RD,DEL SOL BL,5.0,S,N,B,-,N,,,,,,,,,,N,3,0,1,1,A,-,03,22350.0,,N,H,J,A,B,D,-,B,A,0,,,Y,,Y,,C,02,0,1,0,0,0,0,0,0,1,-,-,,,SAN DIEGO,SAN DIEGO,-117.036,32.573159999999994
7426,8409632,2017,2017-08-03,3711,2017-07-04,2030,7129,,2,5,7,3711,0,0,0,,0,432,IMPERIAL AV,SAN JACINTO,3.0,E,N,A,-,N,,,,,,,,,,N,3,0,2,2,A,-,06,21750.0,,M,D,G,A,A,H,-,C,A,0,,Y,,,Y,,A,07,0,2,0,0,0,0,2,0,0,-,-,,,SAN DIEGO,SAN DIEGO,-117.08264257,32.7056453
7427,8409487,2017,2017-07-24,3711,2017-07-11,1855,6986,,2,5,7,3711,0,0,0,,0,835,SNOWDROP ST,POPLAR ST,61.0,N,N,A,-,N,,,,,,,,,,,3,0,1,2,A,-,09,21804.0,A,N,G,B,D,A,H,-,A,D,0,Y,,,,Y,,-,,0,1,0,0,1,0,0,0,0,-,-,,,SAN DIEGO,SAN DIEGO,-117.10544283,32.73487553
7428,8408681,2017,2017-07-28,3711,2017-07-11,715,7555,,2,5,7,3711,0,0,0,,0,615,NIMITZ BL,LOCUST ST,39.0,S,N,A,-,N,,,,,,,,,,Y,4,0,1,3,A,-,09,21802.0,A,N,B,D,A,A,H,-,A,D,0,,,,,Y,,A,01,0,0,1,0,0,0,0,0,0,-,-,,,SAN DIEGO,SAN DIEGO,-117.22674669999999,32.72908842
7429,8407747,2017,2017-07-25,3701,2017-07-05,812,CB5477,,3,5,5,3701,0,0,0,,0,006,EL CAMINIO REAL,CASSIA RD,30.0,S,N,A,-,N,,,,,,,,,,Y,4,0,1,2,A,-,09,21804.0,A,N,B,C,A,A,H,-,A,A,0,,,,,Y,,D,22,0,0,1,0,0,0,0,0,0,-,-,,,SAN DIEGO,CARLSBAD,-117.27162337,33.11399056
7430,8406885,2017,2018-03-20,3710,2017-06-20,1010,OC1444,12,2,5,6,3710,0,0,0,,0,005,VISTA WAY,JEFFERSON ST,0.0,,Y,A,-,N,,,,,,,,,,Y,4,0,1,2,A,-,09,21453.0,C,N,D,C,A,A,H,-,A,A,0,,,,,Y,,D,22,0,0,1,0,0,0,0,0,0,-,-,,,SAN DIEGO,OCEANSIDE,-117.33934009999999,33.18337007
7431,8406510,2017,2017-07-27,3711,2017-07-07,730,7326,,5,5,7,3711,0,0,0,,0,813,UNIVERSITY AV,HAMILTON ST,15.0,E,N,A,-,N,,,,,,,,,,N,4,0,3,2,A,-,08,22100.0,A,N,B,C,A,A,H,-,A,D,0,,,,,Y,,-,,0,0,3,0,0,0,0,0,0,-,-,,,SAN DIEGO,SAN DIEGO,-117.13629138,32.748459999999994
7432,8406113,2017,2017-07-19,3711,2017-06-29,700,4691,,4,5,7,3711,0,0,0,,0,242,WESTCHESTER,DUNHOLME,36.0,S,N,A,-,N,,,,,,,,,,N,4,0,1,3,A,-,08,22107.0,,N,B,E,A,A,H,-,A,D,0,,,,,Y,,-,,0,0,1,0,0,0,0,0,0,-,-,,,SAN DIEGO,SAN DIEGO,-117.12718437,32.907351500000004
7433,8406086,2017,2017-07-26,3700,2017-06-25,1718,SH0021,,7,5,5,3713,0,0,0,,0,303,MONTE MAR RD,EAST VISTA WY,0.0,,Y,A,-,N,,,,,,,,,,Y,4,0,1,2,A,-,05,21650.0,,N,H,G,A,A,H,-,A,D,0,,Y,,,Y,,L,04,0,0,1,0,0,0,1,0,0,-,-,,,SAN DIEGO,VISTA,-117.22612003,33.21952011
7434,8406054,2017,2017-07-20,3711,2017-06-26,1735,7502,,1,5,7,3711,0,0,0,,0,627,ROBINSON ST,5TH AV,0.0,,Y,A,-,N,,,,,,,,,,N,4,0,1,3,A,-,10,21950.0,A,M,E,B,B,A,H,-,A,A,0,Y,,,,Y,,-,,0,0,1,0,1,0,0,0,0,-,-,,,SAN DIEGO,SAN DIEGO,-117.16041009,32.74694012
7435,8405974,2017,2017-07-17,3711,2017-07-01,1732,7169,,6,5,7,3711,0,0,0,,0,823,UNIVERSITY AV,58TH ST,41.0,E,N,A,-,N,,,,,,,,,,N,4,0,1,2,A,-,21,22106.0,,N,D,D,A,A,H,-,A,D,0,,,,,Y,,-,,0,0,1,0,0,0,0,0,0,-,-,,,SAN DIEGO,SAN DIEGO,-117.07275937,32.74920223
7436,8405945,2017,2017-08-10,3711,2017-07-04,916,7528,,2,5,7,3711,0,0,0,,0,813,30TH ST,GUNN ST,6.0,S,N,A,-,N,,,,,,,,,,N,3,0,1,2,A,-,08,22107.0,,N,B,G,A,A,H,-,A,A,0,,Y,,,Y,,-,-,0,1,0,0,0,0,1,0,0,-,-,,,SAN DIEGO,SAN DIEGO,-117.13008,32.74630356
7437,8405943,2017,2017-07-20,3711,2017-07-04,2245,7283,,2,5,7,3711,0,0,0,,0,242,FLANDERS,WESTCHESTER,6.0,W,N,A,-,N,,,,,,,,,,Y,4,0,1,2,A,-,03,22350.0,,M,B,C,A,A,H,-,C,-,0,,,,,Y,,-,,0,0,1,0,0,0,0,0,0,-,-,,,SAN DIEGO,SAN DIEGO,-117.12727949,32.90911
7438,8405935,2017,2017-07-20,3711,2017-07-04,1330,4965,SAN D,2,5,7,3711,0,0,0,,0,614,NEWPORT AV,ABBOTT,256.0,N,N,A,-,N,,,,,,,,,,N,4,0,1,2,A,-,08,22107.0,,N,D,C,A,A,H,-,A,D,0,,Y,,,Y,Y,L,04,0,0,1,0,0,0,1,0,0,-,-,,,SAN DIEGO,SAN DIEGO,-117.25268,32.74785
7439,8405679,2017,2017-08-28,3705,2017-06-04,2025,CE0359,,7,5,5,3705,0,0,0,,0,007,PEPPER DR,EAST MAIN ST,56.0,N,N,A,-,N,,,,,,,,,,Y,3,0,2,1,A,-,03,22350.0,,N,F,I,A,A,H,-,C,A,0,,,,,Y,,A,01,0,2,0,0,0,0,0,0,0,-,-,,,SAN DIEGO,EL CAJON,-116.91696856,32.81487821
7440,8405385,2017,2017-08-14,3711,2017-07-27,1830,7083,,4,5,7,3711,0,0,0,,0,311,MURPHY CANYON RD,STONECREST BL,462.0,N,N,A,-,N,,,,,,,,,,N,3,0,1,2,A,-,08,22107.0,,N,B,G,A,A,H,-,A,A,0,,Y,,,Y,,A,01,0,1,0,0,0,0,1,0,0,-,-,,,SAN DIEGO,SAN DIEGO,-117.11414523,32.8056011
7441,8405039,2017,2017-08-23,3711,2017-06-23,2158,7644,,5,5,7,3711,0,0,0,,0,827,SHILOH RD,WIGHTMAN,0.0,,Y,A,-,N,,,,,,,,,,N,4,0,3,2,A,-,09,21802.0,A,N,B,D,A,A,H,-,C,D,0,,,,,Y,,A,01,0,0,3,0,0,0,0,0,0,-,-,,,SAN DIEGO,SAN DIEGO,-117.08154012,32.74729004
7442,8404000,2017,2017-07-14,3705,2017-06-27,1449,EC0301,,2,5,5,3705,0,0,0,,0,009,ANZA,LEXINGTON,164.0,S,N,A,-,N,,,,,,,,,,Y,4,0,1,3,A,-,09,21804.0,A,N,D,C,A,A,H,-,A,D,0,,,,,Y,,A,01,0,0,1,0,0,0,0,0,0,-,-,,,SAN DIEGO,EL CAJON,-116.94818000000001,32.79239086
7443,8403535,2017,2017-07-11,3711,2017-06-27,2144,6891,,2,5,7,3711,0,0,0,,0,124,VILLA LA JOLLA DR,NOBEL DR,9.0,E,N,A,-,N,,,,,,,,,,N,3,0,2,2,A,-,12,21453.0,A,N,G,B,B,A,H,-,C,A,0,Y,,,,Y,,-,,0,2,0,0,1,0,0,0,0,-,-,,,SAN DIEGO,SAN DIEGO,-117.23331818,32.86756539
7444,8401866,2017,2017-08-09,3706,2017-07-06,640,511,ESCON,4,5,6,3706,0,0,0,,0,045,MISSION RD,AUTO PKWY,1100.0,E,N,A,-,N,,,,,,,,,,N,4,0,1,1,C,-,18,,,N,F,A,A,A,B,-,A,D,0,,,,,Y,,-,-,0,0,1,0,0,0,0,0,0,-,-,,,SAN DIEGO,ESCONDIDO,-117.11961683,33.12890327
7445,8401064,2017,2017-07-31,3711,2017-06-23,2225,5672,,5,5,7,3711,0,0,0,,0,313,KEARNY MESA RD,ARMOUR ST,75.0,S,N,B,-,N,,,,,,,,,,N,4,0,1,2,A,-,09,21802.0,A,N,D,C,A,A,H,-,C,B,0,,,,,Y,,-,,0,0,1,0,0,0,0,0,0,-,-,,,SAN DIEGO,SAN DIEGO,-117.1490631,32.81977485
7446,8401039,2017,2017-08-04,3711,2017-06-23,2030,7593,SOUTH,5,5,7,3711,0,0,0,,0,445,HILLTOP DR,HILLTOP DR 4500,0.0,,Y,A,-,N,,,,,,,,,,N,3,0,1,2,A,-,11,21954.0,A,N,G,B,D,A,H,-,C,D,0,Y,,,,Y,Y,N,60,0,1,0,0,1,0,0,0,0,-,-,,,SAN DIEGO,SAN DIEGO,,
7447,8400999,2017,2017-08-04,3711,2017-06-15,1058,7285,,4,5,7,3711,0,0,0,,0,723,PALM AV,COCHRAN AV,15.0,E,N,A,-,N,,,,,,,,,,N,4,0,1,2,A,-,12,21453.0,A,N,D,C,A,A,H,-,A,A,0,,,,,Y,,-,-,0,0,1,0,0,0,0,0,0,-,-,,,SAN DIEGO,SAN DIEGO,-117.05887148,32.58376059
7448,8400995,2017,2017-08-04,3711,2017-06-22,2102,8447,,4,5,7,3711,0,0,0,,0,223,CORONADO AV,HOLLISTER ST,100.0,W,N,A,-,N,,,,,,,,,,Y,4,0,1,2,A,-,08,22107.0,,N,D,C,A,A,H,-,C,A,0,,,,,Y,,-,,0,0,1,0,0,0,0,0,0,-,-,,,SAN DIEGO,SAN DIEGO,-117.08440351,32.57648
7449,8400383,2017,2017-07-17,3711,2017-06-17,1956,005450,,6,5,7,3711,0,0,0,,0,122,FORTUNA AV,INGRAHAM ST,30.0,W,N,A,-,N,,,,,,,,,,Y,4,0,1,2,A,-,03,22350.0,,N,B,E,A,A,H,-,B,D,0,,,,,Y,Y,A,01,0,0,1,0,0,0,0,0,0,-,-,,,SAN DIEGO,SAN DIEGO,-117.23870424,32.79231951
7450,8400358,2017,2018-07-20,3711,2017-06-16,1212,7431,SANDI,5,5,7,3711,0,0,0,,0,314,BAJA DR,BAJA DR 5764,0.0,,N,A,-,N,,,,,,,,,,Y,3,0,1,2,A,-,08,22107.0,,N,B,E,A,A,H,-,A,D,0,,,,,Y,,-,,0,1,0,0,0,0,0,0,0,-,-,32.7664,-117.0721,SAN DIEGO,SAN DIEGO,,
7451,8399730,2017,2017-07-05,3711,2017-06-20,1228,7618,,2,5,7,3711,0,0,0,,0,122,GARNET AV,JEWELL ST,200.0,E,N,A,-,N,,,,,,,,,,N,3,0,1,2,A,-,09,21804.0,A,N,D,C,A,A,H,-,A,A,0,,,,,Y,,-,,0,1,0,0,0,0,0,0,0,-,-,,,SAN DIEGO,SAN DIEGO,-117.23834062,32.80033296
7452,8399220,2017,2017-07-03,3711,2017-06-09,708,7180,,5,5,7,3711,0,0,0,,0,622,BUENOS AV,MORENA BL,5.0,W,N,A,-,N,,,,,,,,,,N,4,0,1,2,A,-,05,21650.0,1,N,H,G,A,A,H,-,A,A,0,,Y,Y,,Y,,L,04,0,0,1,0,0,0,1,0,0,-,-,,,SAN DIEGO,SAN DIEGO,-117.20040946,32.76902887
7453,8398580,2017,2017-06-28,3706,2017-06-14,717,392,ESCON,3,5,6,3706,0,0,0,,0,043,BOURBON RD,BORDEN RD,164.0,N,N,A,-,N,,,,,,,,,,N,4,0,1,2,A,-,08,22107.0,,N,B,C,A,A,H,-,A,D,0,,,,,Y,,A,01,0,0,1,0,0,0,0,0,0,-,-,,,SAN DIEGO,ESCONDIDO,-117.10732516,33.14651216
7454,8398434,2017,2017-07-06,3705,2017-06-01,913,EC0337,,4,5,5,3705,0,0,0,,0,007,NARANCA,N 2ND,5.0,W,N,A,-,N,,,,,,,,,,N,3,0,1,2,A,-,08,22107.0,,N,D,G,A,A,H,-,A,D,0,,Y,,,Y,,A,01,0,1,0,0,0,0,1,0,0,-,-,,,SAN DIEGO,EL CAJON,-116.93580621,32.80390989
7455,8397630,2017,2017-07-20,3705,2017-06-12,1018,EC0295,,1,5,5,3705,0,0,0,,0,007,N 2ND,BROADWAY,137.0,S,N,A,-,N,,,,,,,,,,N,4,0,1,2,A,-,05,21202.0,A,N,H,G,A,A,H,-,A,D,0,,Y,,,Y,,L,04,0,0,1,0,0,0,1,0,0,-,-,,,SAN DIEGO,EL CAJON,-116.93579,32.80733481
7456,8395168,2017,2017-06-29,3700,2017-05-21,1913,SH7341,,7,5,4,3780,0,0,0,,0,411,COMMUNITY RD,POWAY RD,601.0,N,N,A,-,N,,,,,,,,,,N,4,0,1,2,A,-,17,21652.0,,N,G,B,-,A,H,-,A,D,0,Y,,,,Y,,A,01,0,0,1,0,1,0,0,0,0,-,-,,,SAN DIEGO,POWAY,-117.04073234,32.95802475
7457,8394295,2017,2017-06-26,3708,2017-03-28,720,LM1217,,2,5,5,3708,0,0,0,,0,003,BALTIMORE DR,PARKWAY DR,19.0,N,N,A,-,N,,,,,,,,,,N,4,0,1,2,A,-,03,22350.0,,F,C,C,A,A,H,-,A,A,0,,,,,Y,Y,-,99,0,0,1,0,0,0,0,0,0,-,-,,,SAN DIEGO,LA MESA,-117.0274387,32.77465203
7458,8393707,2017,2017-06-22,3700,2017-06-07,1602,SH0817,,3,5,5,3712,0,0,0,,0,356,WEST MISSION RD,NORTH LAS POSAS RD,12.0,E,N,A,-,N,,,,,,,,,,N,3,0,1,2,A,-,09,21453.0,B,N,D,G,A,A,H,-,A,A,0,,Y,,,Y,,D,22,0,1,0,0,0,0,1,0,0,-,-,,,SAN DIEGO,SAN MARCOS,-117.18897484,33.14838484
7459,8391150,2017,2017-06-26,3708,2017-05-27,401,LM1245,,6,5,5,3708,0,0,0,,0,001,LEMON GROVE AV,HIGH ST,129.0,S,N,A,-,N,,,,,,,,,,Y,3,0,1,2,A,-,08,22107.0,,N,B,E,A,A,H,-,C,D,0,,,,,Y,Y,A,01,0,1,0,0,0,0,0,0,0,-,-,,,SAN DIEGO,LA MESA,-117.03125435,32.74758734
7460,8390640,2017,2017-06-20,3711,2017-06-09,1540,7550,SAN D,5,5,7,3711,0,0,0,,0,314,CARDINAL RD,MOCKING BIRD DR,0.0,,Y,A,-,N,,,,,,,,,,N,3,0,1,2,A,-,04,21703.0,,M,C,G,A,A,H,-,A,D,0,,Y,,,Y,,L,04,0,1,0,0,0,0,1,0,0,-,-,,,SAN DIEGO,SAN DIEGO,-117.15751003,32.79055006
7461,8390588,2017,2017-06-20,3711,2017-06-11,2330,5256,,7,5,7,3711,0,0,0,,0,937,CAMINO DEL SUR,SAN DIEGO RD,15.0,N,N,A,-,N,,,,,,,,,,Y,3,0,2,2,A,-,08,22107.0,,N,D,C,A,A,H,-,C,A,0,,,,,Y,,-,,0,2,0,0,0,0,0,0,0,-,-,,,SAN DIEGO,SAN DIEGO,,
7462,8390572,2017,2017-06-20,3711,2017-06-08,615,6686,,4,5,7,3711,0,0,0,,0,722,PALM AV,SATURN BL,603.0,E,N,B,-,N,,,,,,,,,,N,3,0,1,1,A,-,03,22350.0,,N,F,A,A,A,H,-,A,D,0,,,Y,,Y,,C,02,0,1,0,0,0,0,0,0,1,-,-,,,SAN DIEGO,SAN DIEGO,-117.0906794,32.58376893
7463,8390567,2017,2017-06-22,3706,2017-06-02,1736,415,ESOND,5,5,6,3706,0,0,0,,0,041,LINCOLN AV,BROADWAY,126.0,E,N,A,-,N,,,,,,,,,,N,4,0,2,2,A,-,09,21804.0,A,N,B,C,A,A,H,-,A,D,0,,,,,Y,,A,01,0,0,2,0,0,0,0,0,0,-,-,33.13387,-117.08691,SAN DIEGO,ESCONDIDO,-117.08641779,33.13387529
7464,8390297,2017,2017-06-20,3711,2017-06-07,627,7612,SD,3,5,7,3711,0,0,0,,0,835,COLUMBINE ST,OLIVE ST,0.0,,Y,B,-,N,,,,,,,,,,N,3,0,1,1,A,-,03,22350.0,,N,H,A,A,A,H,-,A,A,0,,Y,,,Y,,L,04,0,1,0,0,0,0,1,0,0,-,-,,,SAN DIEGO,SAN DIEGO,-117.10184003,32.73517005
7465,8390293,2017,2017-06-20,3711,2017-06-06,1713,5652,SAN D,2,5,7,3711,0,0,0,,0,242,FLANDERS DR,BARON LN,23.0,W,N,B,-,N,,,,,,,,,,N,3,0,1,2,A,-,08,22107.0,,M,B,C,A,A,H,-,A,D,0,,,,,Y,,-,,0,1,0,0,0,0,0,0,0,-,-,,,SAN DIEGO,SAN DIEGO,-117.13832296,32.908706099999996
7466,8390236,2017,2017-06-19,3702,2017-05-13,1845,CV1080,,6,5,6,3702,0,0,0,,0,012,H ST,WOODLAWN AV,255.0,W,N,A,-,N,,,,,,,,,,Y,4,0,1,2,B,-,22,,,N,A,C,A,A,H,-,A,D,0,,,,,Y,,A,01,0,0,1,0,0,0,0,0,0,-,-,,,SAN DIEGO,CHULA VISTA,-117.09469161,32.62949572
7467,8390216,2017,2017-06-19,3702,2017-05-03,1056,CV1091,,3,5,6,3702,0,0,0,,0,012,H ST,WOODLAWN AV,180.0,E,N,A,-,N,,,,,,,,,,N,3,0,1,2,A,-,08,22107.0,,F,D,G,A,A,H,-,A,A,0,,Y,,,Y,,A,01,0,1,0,0,0,0,1,0,0,-,-,,,SAN DIEGO,CHULA VISTA,-117.09335279,32.62986389
7468,8390210,2017,2017-06-19,3702,2017-04-28,1552,CV1021,,5,5,6,3702,0,0,0,,0,023,ORANGE AV,3RD AV,685.0,E,N,A,-,N,,,,,,,,,,N,4,0,1,2,A,-,03,22350.0,,N,C,C,A,A,H,-,A,-,0,,,,,Y,,A,07,0,0,1,0,0,0,0,0,0,-,-,,,SAN DIEGO,CHULA VISTA,-117.06230042,32.60158887
7469,8390206,2017,2017-06-19,3702,2017-04-22,2200,CV1174,,6,5,6,3702,0,0,0,,0,032,EASTLAKE PKWY,OLYMPIC PKWY,0.0,,Y,A,-,N,,,,,,,,,,N,4,0,1,2,A,-,10,21950.0,A,F,G,B,B,A,H,-,C,A,0,Y,,,,Y,,-,,0,0,1,0,1,0,0,0,0,-,-,,,SAN DIEGO,CHULA VISTA,-116.96467011,32.62779003
7470,8390202,2017,2017-06-19,3702,2017-04-13,750,CV0928,,4,5,6,3702,0,0,0,,0,021,NAPLES ST,GRANJAS RD,15.0,W,N,A,-,N,,,,,,,,,,Y,3,0,1,3,A,-,03,22350.0,,N,C,C,A,A,H,-,A,D,0,,,Y,,Y,,C,02,0,1,0,0,0,0,0,0,1,-,-,,,SAN DIEGO,CHULA VISTA,-117.07931616,32.61081727
7471,8389421,2017,2017-06-29,3709,2017-06-08,1712,NC0494,,4,5,5,3709,0,0,0,,0,021,EAST DIVISION ST,TELEPHONE POLE #2675191,7.0,W,N,A,-,N,,,,,,,,,,Y,3,0,1,2,A,-,09,21804.0,A,N,D,C,A,A,H,-,A,D,0,,,,,Y,,D,22,0,1,0,0,0,0,0,0,0,-,-,,,SAN DIEGO,NATIONAL CITY,,
7472,8389245,2017,2017-06-23,3702,2017-04-18,1800,CV1132,,2,5,6,3702,0,0,0,,0,012,G ST,5TH AV,10.0,E,N,A,-,N,,,,,,,,,,N,4,0,1,2,A,-,09,21453.0,B,N,D,C,A,A,H,-,A,A,0,,,,,Y,,D,22,0,0,1,0,0,0,0,0,0,-,-,,,SAN DIEGO,CHULA VISTA,-117.08666924,32.63554854
7473,8388901,2017,2017-06-15,3711,2017-06-05,732,7453,,1,5,7,3711,0,0,0,,0,841,VIVIAN ST,JUDY LEE PL,0.0,,Y,A,-,N,,,,,,,,,,N,4,0,1,2,A,-,09,21801.0,A,N,B,C,A,A,H,-,A,D,0,,,,,Y,,A,01,0,0,1,0,0,0,0,0,0,-,-,,,SAN DIEGO,SAN DIEGO,-117.05605012,32.75177011
7474,8388852,2017,2017-06-13,3711,2017-05-19,2122,6372,,5,5,7,3711,0,0,0,,0,231,EVENING CREEK DR NORTH,SABRE SPRINGS PKWY,15.0,W,N,A,-,N,,,,,,,,,,Y,2,0,1,2,A,-,08,22107.0,,F,A,C,A,A,H,-,C,A,0,,,Y,,Y,Y,A,01,1,0,0,0,0,0,0,0,1,-,-,,,SAN DIEGO,SAN DIEGO,-117.09212519,32.96212538
7475,8388404,2017,2017-06-15,3711,2017-06-02,1826,7322,,5,5,7,3711,0,0,0,,0,432,IMPERIAL AV,SAN JACINTO,3.0,S,N,A,-,N,,,,,,,,,,N,3,0,1,2,A,-,09,21801.0,A,N,D,G,A,A,H,-,-,D,0,,Y,,,Y,,-,,0,1,0,0,0,0,1,0,0,-,-,,,SAN DIEGO,SAN DIEGO,-117.08265784,32.70563515
7476,8388202,2017,2017-07-12,3711,2017-06-04,1010,7599,,7,5,7,3711,0,0,0,,0,527,BROADWAY,NORTH HARBOR DR,0.0,,Y,B,-,N,,,,,,,,,,N,4,0,1,2,A,-,08,22107.0,,M,C,G,A,A,H,-,A,A,0,,Y,,,Y,,-,-,0,0,1,0,0,0,1,0,0,-,-,,,SAN DIEGO,SAN DIEGO,-117.17312003,32.71570011
7477,8388056,2017,2017-06-26,3705,2017-05-16,719,EC5258,,2,5,5,3705,0,0,0,,0,008,ORANGE AV,WASHINGTON AV,35.0,N,N,C,-,N,,,,,,,,,,Y,3,0,3,2,A,-,03,22350.0,,N,D,C,A,B,H,-,A,A,0,,,,,Y,,A,01,0,2,1,0,0,0,0,0,0,-,-,,,SAN DIEGO,EL CAJON,-116.96355111,32.78775585
7478,8388052,2017,2018-04-12,3705,2017-05-18,1807,EC0337,,4,5,5,3705,0,0,0,,0,007,N MOLLISON,RT 8,0.0,,Y,A,-,Y,SD,11.0,8.0,-,-,16.34,R,4,E,N,3,0,1,2,D,-,00,,,N,D,G,A,A,H,-,A,A,0,,Y,,,Y,,-,-,0,1,0,0,0,0,1,0,0,-,EF,,,SAN DIEGO,EL CAJON,-116.95319867,32.80294138
7479,8387809,2017,2017-06-13,3705,2017-05-19,758,EC0337,,5,5,5,3705,0,0,0,,0,007,E MAIN,E MADISON,5.0,N,N,A,-,N,,,,,,,,,,N,3,0,1,2,A,-,10,21950.0,A,N,G,B,B,A,H,-,A,A,0,Y,,,,Y,,A,01,0,1,0,0,1,0,0,0,0,-,-,,,SAN DIEGO,EL CAJON,-116.93055901,32.80018007
7480,8387582,2017,2017-06-24,3711,2017-05-27,1620,7544,SAN D,6,5,7,3711,0,0,0,,0,813,LINCOLN AV,UTAH ST,5.0,W,N,A,-,N,,,,,,,,,,N,3,0,1,2,A,-,10,21950.0,A,M,G,B,B,A,H,-,A,A,0,Y,,,,Y,,-,,0,1,0,0,1,0,0,0,0,-,-,,,SAN DIEGO,SAN DIEGO,-117.13264621,32.75031987
7481,8387532,2017,2017-06-14,3711,2017-05-30,1230,5228,,2,5,7,3711,0,0,0,,0,627,ROBINSON AV,ROBINSON AV 500,0.0,,N,A,-,N,,,,,,,,,,N,3,0,1,2,A,-,08,22107.0,,N,B,G,A,A,H,-,A,D,0,,Y,,,Y,,A,01,0,1,0,0,0,0,1,0,0,-,-,,,SAN DIEGO,SAN DIEGO,,
7482,8386665,2017,2018-04-19,3702,2017-04-14,1703,CV1126,,5,5,6,3702,0,0,0,,0,032,OTAY LAKES RD,RT 125,0.0,,Y,A,-,Y,SD,11.0,125.0,-,-,4.301,R,4,S,Y,3,0,2,2,A,-,12,21453.0,A,N,D,C,A,A,H,-,A,A,0,,,,,Y,,A,08,0,1,1,0,0,0,0,0,0,-,-,,,SAN DIEGO,CHULA VISTA,-116.97115905,32.64959837
7483,8386661,2017,2018-03-20,3702,2017-04-15,1554,CV1110,,6,5,6,3702,0,0,0,,0,032,OTAY LAKES RD,RT 125,139.0,W,N,A,-,N,,,,,,,,,,Y,4,0,1,2,A,-,12,21453.0,A,N,B,C,A,A,H,-,A,A,0,,,,,Y,,A,07,0,0,1,0,0,0,0,0,0,-,SF,,,SAN DIEGO,CHULA VISTA,-116.97142325,32.64597111
7484,8385479,2017,2017-07-07,3711,2017-06-22,1219,5522,,4,5,7,3711,0,0,0,,0,313,MURPHY CANYON RD,CLAIREMONT MESA BL,1637.0,S,N,A,-,N,,,,,,,,,,Y,4,0,2,2,A,-,09,21804.0,A,N,D,C,A,A,H,-,A,D,0,,,,,Y,,-,,0,0,2,0,0,0,0,0,0,-,-,,,SAN DIEGO,SAN DIEGO,-117.11979792,32.82882218
7485,8385306,2017,2017-07-06,3701,2017-06-25,730,CB5499,,7,5,5,3701,0,0,0,,0,002,JEFFERSON ST,PINE AV,50.0,N,N,A,-,N,,,,,,,,,,Y,3,0,1,2,A,-,01,23152.0,A,F,-,D,A,A,H,-,-,A,0,,,,,Y,Y,A,01,0,1,0,0,0,0,0,0,0,-,-,,,SAN DIEGO,CARLSBAD,-117.34390349,33.15928218
7486,8385302,2017,2017-07-06,3701,2017-06-19,1530,CB5496,,1,5,5,3701,0,0,0,,0,001,CARLSBAD BL,CARLSBAD VILLAGE DR,63.0,S,N,A,-,N,,,,,,,,,,N,4,0,1,2,A,-,08,22107.0,,N,B,G,A,A,H,-,A,A,0,,Y,,,Y,,A,01,0,0,1,0,0,0,1,0,0,-,-,,,SAN DIEGO,CARLSBAD,-117.35093813,33.15802171
7487,8385007,2017,2017-07-07,3701,2017-06-25,812,CB5485,,7,5,5,3701,0,0,0,,0,008,OLIVENHAIN RD,LOS PINOS CIR,24.0,E,N,A,-,N,,,,,,,,,,Y,3,0,1,2,A,-,04,21703.0,,N,C,C,A,A,H,-,A,D,0,,,,,Y,,A,01,0,1,0,0,0,0,0,0,0,-,-,,,SAN DIEGO,CARLSBAD,-117.25156211,33.06728469