,CASE_ID,ACCIDENT_YEAR,PROC_DATE,JURIS,COLLISION_DATE,COLLISION_TIME,OFFICER_ID,REPORTING_DISTRICT,DAY_OF_WEEK,CHP_SHIFT,POPULATION,CNTY_CITY_LOC,SPECIAL_COND,BEAT_TYPE,CHP_BEAT_TYPE,CITY_DIVISION_LAPD,CHP_BEAT_CLASS,BEAT_NUMBER,PRIMARY_RD,SECONDARY_RD,DISTANCE,DIRECTION,INTERSECTION,WEATHER_1,WEATHER_2,STATE_HWY_IND,CALTRANS_COUNTY,CALTRANS_DISTRICT,STATE_ROUTE,ROUTE_SUFFIX,POSTMILE_PREFIX,POSTMILE,LOCATION_TYPE,RAMP_INTERSECTION,SIDE_OF_HWY,TOW_AWAY,COLLISION_SEVERITY,NUMBER_KILLED,NUMBER_INJURED,PARTY_COUNT,PRIMARY_COLL_FACTOR,PCF_CODE_OF_VIOL,PCF_VIOL_CATEGORY,PCF_VIOLATION,PCF_VIOL_SUBSECTION,HIT_AND_RUN,TYPE_OF_COLLISION,MVIW,PED_ACTION,ROAD_SURFACE,ROAD_COND_1,ROAD_COND_2,LIGHTING,CONTROL_DEVICE,CHP_ROAD_TYPE,PEDESTRIAN_ACCIDENT,BICYCLE_ACCIDENT,MOTORCYCLE_ACCIDENT,TRUCK_ACCIDENT,NOT_PRIVATE_PROPERTY,ALCOHOL_INVOLVED,STWD_VEHTYPE_AT_FAULT,CHP_VEHTYPE_AT_FAULT,COUNT_SEVERE_INJ,COUNT_VISIBLE_INJ,COUNT_COMPLAINT_PAIN,COUNT_PED_KILLED,COUNT_PED_INJURED,COUNT_BICYCLIST_KILLED,COUNT_BICYCLIST_INJURED,COUNT_MC_KILLED,COUNT_MC_INJURED,PRIMARY_RAMP,SECONDARY_RAMP,LATITUDE,LONGITUDE,COUNTY,CITY,POINT_X,POINT_Y
8291,8294207,2017,2017-02-01,4004,2017-01-18,1802,0890,01,3,5,3,4004,0,0,0,,0,015,16TH ST,SPRING ST,0.0,,Y,B,-,N,,,,,,,,,,N,4,0,1,2,A,-,10,21950.0,A,N,G,B,B,B,H,-,C,A,0,Y,,,,Y,,A,7.0,0,0,1,0,1,0,0,0,0,-,-,,,SAN LUIS OBISPO,PASO ROBLES,-120.69174995,35.63085004
8292,90500188,2017,2017-07-13,9745,2017-07-04,2218,019809,,2,3,9,4000,0,2,4,,1,055,TEFFT STREET,MESA RD,0.0,,Y,A,-,N,,,,,,,,,,Y,4,0,1,2,A,-,12,22450.0,A,N,D,C,A,A,H,-,C,A,0,,,,,Y,,A,1.0,0,0,1,0,0,0,0,0,0,-,-,35.02468,-120.49847,SAN LUIS OBISPO,UNINCORPORATED,-120.49846989,35.02469002
8293,90541146,2017,2017-09-05,9745,2017-09-05,1120,013531,,2,1,9,4000,0,3,5,,2,004,VIA CONCHA ROAD,WILLOW ROAD,800.0,S,N,A,-,N,,,,,,,,,,Y,4,0,2,2,A,-,3,22350.0,,N,C,C,A,A,H,-,A,D,0,,,,,Y,,D,22.0,0,0,2,0,0,0,0,0,0,-,-,35.0448,-120.55046000000002,SAN LUIS OBISPO,UNINCORPORATED,-120.55047662,35.04515273
8294,90595240,2017,2017-11-15,9740,2017-11-06,1445,014460,,1,2,9,4000,0,3,5,,2,019,JARDINE ROAD,SR-46,30.0,N,N,B,-,N,,,,,,,,,,Y,4,0,1,2,A,-,8,22107.0,,N,D,C,A,A,H,-,A,D,0,,,,,Y,,A,1.0,0,0,1,0,0,0,0,0,0,-,-,35.65951,-120.60261000000001,SAN LUIS OBISPO,UNINCORPORATED,,
8295,90479958,2017,2017-06-16,9330,2017-06-09,1405,020319,,5,2,9,4100,0,3,5,,2,505,BERKSHIRE AVE E/B,SR-82 (EL CAMINO REAL),0.0,,Y,A,-,N,,,,,,,,,,N,4,0,1,2,A,-,09,21804.0,A,N,D,G,A,A,H,-,A,A,0,,Y,,,Y,,L,04,0,0,1,0,0,0,1,0,0,-,-,37.469359999999995,-122.21178,SAN MATEO,UNINCORPORATED,,
8296,90479425,2017,2017-06-16,9330,2017-05-07,1644,021414,,7,2,9,4100,0,3,5,,2,005,ALPINE ROAD,LA MESA DRIVE,400.0,W,N,A,-,Y,,,,,,,,,,N,4,0,1,2,A,-,05,21650.0,,N,D,B,A,A,H,-,A,D,0,,Y,,,Y,,L,04,0,0,1,0,0,0,1,0,0,-,-,37.398920000000004,-122.19245,SAN MATEO,UNINCORPORATED,-122.19256999999999,37.40017
8297,90475315,2017,2017-06-12,9330,2017-06-10,1415,020580,,6,2,9,4100,0,1,3,,1,011,SR-92,SR-35,35.0,W,N,A,-,Y,,,92.0,,,,,,,N,3,0,2,2,A,-,03,22350.0,,N,B,C,A,A,H,-,A,D,0,,,Y,,Y,,C,02,0,2,0,0,0,0,0,0,2,-,-,37.49521,-122.36946999999999,SAN MATEO,UNINCORPORATED,-122.36948496,37.49523297
8298,90469694,2017,2017-06-02,9330,2017-05-28,2350,020894,,7,3,5,4116,0,1,3,,2,031,SR-92 EASTBOUND TO U.S. 101 S/B,SR-92,775.0,S,N,A,-,Y,,,92.0,,,,R,,E,Y,3,0,1,1,A,-,08,22107.0,,N,E,I,A,A,H,-,D,D,0,,,,,Y,,A,01,0,1,0,0,0,0,0,0,0,-,-,37.55107,-122.2944,SAN MATEO,SAN MATEO,-122.2944,37.55107
8299,90426654,2017,2017-04-04,9330,2017-03-07,825,021445,,2,1,9,4100,0,3,5,,2,509,ALAMEDA DE LAS PULGAS,GORDON AVENUE,0.0,,Y,A,-,N,,,,,,,,,,N,4,0,1,2,A,-,08,22107.0,,N,F,G,A,A,H,-,A,D,0,,Y,,,Y,,A,01,0,0,1,0,0,0,1,0,0,-,-,37.43221,-122.20245,SAN MATEO,UNINCORPORATED,-122.20234997,37.4322199
8300,90410710,2017,2017-03-13,9330,2017-02-11,1150,021265,,6,1,9,4100,0,3,5,,2,509,ALAMEDA DE LAS PULGAS,AVY AVENUE,0.0,,Y,A,-,N,,,,,,,,,,N,3,0,1,2,A,-,08,21717.0,,N,D,G,A,A,H,-,A,A,0,,Y,,,Y,,D,22,0,1,0,0,0,0,1,0,0,-,-,,,SAN MATEO,UNINCORPORATED,-122.20151996,37.43178991
8301,90391292,2017,2017-02-13,9330,2017-01-22,1415,021350,,7,2,9,4100,0,3,5,,2,505,DUMBARTON AVENUE,WESTSIDE AVENUE,0.0,,Y,C,-,N,,,,,,,,,,N,3,0,1,2,A,-,03,22350.0,,F,D,G,A,B,H,-,A,D,0,,Y,,,Y,,-,99,0,1,0,0,0,0,1,0,0,-,-,37.47318,-122.21116,SAN MATEO,UNINCORPORATED,,
8302,90372599,2017,2017-02-27,9330,2017-01-07,2143,021510,,6,2,4,4104,0,1,2,,2,038,US-101 NORTHBOUND,BROADWAY,600.0,N,N,C,-,Y,,,101.0,,,,,,N,Y,4,0,1,1,A,-,08,22107.0,,N,E,I,A,B,H,-,D,D,0,,,,,Y,,A,01,0,0,1,0,0,0,0,0,0,-,-,37.59125,-122.36277,SAN MATEO,BURLINGAME,-122.36280247,37.59120062
8303,8652438,2017,2018-07-19,4106,2017-08-15,108,2083,,2,5,6,4106,0,0,0,,0,003,JOHN DALY BL,DE LONG ST,152.0,W,N,A,-,N,,,,,,,,,,N,3,0,1,2,A,-,09,21804.0,A,N,D,C,A,A,H,-,C,A,0,,Y,,,Y,,A,01,0,1,0,0,0,0,1,0,0,-,-,37.70613,-122.4689,SAN MATEO,DALY CITY,-122.46834979999998,37.70524829
8304,8626736,2017,2018-06-05,4106,2017-06-15,1705,1183,01,4,5,6,4106,0,0,0,,0,001,GENEVA AV,SCHWERIN ST,5.0,E,N,A,-,N,,,,,,,,,,N,3,0,1,2,A,-,08,22107.0,,N,B,G,A,A,H,-,A,A,0,,Y,,,Y,Y,A,01,0,1,0,0,0,0,1,0,0,-,-,,,SAN MATEO,DALY CITY,-122.41320377,37.70638527
8305,8575135,2017,2018-06-29,4106,2017-10-26,1130,1253,,4,5,6,4106,0,0,0,,0,003,SULLIVAN AV,WASHINGTON ST,272.0,S,N,A,-,Y,SM,4.0,280.0,-,R,26.092,R,4,N,Y,3,0,1,1,A,-,08,22107.0,,N,E,I,A,A,H,-,A,D,0,,,,,Y,,-,,0,1,0,0,0,0,0,0,0,-,-,,,SAN MATEO,DALY CITY,-122.47034265,37.68963229
8306,8574342,2017,2018-03-21,4105,2017-11-15,1015,1253,,3,5,1,4105,0,0,0,,0,00O,COLMA BL,JUNIPER SERRA BL,84.0,E,N,B,-,N,,,,,,,,,,N,2,0,1,1,B,-,22,,,N,E,J,A,B,H,-,A,D,0,,,,,Y,,J,49,1,0,0,0,0,0,0,0,0,-,-,,,SAN MATEO,COLMA,-122.469247,37.67695621
8307,8548976,2017,2018-02-15,4109,2017-12-20,820,145676,,3,5,4,4109,0,0,0,,0,002,COLEMAN AV,WILLOW RD,0.0,,Y,A,-,N,,,,,,,,,,N,4,0,1,2,A,-,06,21755.0,A,N,H,G,A,A,H,-,A,A,0,,Y,,,Y,,L,04,0,0,1,0,0,0,1,0,0,-,-,37.46135,-122.15998,SAN MATEO,MENLO PARK,-122.15996992,37.46133998
8308,8547439,2017,2018-02-12,4106,2017-10-15,1035,1094,,7,5,6,4106,0,0,0,,0,004,LAKE MERCED BL,SOUTHGATE AV,5.0,S,N,A,-,N,,,,,,,,,,N,3,0,1,2,A,-,12,22450.0,A,N,H,G,A,A,H,-,A,A,0,,Y,,,Y,,A,01,0,1,0,0,0,0,1,0,0,-,-,,,SAN MATEO,DALY CITY,-122.48307472,37.69763692
8309,8543583,2017,2018-06-22,4106,2017-09-19,1110,1253,4,2,5,6,4106,0,0,0,,0,003,PARKVIEW AV,MISSION ST,0.0,,Y,A,-,Y,SM,4.0,82.0,-,-,24.6,I,5,S,N,4,0,1,2,A,-,10,21950.0,A,N,G,B,B,A,H,-,A,A,0,Y,,,,Y,,A,01,0,0,1,0,1,0,0,0,0,-,-,,,SAN MATEO,DALY CITY,-122.46337388,37.70148557
8310,8536638,2017,2018-01-22,4109,2017-12-18,1354,13347,,1,5,4,4109,0,0,0,,0,002,OAK GROVE AV,LAUREL ST,0.0,,Y,A,-,N,,,,,,,,,,N,3,0,1,2,A,-,10,21950.0,A,N,G,B,B,A,H,-,A,A,0,Y,,,,Y,,A,01,0,1,0,0,1,0,0,0,0,-,-,37.457159999999995,-122.18216000000001,SAN MATEO,MENLO PARK,-122.18214987,37.45715995
8311,8533279,2017,2018-02-20,4104,2017-12-20,1427,0147,20,3,5,4,4104,0,0,0,,0,00C,BROADWAY,CALIFORNIA DR,10.0,E,N,A,-,N,,,,,,,,,,Y,3,0,2,2,A,-,21,22106.0,,N,C,C,A,A,H,-,A,A,0,,,,,Y,,A,01,0,2,0,0,0,0,0,0,0,-,-,37.58804,-122.363,SAN MATEO,BURLINGAME,-122.36346966,37.58759219
8312,8532923,2017,2018-01-17,4117,2017-12-16,1705,15JS21,19BC,6,5,5,4117,0,0,0,,0,002,OLYMPIC DR,DUBLIN DR,0.0,,Y,A,-,N,,,,,,,,,,Y,3,0,1,2,A,-,06,21754.0,,N,B,C,A,A,H,-,A,D,0,,,Y,,Y,,C,02,0,1,0,0,0,0,0,0,1,-,-,37.64205,-122.45401000000001,SAN MATEO,SOUTH SAN FRANCISCO,-122.45402992,37.64203994
8313,8532740,2017,2018-01-26,4108,2017-11-13,735,1654,3,1,5,3,4108,0,0,0,,0,S-S,BRIDGE RD,STONEHEDGE RD,0.0,,Y,A,-,N,,,,,,,,,,N,2,0,1,2,A,-,03,22350.0,,N,A,C,A,B,H,-,A,A,0,,,,,Y,,A,01,1,0,0,0,0,0,0,0,0,-,-,37.56155,-122.33623999999999,SAN MATEO,HILLSBOROUGH,-122.33615998,37.5614899
8314,8521089,2017,2018-01-04,4116,2017-12-04,2241,28231,13,1,5,5,4116,0,0,0,,0,0DT,SOUTH HUMBOLDT ST,3RD AV,0.0,,Y,A,-,N,,,,,,,,,,N,3,0,1,2,A,-,12,21457.0,A,N,D,D,A,A,H,-,A,A,0,,,,,Y,,A,01,0,1,0,0,0,0,0,0,0,-,-,37.56964,-122.31638000000001,SAN MATEO,SAN MATEO,-122.31636997,37.56966997
8315,8518920,2017,2017-12-27,4100,2017-09-10,1600,25188,23,7,5,4,4115,0,0,0,,0,005,HOWARD AV,OLD COUNTRY RD,250.0,E,N,A,-,N,,,,,,,,,,N,3,0,1,2,D,-,00,,,N,C,C,A,A,H,-,A,D,0,,,,,Y,,-,-,0,1,0,0,0,0,0,0,0,-,-,,,SAN MATEO,SAN CARLOS,,
8316,8518426,2017,2017-12-22,4116,2017-11-06,1704,27872,13,1,5,5,4116,0,0,0,,0,0DT,1ST AV,B ST,0.0,,Y,A,-,N,,,,,,,,,,N,3,0,1,2,A,-,10,21950.0,A,N,G,B,B,A,H,-,C,A,0,Y,,,,Y,,A,07,0,1,0,0,1,0,0,0,0,-,-,37.56716,-122.32405,SAN MATEO,SAN MATEO,-122.32407999,37.56703989
8317,8518418,2017,2017-12-22,4116,2017-11-07,1800,27308,13A,2,5,5,4116,0,0,0,,0,0DT,EAST 4TH AV,DELAWARE ST,0.0,,Y,A,-,N,,,,,,,,,,N,3,0,1,2,A,-,08,22100.0,A,N,B,C,A,A,H,-,C,A,0,,,,,Y,,A,01,0,1,0,0,0,0,0,0,0,-,-,37.56584,-122.31998,SAN MATEO,SAN MATEO,-122.31922988,37.56637996
8318,8516743,2017,2018-01-17,4117,2017-12-16,1756,16AP10,21AF,6,5,5,4117,0,0,0,,0,003,MISSION RD,CHESTNUT AV,500.0,N,N,A,-,N,,,,,,,,,,Y,4,0,1,2,A,-,04,21703.0,,N,C,C,A,A,H,-,C,D,0,,,,,Y,,A,81,0,0,1,0,0,0,0,0,0,-,-,37.6574,-122.43312,SAN MATEO,SOUTH SAN FRANCISCO,-122.43344848,37.65730065
8319,8516237,2017,2018-06-19,4109,2017-10-24,1645,15031,,2,5,4,4109,0,0,0,,0,001,RT 82,MIDDLE AV,15.0,S,N,A,-,Y,SM,4.0,82.0,-,-,0.38,H,-,S,Y,4,0,1,2,A,-,08,22107.0,,N,B,C,A,A,H,-,A,A,0,,,,,Y,,A,01,0,0,1,0,0,0,0,0,0,-,-,37.450509999999994,-122.17712,SAN MATEO,MENLO PARK,-122.177104,37.45040677
8320,8516075,2017,2018-07-06,4116,2017-11-06,1847,27872,34,1,5,5,4116,0,0,0,,0,00C,EL CAMINO REAL,25TH AV,103.0,S,N,A,-,Y,SM,4.0,82.0,-,-,10.01,H,-,N,N,3,0,1,2,A,-,03,22350.0,,N,D,G,A,A,H,-,C,D,0,,Y,,,Y,,L,04,0,1,0,0,0,0,1,0,0,-,-,37.54439,-122.30571,SAN MATEO,SAN MATEO,-122.30542277,37.54424372
8321,8513421,2017,2018-02-20,4113,2017-12-05,1900,458,5,2,5,5,4113,0,0,0,,0,005,KENTFIELD AV,KENTFIELD AV 1811,0.0,,-,A,-,N,,,,,,,,,,Y,2,0,1,1,A,-,01,23152.0,A,N,A,I,A,A,H,-,C,D,0,,,,,Y,Y,A,01,1,0,0,0,0,0,0,0,0,-,-,37.46264,-122.22424,SAN MATEO,REDWOOD CITY,,
8322,8512316,2017,2017-12-29,4117,2017-11-28,1803,13NP01,08AE,2,5,5,4117,0,0,0,,0,001,AIRPORT BL,BADEN AV,0.0,,Y,A,-,N,,,,,,,,,,Y,4,0,1,2,A,-,09,21453.0,B,N,D,C,A,A,H,-,C,A,0,,,,,Y,,A,01,0,0,1,0,0,0,0,0,0,-,-,37.6538,-122.48061000000001,SAN MATEO,SOUTH SAN FRANCISCO,-122.40836997,37.65373993
8323,8511571,2017,2018-01-03,4109,2017-11-07,1928,14494,,2,5,4,4109,0,0,0,,0,001,RAVENSWOOD AV,MERRILL ST,0.0,,Y,A,-,N,,,,,,,,,,N,3,0,1,2,A,-,09,21802.0,A,N,H,G,A,A,H,-,C,D,0,,Y,,,Y,,A,01,0,1,0,0,0,0,1,0,0,-,-,37.45298,-122.18163,SAN MATEO,MENLO PARK,-122.18115986,37.45349997
8324,8511567,2017,2018-01-03,4109,2017-11-16,1415,145676,26,4,5,4,4109,0,0,0,,0,001,UNIVERSITY DR,MENLO AV,0.0,,Y,C,-,N,,,,,,,,,,N,4,0,1,2,A,-,10,21950.0,,N,G,B,B,B,H,-,A,D,0,Y,,,,Y,,A,01,0,0,1,0,1,0,0,0,0,-,-,37.44923,-122.18526999999999,SAN MATEO,MENLO PARK,-122.18538992,37.44888994
8325,8508842,2017,2017-12-13,4127,2017-10-31,2146,2243,,2,5,4,4127,0,0,0,,0,003,DONOHOE ST,COOLEY AV,0.0,,Y,A,-,N,,,,,,,,,,N,3,0,1,2,A,-,10,21950.0,A,F,H,G,A,A,H,-,C,A,0,,Y,,,Y,,A,01,0,1,0,0,0,0,1,0,0,-,-,,,SAN MATEO,EAST PALO ALTO,-122.13923999,37.46253998
8326,8508387,2017,2017-12-12,4113,2017-11-11,839,457,7,6,5,5,4113,0,0,0,,0,007,HUDSON ST,KATHERINE,0.0,,Y,A,-,N,,,,,,,,,,N,3,0,1,2,A,-,09,21802.0,A,N,H,G,A,A,H,-,A,A,0,,Y,,,Y,,L,04,0,1,0,0,0,0,1,0,0,-,-,37.48066,-122.24035,SAN MATEO,REDWOOD CITY,-122.24034997,37.48063999
8327,8508379,2017,2017-12-12,4113,2017-11-22,1020,436,11,3,5,5,4113,0,0,0,,0,023,BROADWAY,CALIFORNIA ST,0.0,,Y,A,-,N,,,,,,,,,,N,3,0,1,2,A,-,08,22107.0,,N,H,G,A,A,H,-,A,D,0,,Y,,,Y,,A,01,0,1,0,0,0,0,1,0,0,-,-,37.486309999999996,-122.23308999999999,SAN MATEO,REDWOOD CITY,-122.23310996,37.4862999
8328,8506399,2017,2018-07-30,4117,2017-11-21,620,04CD02,17AV,2,5,5,4117,0,0,0,,0,003,RT 82,ARROYO DR,7.0,S,N,A,-,Y,SM,4.0,82.0,-,-,20.801,I,5,S,N,3,0,1,2,A,-,10,21950.0,A,N,G,B,B,A,H,-,C,A,0,Y,,,,Y,,-,,0,1,0,0,1,0,0,0,0,-,-,37.6563,-122.43623000000001,SAN MATEO,SOUTH SAN FRANCISCO,-122.43631156,37.65652626
8329,8505780,2017,2017-12-11,4117,2017-11-06,1743,17NJ07,24AA,1,5,5,4117,0,0,0,,0,004,CHESTNUT AV,COMMERCIAL AV,0.0,,Y,A,-,N,,,,,,,,,,Y,3,0,1,2,A,-,09,21801.0,A,N,H,G,A,A,H,-,C,A,0,,Y,,,Y,,L,04,0,1,0,0,0,0,1,0,0,-,-,37.65768,-122.43081000000001,SAN MATEO,SOUTH SAN FRANCISCO,-122.43083992,37.65765998
8330,8504752,2017,2018-06-29,4109,2017-10-10,1657,14485,,2,5,4,4109,0,0,0,,0,001,EL CAMINO REAL,ROBLE AV,70.0,S,N,A,-,Y,SM,4.0,82.0,-,-,0.55,H,-,S,N,3,0,1,2,A,-,08,22107.0,,N,D,C,A,A,H,-,A,D,0,,Y,,,Y,,A,01,0,1,0,0,0,0,1,0,0,-,-,37.45142,-122.17963,SAN MATEO,MENLO PARK,-122.17959947,37.45186843
8331,8504747,2017,2018-06-15,4109,2017-11-01,555,14417,,3,5,4,4109,0,0,0,,0,003,WILLOW RD,HAMILTON AV,0.0,,Y,A,-,Y,SM,4.0,114.0,-,-,5.766,I,5,N,N,4,0,1,2,A,-,10,21950.0,A,F,G,B,B,A,H,-,C,A,0,Y,,,,Y,,-,99,0,0,1,0,1,0,0,0,0,-,-,37.47808,-122.16212,SAN MATEO,MENLO PARK,-122.15083189,37.479772
8332,8504593,2017,2018-07-02,4113,2017-12-19,1547,351,8,2,5,5,4113,0,0,0,,0,008,WOODSIDE RD,SEQUOIA AV,0.0,,Y,A,-,Y,SM,4.0,84.0,-,-,23.166999999999998,I,5,N,Y,3,0,2,3,A,-,09,21804.0,A,N,D,C,A,A,H,-,A,D,0,,,,,Y,,A,01,0,2,0,0,0,0,0,0,0,-,-,37.45747,-122.22389,SAN MATEO,REDWOOD CITY,-122.2285233,37.45525638
8333,8503894,2017,2018-06-08,4117,2017-12-12,834,12PF06,21AJ,2,5,5,4117,0,0,0,,0,003,RT 82,BART,408.0,S,N,A,-,N,,,82.0,,,,,,,N,3,0,1,2,A,-,10,21952.0,,N,G,B,C,A,H,-,A,D,0,Y,,,,Y,,A,01,0,1,0,0,1,0,0,0,0,-,-,37.66103,-122.44256000000001,SAN MATEO,SOUTH SAN FRANCISCO,-122.44257314,37.66101752
8334,8498494,2017,2017-12-08,4117,2017-11-30,905,91DG01,01AK,4,5,5,4117,0,0,0,,0,001,AIRPORT BL,MITCHELL AV,353.0,S,N,A,-,N,,,,,,,,,,N,3,0,1,2,A,-,08,22107.0,,N,B,G,A,A,H,-,A,D,0,,Y,,,Y,,A,01,0,1,0,0,0,0,1,0,0,-,-,37.64682,-122.40546,SAN MATEO,SOUTH SAN FRANCISCO,-122.40553,37.64868029
8335,8497431,2017,2017-12-26,4100,2017-11-21,1702,25168,PV,2,5,2,4112,0,0,0,,0,031,PORTOLA RD,PORTOLA RD 808,0.0,,N,A,-,N,,,,,,,,,,N,3,0,1,2,-,-,-,,,N,H,G,A,A,H,-,A,D,0,,Y,,,Y,,-,-,0,1,0,0,0,0,1,0,0,-,-,,,SAN MATEO,PORTOLA VALLEY,,
8336,8496954,2017,2018-02-17,4117,2017-11-13,2024,17JN07,08AD,1,5,5,4117,0,0,0,,0,004,GRAND AV,LINDEN AV,0.0,,Y,C,-,N,,,,,,,,,,N,4,0,1,2,A,-,10,21950.0,A,N,G,B,B,B,H,-,C,A,0,Y,,,,Y,,A,01,0,0,1,0,1,0,0,0,0,-,-,37.655190000000005,-122.41016,SAN MATEO,SOUTH SAN FRANCISCO,-122.41012989,37.65516998
8337,8496356,2017,2018-01-20,4116,2017-11-01,1538,27308,25,3,5,5,4116,0,0,0,,0,00A,ALAMEDA DE LAS PULGAS,BARNESON AV,0.0,,Y,A,-,N,,,,,,,,,,N,4,0,1,2,A,-,10,21950.0,A,N,G,B,B,A,H,-,A,A,0,Y,,,,Y,,A,01,0,0,1,0,1,0,0,0,0,-,-,37.5491,-122.32413999999999,SAN MATEO,SAN MATEO,-122.32481990000001,37.54876995
8338,8485067,2017,2017-12-07,4117,2017-11-01,125,16SK08,24AA,3,5,5,4117,0,0,0,,0,004,COMMERCIAL AV,CHESTNUT AV,64.0,E,N,A,-,N,,,,,,,,,,N,3,0,1,2,A,-,01,23152.0,A,N,A,E,A,A,H,-,C,D,0,,,,,Y,Y,A,01,0,1,0,0,0,0,0,0,0,-,-,37.65766,-122.43088999999999,SAN MATEO,SOUTH SAN FRANCISCO,-122.43062749,37.65761133
8339,8484725,2017,2017-11-29,4116,2017-10-18,1123,27872,32,3,5,5,4116,0,0,0,,0,00C,SARATOGA DR,HILLSDALE BL,0.0,,Y,A,-,N,,,,,,,,,,N,4,0,1,2,A,-,10,21950.0,A,N,G,B,B,A,H,-,A,A,0,Y,,,,Y,,A,01,0,0,1,0,1,0,0,0,0,-,-,37.54166,-122.29106999999999,SAN MATEO,SAN MATEO,-122.29105997,37.54174992
8340,8480324,2017,2017-11-03,4104,2017-09-27,1530,0227,15,3,5,4,4104,0,0,0,,0,00B,MURCHISON DR,EL CAMINO REAL,75.0,W,N,A,-,N,,,,,,,,,,N,3,0,1,3,A,-,08,22107.0,,N,B,E,E,A,H,-,A,D,0,Y,,,Y,Y,,A,07,0,1,0,0,1,0,0,0,0,-,-,37.59567,-122.3837,SAN MATEO,BURLINGAME,-122.38657151,37.59605132
8341,8479772,2017,2017-11-01,4116,2017-10-08,1524,26724,34,7,5,5,4116,0,0,0,,0,00C,FLORES ST,26TH PL,0.0,,Y,A,-,N,,,,,,,,,,Y,3,0,1,2,A,-,09,21802.0,A,N,D,C,A,A,H,-,A,A,0,,,,,Y,,A,01,0,1,0,0,0,0,0,0,0,-,-,37.54288,-122.30673,SAN MATEO,SAN MATEO,-122.30667992,37.54288997
8342,8479374,2017,2017-11-08,4104,2017-10-03,1000,0227,11,2,5,4,4104,0,0,0,,0,00B,GROVE AV,EL CAMINO REAL HWY,0.0,,Y,A,-,N,,,,,,,,,,N,3,0,1,2,A,-,08,22107.0,,N,H,G,A,A,H,-,A,A,0,,Y,,,Y,,D,22,0,1,0,0,0,0,1,0,0,-,-,37.58701,-122.3711,SAN MATEO,BURLINGAME,-122.37106996,37.58699989
8343,8476960,2017,2017-10-30,4106,2017-08-18,1534,1094,,5,5,6,4106,0,0,0,,0,006,HICKEY BL,GELLERT BL,105.0,E,N,A,-,N,,,,,,,,,,Y,4,0,2,3,A,-,03,22350.0,,N,C,C,A,A,H,-,A,D,0,,,,,Y,,A,01,0,0,2,0,0,0,0,0,0,-,-,,,SAN MATEO,DALY CITY,-122.46888798,37.66436443
8344,8476624,2017,2017-11-09,4116,2017-09-29,2136,27518,37,5,5,5,4116,0,0,0,,0,00C,LA CASA AV,ALAMEDA DE LAS PULGAS,0.0,,Y,A,-,N,,,,,,,,,,Y,3,0,2,1,A,-,08,22107.0,,N,E,I,A,A,H,-,C,D,0,,,,,Y,,A,01,0,2,0,0,0,0,0,0,0,-,-,37.5236,-122.30218,SAN MATEO,SAN MATEO,-122.30213989,37.52359996
8345,8473314,2017,2017-11-02,4104,2017-10-19,1325,0227,1,4,5,4,4104,0,0,0,,0,00A,BAYSWATER AV,CALIFORNIA DR,0.0,,Y,A,-,N,,,,,,,,,,N,3,0,1,2,A,-,08,22107.0,,N,G,B,B,A,H,-,A,A,0,Y,,,,Y,,A,01,0,1,0,0,1,0,0,0,0,-,-,,,SAN MATEO,BURLINGAME,-122.34141997,37.57792999
8346,8472208,2017,2018-06-05,4116,2017-10-01,1756,27308,23,7,5,5,4116,0,0,0,,0,00A,EL CAMINO REAL,17TH AV,302.0,S,N,A,-,N,,,82.0,,,,,,,N,3,0,1,2,A,-,10,21952.0,,N,G,B,F,A,H,-,B,A,0,Y,,,,Y,,A,07,0,1,0,0,1,0,0,0,0,-,-,37.55103,-122.31331999999999,SAN MATEO,SAN MATEO,-122.31310369,37.55126771
8347,8471772,2017,2018-06-28,4114,2017-09-27,735,0060,SNB18,3,5,4,4114,0,0,0,,0,002,SAN BRUNO AV,RT 280,0.0,,Y,A,-,Y,SM,4.0,280.0,-,R,20.574,R,4,N,Y,4,0,1,1,A,-,08,22100.0,A,N,F,I,A,A,H,-,A,A,0,,,,,Y,,A,01,0,0,1,0,0,0,0,0,0,-,NF,,,SAN MATEO,SAN BRUNO,-122.42688013,37.62208216
8348,8466777,2017,2017-10-13,4113,2017-09-26,1851,387,5,2,5,5,4113,0,0,0,,0,005,MADRONE ST,MC EVOY ST,0.0,,Y,A,-,N,,,,,,,,,,N,3,0,1,2,A,-,08,22107.0,,N,A,G,A,A,H,-,A,D,0,,Y,,,Y,,L,04,0,1,0,0,0,0,1,0,0,-,-,37.472840000000005,-122.22018,SAN MATEO,REDWOOD CITY,-122.22017992,37.4728299
8349,8466721,2017,2017-10-13,4120,2017-08-30,2129,131,,3,5,4,4120,0,0,0,,0,00Y,METRO CENTER BL,FOSTER CITY BL,1.0,W,N,A,-,N,,,,,,,,,,N,4,0,1,2,A,-,03,22350.0,,N,C,C,A,A,H,-,C,A,0,,,,,Y,,A,01,0,0,1,0,0,0,0,0,0,-,-,37.56285,-122.27161000000001,SAN MATEO,FOSTER CITY,-122.2715719,37.56278771