,CASE_ID,ACCIDENT_YEAR,PROC_DATE,JURIS,COLLISION_DATE,COLLISION_TIME,OFFICER_ID,REPORTING_DISTRICT,DAY_OF_WEEK,CHP_SHIFT,POPULATION,CNTY_CITY_LOC,SPECIAL_COND,BEAT_TYPE,CHP_BEAT_TYPE,CITY_DIVISION_LAPD,CHP_BEAT_CLASS,BEAT_NUMBER,PRIMARY_RD,SECONDARY_RD,DISTANCE,DIRECTION,INTERSECTION,WEATHER_1,WEATHER_2,STATE_HWY_IND,CALTRANS_COUNTY,CALTRANS_DISTRICT,STATE_ROUTE,ROUTE_SUFFIX,POSTMILE_PREFIX,POSTMILE,LOCATION_TYPE,RAMP_INTERSECTION,SIDE_OF_HWY,TOW_AWAY,COLLISION_SEVERITY,NUMBER_KILLED,NUMBER_INJURED,PARTY_COUNT,PRIMARY_COLL_FACTOR,PCF_CODE_OF_VIOL,PCF_VIOL_CATEGORY,PCF_VIOLATION,PCF_VIOL_SUBSECTION,HIT_AND_RUN,TYPE_OF_COLLISION,MVIW,PED_ACTION,ROAD_SURFACE,ROAD_COND_1,ROAD_COND_2,LIGHTING,CONTROL_DEVICE,CHP_ROAD_TYPE,PEDESTRIAN_ACCIDENT,BICYCLE_ACCIDENT,MOTORCYCLE_ACCIDENT,TRUCK_ACCIDENT,NOT_PRIVATE_PROPERTY,ALCOHOL_INVOLVED,STWD_VEHTYPE_AT_FAULT,CHP_VEHTYPE_AT_FAULT,COUNT_SEVERE_INJ,COUNT_VISIBLE_INJ,COUNT_COMPLAINT_PAIN,COUNT_PED_KILLED,COUNT_PED_INJURED,COUNT_BICYCLIST_KILLED,COUNT_BICYCLIST_INJURED,COUNT_MC_KILLED,COUNT_MC_INJURED,PRIMARY_RAMP,SECONDARY_RAMP,LATITUDE,LONGITUDE,COUNTY,CITY,POINT_X,POINT_Y
8830,8403231,2017,2017-07-11,4314,2017-05-10,1938,A1509,,3,5,6,4314,0,0,0,,0,,MONROE ST,SCOTT BL,0.0,,Y,A,-,N,,,,,,,,,,Y,4,0,1,3,A,-,01,23152.0,A,M,C,C,B,A,H,-,A,A,0,Y,,,,Y,Y,A,07,0,0,1,0,1,0,0,0,0,-,-,,,SANTA CLARA,SANTA CLARA,-121.9595699,37.36099998
8831,8403103,2017,2017-07-06,4314,2017-05-21,1325,S5438,,7,5,6,4314,0,0,0,,0,,VICTORIA AV,NOBILI AV,255.0,W,N,A,-,N,,,,,,,,,,N,3,0,1,2,D,-,00,,,N,G,G,A,A,H,-,A,D,0,,Y,,,Y,,-,-,0,1,0,0,0,0,1,0,0,-,-,37.35651,-121.98885,SANTA CLARA,SANTA CLARA,-121.98962459,37.35618029
8832,8402010,2017,2017-07-19,4314,2017-07-01,2230,4451,CENTR,6,5,6,4314,0,0,0,,0,0E3,SAN FERNANDO ST,1ST ST,2.0,N,N,A,-,N,,,,,,,,,,N,3,0,1,2,A,-,09,21453.0,B,F,D,G,A,A,H,-,C,A,0,,Y,,,Y,,-,,0,1,0,0,0,0,1,0,0,-,-,,,SANTA CLARA,SANTA CLARA,-121.88922,37.33429
8833,8401636,2017,2017-07-11,4313,2017-07-02,1120,3752,WILLI,7,5,7,4313,0,0,0,,0,0W4,ALUM ROCK AV,WHITE RD,195.0,W,N,A,-,N,,,,,,,,,,Y,4,0,1,3,A,-,03,22350.0,,N,-,C,A,A,H,-,A,A,0,,,,,Y,,-,,0,0,1,0,0,0,0,0,0,-,-,,,SANTA CLARA,SAN JOSE,-121.82866253,37.36560053
8834,8401615,2017,2018-02-12,4313,2017-06-15,1750,3978,CENTR,4,5,7,4313,0,0,0,,0,0R2,N CAPITOL AV,AUTUMNVALE DR,207.0,N,N,A,-,N,,,,,,,,,,N,4,0,1,2,A,-,08,22107.0,,N,A,G,A,A,H,-,A,A,0,,Y,,,Y,,-,,0,0,1,0,0,0,1,0,0,-,-,34.24221,-119.19596000000001,SANTA CLARA,SAN JOSE,-121.88517462,37.40507721
8835,8401486,2017,2017-07-21,4313,2017-06-29,245,4338,LINCO,4,5,7,4313,0,0,0,,0,0L1,S 1ST ST,W ALMA AV,0.0,,Y,A,-,N,,,,,,,,,,Y,3,0,1,2,A,-,00,22101.0,A,N,D,C,A,A,H,-,C,A,0,,,,,Y,,-,,0,1,0,0,0,0,0,0,0,-,-,37.18591,-121.52261000000001,SANTA CLARA,SAN JOSE,-121.87400998,37.31636002
8836,8401483,2017,2017-07-21,4313,2017-06-20,1743,3914,LINCO,2,5,7,4313,0,0,0,,0,0L2,MCLAUGHLIN AV,PANOCHE AV,0.0,,Y,A,-,N,,,,,,,,,,N,4,0,1,2,D,-,00,,,N,D,G,A,A,H,-,A,D,0,,Y,,,Y,,-,-,0,0,1,0,0,0,1,0,0,-,-,37.19506,-121.51597,SANTA CLARA,SAN JOSE,-121.85169991,37.33070004
8837,8401448,2017,2017-07-21,4313,2017-07-01,1403,3683,ROBER,6,5,7,4313,0,0,0,,0,0R3,N 1ST ST,N 1ST 2050,0.0,,N,A,-,N,,,,,,,,,,Y,3,0,1,1,A,-,03,22350.0,,M,E,I,A,A,H,-,A,D,0,,,,,Y,,-,,0,1,0,0,0,0,0,0,0,-,-,37.22331,-121.55653999999998,SANTA CLARA,SAN JOSE,,
8838,8400516,2017,2017-07-07,4313,2017-06-18,1135,4092,FOOTH,7,5,7,4313,0,0,0,,0,0W1,SIERRA RD,ONSLOW WY,28.0,W,N,A,-,N,,,,,,,,,,N,3,0,1,2,A,-,08,22100.0,,N,-,G,A,A,H,-,A,D,0,,Y,,,Y,,-,,0,1,0,0,0,0,1,0,0,-,-,34.24062,-119.17443,SANTA CLARA,SAN JOSE,-121.84599493,37.4002336
8839,8400354,2017,2017-07-11,4313,2017-06-18,1515,3587,SOUTH,7,5,7,4313,0,0,0,,0,0X5,BLOSSOM HILL RD,MONTEREY RD,0.0,,Y,A,-,N,,,,,,,,,,N,3,0,1,1,A,-,08,22107.0,,N,E,I,A,A,H,-,A,A,0,,,Y,,Y,,C,02,0,1,0,0,0,0,0,0,1,-,-,,,SANTA CLARA,SAN JOSE,-121.80266992,37.25570005
8840,8400274,2017,2017-07-13,4313,2017-06-23,1940,3560,WESTE,5,5,7,4313,0,0,0,,0,0N4,ROSALIA AV,PAYNE AV,0.0,,Y,A,-,N,,,,,,,,,,N,4,0,1,2,A,-,10,21950.0,A,N,G,B,B,A,H,-,A,A,0,Y,,,,Y,,-,,0,0,1,0,1,0,0,0,0,-,-,,,SANTA CLARA,SAN JOSE,-121.97457988,37.30094005
8841,8400242,2017,2017-07-06,4313,2017-06-17,1305,4092,SOUTH,6,5,7,4313,0,0,0,,0,0X3,SENTER RD,MONTEREY RD,40.0,E,N,A,-,N,,,,,,,,,,N,4,0,1,2,A,-,05,21650.0,,N,D,G,A,A,H,-,A,D,0,,Y,,,Y,,L,04,0,0,1,0,0,0,1,0,0,-,-,37.16405,-121.50631000000001,SANTA CLARA,SAN JOSE,-121.83515282,37.27794774
8842,8399291,2017,2017-06-30,4313,2017-06-25,1200,4130,FOOTH,7,5,7,4313,0,0,0,,0,0P5,ABORN RD,RUBY AV,0.0,,Y,A,-,N,,,,,,,,,,Y,3,0,2,2,A,-,08,22107.0,,N,B,C,A,A,H,-,A,A,0,,,,,Y,,-,,0,2,0,0,0,0,0,0,0,-,-,,,SANTA CLARA,SAN JOSE,-121.77516999999999,37.31639009
8843,8399286,2017,2017-06-30,4313,2017-06-16,1745,3560,SOUTH,5,5,7,4313,0,0,0,,0,0T5,PEARL AV,HILLSDALE AV,0.0,,Y,A,-,N,,,,,,,,,,N,4,0,1,2,D,-,00,,,N,D,D,A,A,H,-,A,-,0,,Y,,,Y,,-,-,0,0,1,0,0,0,1,0,0,-,-,,,SANTA CLARA,SAN JOSE,-121.87175992,37.27779002
8844,8398268,2017,2018-05-10,4312,2017-06-21,1340,5661,SCPD,3,5,5,4312,0,0,0,,0,,DINAH'S CT,RT 82,172.0,E,N,A,-,N,,,,,,,,,,N,4,0,1,2,D,-,00,,,N,D,C,A,A,H,-,A,D,0,,,,,Y,,-,-,0,0,1,0,0,0,0,0,0,-,-,,,SANTA CLARA,PALO ALTO,,
8845,8397394,2017,2017-06-28,4313,2017-06-09,1415,3440,FOOHI,5,5,7,4313,0,0,0,,0,0M2,ALUM ROCK AV,JACKSON AV,28.0,E,N,B,-,N,,,,,,,,,,N,3,0,1,2,A,-,08,22100.0,A,N,-,G,A,A,H,-,A,A,0,,Y,,,Y,,-,,0,1,0,0,0,0,1,0,0,-,-,,,SANTA CLARA,SAN JOSE,-121.84348671,37.35858867
8846,8396950,2017,2017-07-13,4313,2017-06-14,1820,3520,SOUTH,3,5,7,4313,0,0,0,,0,0X5,MONTEREY RD,FIRE HYDRANT #GOW7004,3.0,S,N,A,-,N,,,,,,,,,,N,4,0,1,2,A,-,09,21804.0,A,N,H,G,A,A,H,-,A,D,0,,Y,,,Y,,L,04,0,0,1,0,0,0,1,0,0,-,-,34.15298,-119.15245,SANTA CLARA,SAN JOSE,,
8847,8396915,2017,2017-06-27,4316,2017-03-27,1235,13250,,1,5,6,4316,0,0,0,,0,002,LAWRENCE STATION RD,ELKO DR,197.0,S,N,A,-,N,,,,,,,,,,N,3,0,1,2,A,-,07,21658.0,A,N,B,-,A,A,H,-,A,D,0,,,Y,,Y,,C,02,0,1,0,0,0,0,0,0,1,-,-,37.406220000000005,-121.99600000000001,SANTA CLARA,SUNNYVALE,-121.99580263,37.40579883
8848,8395859,2017,2017-07-10,4313,2017-06-22,1221,3343,WESTE,4,5,7,4313,0,0,0,,0,0F4,RACE ST,WEST SAN FERNANDO ST,0.0,,Y,A,-,N,,,,,,,,,,N,3,0,1,2,A,-,05,21650.0,1,N,A,G,A,A,H,-,A,D,0,,Y,,,Y,,L,04,0,1,0,0,0,0,1,0,0,-,-,37.19433,-121.54423,SANTA CLARA,SAN JOSE,-121.91177998,37.32868002
8849,8391630,2017,2017-06-21,4312,2017-06-05,1230,6909,,1,5,5,4312,0,0,0,,0,003,E CHARLESTON RD,CARLSON CIR,0.0,,Y,A,-,N,,,,,,,,,,N,3,0,1,2,A,-,05,21650.0,1,N,D,G,A,A,H,-,A,A,0,,Y,,,Y,,L,04,0,1,0,0,0,0,1,0,0,-,-,,,SANTA CLARA,PALO ALTO,-122.11495989,37.41738991
8850,8391533,2017,2017-06-16,4311,2017-05-17,1457,F7704,MV043,3,5,5,4311,0,0,0,,0,001,EVELYN AV,CASTRO ST,9.0,E,N,A,-,N,,,,,,,,,,N,3,0,1,2,A,-,10,21950.0,A,N,G,B,B,A,H,-,A,A,0,Y,,,,Y,,A,01,0,1,0,0,1,0,0,0,0,-,-,,,SANTA CLARA,MOUNTAIN VIEW,-122.07835172,37.3947399
8851,8390425,2017,2018-07-20,4313,2017-04-23,1207,3919,CENTR,7,5,7,4313,0,0,0,,0,0K2,9TH ST,SAN FERNANDO,0.0,,Y,A,-,N,,,,,,,,,,N,3,0,1,1,A,-,08,22100.0,A,N,E,I,A,A,H,-,A,A,0,,,,,Y,,-,,0,1,0,0,0,0,0,0,0,-,-,,,SANTA CLARA,SAN JOSE,-121.88072997,37.33835002
8852,8390406,2017,2018-03-21,4313,2017-06-04,2001,4230,WESTE,7,5,7,4313,0,0,0,,0,0N1,BARK LN,SOUTH DE ANZA BL,0.0,,Y,A,-,N,,,,,,,,,,N,3,0,2,3,A,-,03,22350.0,,N,G,B,E,A,H,-,A,D,0,Y,,,,Y,,-,,0,2,0,0,2,0,0,0,0,-,-,34.18161,-119.28323999999999,SANTA CLARA,SAN JOSE,-122.03216993,37.30301003
8853,8390238,2017,2017-08-07,4300,2017-04-21,1058,2160,C4,5,5,5,4303,0,0,0,,0,74C3,STEVENS CREEK BL,PORTAL AV,92.0,E,N,A,-,N,,,,,,,,,,N,4,0,1,2,A,-,08,22107.0,,N,B,C,A,A,H,-,A,A,0,,,Y,,Y,,-,-,0,0,1,0,0,0,0,0,0,-,-,37.32292,-122.01971999999999,SANTA CLARA,CUPERTINO,-122.01927355,37.3230131
8854,8390133,2017,2017-06-19,4300,2017-03-31,1845,2162,C4,5,5,5,4303,0,0,0,,0,81C4,ALVES DR,DE ANZA AV,9.0,W,N,A,-,N,,,,,,,,,,N,4,0,1,2,A,-,10,21950.0,A,N,G,B,B,A,H,-,A,D,0,Y,,,,Y,,A,01,0,0,1,0,1,0,0,0,0,-,-,,,SANTA CLARA,CUPERTINO,-122.03244096,37.32509
8855,8390101,2017,2017-06-19,4300,2017-03-21,2115,2162,C4,2,5,5,4303,0,0,0,,0,81C4,DE ANZA BL,STEVENS CREEK BL,8.0,N,N,B,-,N,,,,,,,,,,N,3,0,1,2,A,-,10,21950.0,A,N,G,B,B,B,H,-,C,A,0,Y,,,,Y,,A,01,0,1,0,0,1,0,0,0,0,-,-,37.322829999999996,-122.03206000000002,SANTA CLARA,CUPERTINO,-122.03240017,37.32299198
8856,8390089,2017,2017-06-19,4300,2017-03-16,712,1891,S8,4,5,4,4315,0,0,0,,0,74S2,SARATOGA AV,SARA PARK CIR,75.0,S,N,A,-,N,,,,,,,,,,N,3,0,1,2,A,-,05,21650.0,1,N,H,G,A,A,H,-,A,D,0,,Y,,,Y,,L,04,0,1,0,0,0,0,1,0,0,-,-,,,SANTA CLARA,SARATOGA,-122.00115097,37.28288904
8857,8390044,2017,2017-06-19,4300,2017-03-24,1200,1945,S7,5,5,4,4315,0,0,0,,0,71S3,FRUITVALE AV,ALLENDALE AV,41.0,N,N,C,-,N,,,,,,,,,,Y,4,0,1,2,A,-,21,22106.0,,N,C,C,A,B,H,-,A,A,0,,,,,Y,,A,01,0,0,1,0,0,0,0,0,0,-,-,37.26698,-122.01373000000001,SANTA CLARA,SARATOGA,-122.01391563,37.26701255
8858,8390040,2017,2018-03-20,4313,2017-03-31,712,2629,,5,5,7,4313,0,0,0,,0,,RT 101,JULIAN ST,0.0,E,N,A,-,Y,SCL,4.0,101.0,-,R,36.234,R,1,N,N,4,0,1,2,-,-,-,,,N,G,B,B,A,H,-,A,A,0,Y,,,,Y,,-,-,0,0,1,0,1,0,0,0,0,-,-,,,SANTA CLARA,SAN JOSE,-121.86715477,37.35522653
8859,8389504,2017,2017-06-15,4308,2017-05-06,145,311,,6,5,5,4308,0,0,0,,0,001,GREAT MALL PKWY,MUSTANG DR,15.0,N,N,A,-,N,,,,,,,,,,Y,3,0,1,1,A,-,01,23152.0,,N,H,A,A,A,H,-,C,A,0,,,Y,,Y,Y,C,02,0,1,0,0,0,0,0,0,1,-,-,37.41191,-121.89698999999999,SANTA CLARA,MILPITAS,-121.89662445,37.41162099
8860,8389488,2017,2017-06-15,4308,2017-05-13,1746,315,,6,5,5,4308,0,0,0,,0,0B3,N MILPITAS BL,ABEL ST,30.0,N,N,A,-,N,,,,,,,,,,Y,4,0,1,2,A,-,04,21703.0,,N,C,C,A,A,H,-,A,D,0,,,,,Y,,A,01,0,0,1,0,0,0,0,0,0,-,-,37.44466,-121.90704,SANTA CLARA,MILPITAS,-121.90687627,37.44473562
8861,8389448,2017,2018-04-18,4308,2017-05-28,1448,314,SCPD,7,5,5,4308,0,0,0,,0,0B3,RT 237,S HILLVIEW DR,0.0,,Y,A,-,Y,SCL,4.0,237.0,-,-,10.802,I,5,E,N,3,0,1,2,A,-,12,21453.0,A,N,G,G,A,A,H,-,A,A,0,,Y,,,Y,,L,04,0,1,0,0,0,0,1,0,0,-,-,37.4335,-121.89333,SANTA CLARA,MILPITAS,-121.89335344,37.43351355
8862,8389107,2017,2017-06-19,4313,2017-05-19,2118,4409,FOOTH,5,5,7,4313,0,0,0,,0,0C1,SOUTH JACKSON AV,CINDERELLA LN,0.0,,Y,A,-,N,,,,,,,,,,Y,3,0,1,3,A,-,08,22107.0,,N,B,E,A,-,H,-,C,-,0,,,,,Y,,-,,0,1,0,0,0,0,0,0,0,-,-,37.20558,-121.50358,SANTA CLARA,SAN JOSE,-121.8343499,37.34881003
8863,8389042,2017,2017-06-22,4313,2017-05-24,1404,3683,EDWAR,3,5,7,4313,0,0,0,,0,0E1,S MONTGOMERY ST,OTTERSON ST,0.0,,-,A,-,N,,,,,,,,,,N,4,0,1,2,A,-,05,21650.0,,N,G,G,A,A,H,-,A,D,0,,Y,,,Y,,L,04,0,0,1,0,0,0,1,0,0,-,-,34.19462,-119.20571000000001,SANTA CLARA,SAN JOSE,-121.90097993,37.32818003
8864,8387791,2017,2017-06-15,4313,2017-05-16,757,3722,SOUTH,2,5,7,4313,0,0,0,,0,0Y4,BERNAL RD,SANTA TERESA,0.0,,Y,A,-,N,,,,,,,,,,N,4,0,1,2,A,-,04,21703.0,,N,C,C,A,A,H,-,A,A,0,,,,,Y,,-,,0,0,1,0,0,0,0,0,0,-,-,37.13368,-121.46365,SANTA CLARA,SAN JOSE,-121.77692995,37.22682001
8865,8387580,2017,2017-06-29,4313,2017-05-12,945,3698,WESTE,5,5,7,4313,0,0,0,,0,0L3,SENTER RD,GUERRA DR,0.0,,Y,A,-,N,,,,,,,,,,N,4,0,1,2,-,-,-,,,N,G,B,E,A,H,-,A,D,0,Y,,,,Y,,-,-,0,0,1,0,1,0,0,0,0,-,-,,,SANTA CLARA,SAN JOSE,-121.84692989,37.30708002
8866,8387185,2017,2018-05-08,4316,2017-04-06,1813,11675,54,4,5,6,4316,0,0,0,,0,005,THE DALLES,NEWFOUNDLAND DR,100.0,E,N,C,-,N,,,,,,,,,,Y,4,0,1,2,A,-,09,21804.0,A,N,D,C,A,-,G,-,A,D,0,,,,,Y,,A,07,0,0,1,0,0,0,0,0,0,-,-,37.34483,-122.04323000000001,SANTA CLARA,SUNNYVALE,-122.04303591,37.344840000000005
8867,8386936,2017,2018-03-20,4302,2017-05-23,642,52,4302,2,5,4,4302,0,0,0,,0,,BUDD AV,SAN TOMAS EXPWY,100.0,W,N,A,-,N,,,,,,,,,,N,3,0,1,2,C,-,18,,,N,C,G,A,A,H,-,B,D,0,,Y,,,Y,,-,-,0,1,0,0,0,0,1,0,0,-,-,,,SANTA CLARA,CAMPBELL,-121.95740296,37.27965563
8868,8386415,2017,2018-03-22,4313,2017-05-31,1821,4472,L,3,5,7,4313,0,0,0,,0,005,BALFOUR DR,BALFOUR DR 668,2.0,N,N,A,-,N,,,,,,,,,,N,3,0,1,2,A,-,03,22350.0,,N,G,B,F,A,H,-,A,D,0,Y,,,,Y,,A,01,0,1,0,0,1,0,0,0,0,-,-,37.18262,-121.50206000000001,SANTA CLARA,SAN JOSE,,
8869,8382786,2017,2017-06-08,4313,2017-05-10,850,4009,YELLO,3,5,7,4313,0,0,0,,0,002,SHAWCROFT DR,CALERO AV,6.0,S,N,A,-,N,,,,,,,,,,N,3,0,1,2,A,-,10,21950.0,A,N,G,B,B,A,H,-,A,A,0,Y,,,,Y,,A,01,0,1,0,0,1,0,0,0,0,-,-,34.14362,-119.16443999999998,SANTA CLARA,SAN JOSE,-121.82790541,37.24222393
8870,8380698,2017,2017-06-02,4312,2017-05-21,2215,252,,7,5,5,4312,0,0,0,,0,004,EMBARCADERO RD,WOODLAND AV,1584.0,E,N,A,-,N,,,,,,,,,,N,4,0,1,1,A,-,03,22350.0,,N,E,I,A,A,H,-,D,D,0,,,,,Y,,A,07,0,0,1,0,0,0,0,0,0,-,-,,,SANTA CLARA,PALO ALTO,,
8871,8379980,2017,2017-07-24,4310,2017-06-12,2032,147,1,1,5,4,4310,0,0,0,,0,,BURNETT AV,MONTEREY RD,1372.0,E,N,A,-,N,,,,,,,,,,Y,3,0,1,1,A,-,17,23109.0,C,N,F,A,A,A,H,-,B,A,0,,,,,Y,,D,22,0,1,0,0,0,0,0,0,0,-,-,,,SANTA CLARA,MORGAN HILL,-121.67121102,37.15621066
8872,8379495,2017,2017-06-29,4316,2017-03-29,955,16080,34,3,5,6,4316,0,0,0,,0,003,EVELYN AV,FAIR OAKS AV,0.0,,Y,A,-,N,,,,,,,,,,N,3,0,1,2,A,-,11,21950.0,B,N,G,B,B,A,H,-,A,A,0,Y,,,,Y,,N,60,0,1,0,0,1,0,0,0,0,-,-,37.37365,-122.02085,SANTA CLARA,SUNNYVALE,-122.02109993,37.3735699
8873,8379450,2017,2018-04-09,4310,2017-05-30,1457,251,2,2,5,4,4310,0,0,0,,0,,EAST DUNNE AV,RT 101,0.0,,Y,A,-,Y,SCL,4.0,101.0,-,R,15.715,R,4,N,Y,4,0,2,2,A,-,09,21453.0,C,N,D,C,A,A,H,-,A,A,0,,,,,Y,,A,01,0,0,2,0,0,0,0,0,0,-,NF,,,SANTA CLARA,MORGAN HILL,-121.63114324,37.12779021
8874,8379436,2017,2017-08-15,4310,2017-05-29,1632,254,2,1,5,4,4310,0,0,0,,0,,EAST DUNNE AV,BUTTERFIELD BL,0.0,,Y,A,-,N,,,,,,,,,,N,4,0,1,1,A,-,03,22350.0,,N,F,A,A,A,H,-,A,A,0,,,Y,,Y,,C,02,0,0,1,0,0,0,0,0,1,-,-,,,SANTA CLARA,MORGAN HILL,-121.64505989,37.12718004
8875,8379000,2017,2017-06-12,4312,2017-06-01,837,7118,,4,5,5,4312,0,0,0,,0,,WEST CHARLESTON RD,WILKIE WY,12.0,W,N,A,-,N,,,,,,,,,,N,4,0,1,2,A,-,08,22107.0,,N,B,G,A,A,H,-,A,A,0,,Y,,,Y,,A,07,0,0,1,0,0,0,1,0,0,-,-,,,SANTA CLARA,PALO ALTO,-122.12098641,37.41252464
8876,8378634,2017,2017-06-06,4310,2017-05-03,1450,153,1,3,5,4,4310,0,0,0,,0,,MADRONE PKWY,MADRONE PKWY 18715,0.0,,-,A,-,N,,,,,,,,,,Y,4,0,1,2,A,-,03,22350.0,,N,C,C,A,A,H,-,A,D,0,,,,,Y,,D,22,0,0,1,0,0,0,0,0,0,-,-,,,SANTA CLARA,MORGAN HILL,,
8877,8376959,2017,2017-06-01,4313,2017-04-16,1707,3589,DN,7,5,7,4313,0,0,0,,0,0N3,SAN TOMAS EXPWY,WILLIAMS RD,0.0,,Y,B,C,N,,,,,,,,,,N,4,0,1,2,A,-,03,22350.0,,N,C,C,A,B,H,-,A,A,0,,,,,Y,,-,,0,0,1,0,0,0,0,0,0,-,-,37.18315,-121.57489,SANTA CLARA,SAN JOSE,-121.96374999,37.30875006
8878,8376548,2017,2017-07-17,4313,2017-05-19,2220,4246,FOOTH,5,5,7,4313,0,0,0,,0,0C4,NEWTON AV,ADRIAN WY,0.0,,N,A,-,N,,,,,,,,,,Y,4,0,2,2,A,-,03,22350.0,,F,-,C,A,A,H,-,C,A,0,,,,,Y,Y,-,,0,0,2,0,0,0,0,0,0,-,-,37.20362,-121.49537,SANTA CLARA,SAN JOSE,-121.83161986,37.34335001
8879,8375380,2017,2017-06-08,4313,2017-05-15,1041,4031,WESTE,1,5,7,4313,0,0,0,,0,0L2,MCLAUGHLIN,STORY,0.0,,Y,A,-,N,,,,,,,,,,Y,4,0,1,2,A,-,04,21703.0,,N,-,C,A,A,H,-,A,D,0,,,,,Y,,-,,0,0,1,0,0,0,0,0,0,-,-,,,SANTA CLARA,SAN JOSE,-121.8537699,37.33277003
8880,8375267,2017,2018-04-18,4313,2017-05-02,1430,3862,NORA,2,5,7,4313,0,0,0,,0,0N1,NORTH DE ANZA BL,RT 85,40.0,S,N,A,-,Y,SCL,4.0,85.0,-,R,15.478,R,4,N,N,4,0,1,2,A,-,09,21804.0,,N,D,D,A,A,H,-,A,A,0,,,,,Y,,-,,0,0,1,0,0,0,0,0,0,-,-,,,SANTA CLARA,SAN JOSE,-122.02789571,37.29664182
8881,8375207,2017,2017-06-19,4313,2017-05-04,1512,4151,SOUTH,4,5,7,4313,0,0,0,,0,0A2,CAMDEN AV,BLOSSOM HILL RD,0.0,,Y,A,-,N,,,,,,,,,,N,4,0,1,2,A,-,10,21950.0,A,N,G,G,A,A,H,-,A,A,0,,Y,,,Y,,-,,0,0,1,0,0,0,1,0,0,-,-,37.141090000000005,-121.54125,SANTA CLARA,SAN JOSE,-121.90362989,37.23636011
8882,8375105,2017,2017-06-08,4304,2017-05-27,1517,R06655,,6,5,4,4304,0,0,0,,0,002,E 6TH ST,CAMINO ARROYO,0.0,,Y,A,-,N,,,,,,,,,,N,4,0,1,2,A,-,05,21650.0,1,N,H,G,A,A,H,-,A,A,0,,Y,,,Y,,L,04,0,0,1,0,0,0,1,0,0,-,-,,,SANTA CLARA,GILROY,-121.55599989,37.01066006
8883,8373547,2017,2017-06-08,4313,2017-05-13,1730,4421,FOOTH,6,5,7,4313,0,0,0,,0,0M5,WHITE RD,WOODHAVEN DR,24.0,N,N,A,-,N,,,,,,,,,,Y,4,0,1,2,A,-,03,22350.0,A,N,C,E,A,A,H,-,A,D,0,,,,,Y,,-,,0,0,1,0,0,0,0,0,0,-,-,,,SANTA CLARA,SAN JOSE,-121.82208637,37.35932456
8884,8372820,2017,2017-06-06,4312,2017-05-17,900,8002,PALO,3,5,5,4312,0,0,0,,0,003,E CHARLESTON RD,MIDDLEFIELD RD,100.0,W,N,A,-,N,,,,,,,,,,N,3,0,1,2,A,-,08,22107.0,,N,D,G,A,A,H,-,A,D,0,,Y,,,Y,,A,01,0,1,0,0,0,0,1,0,0,-,-,,,SANTA CLARA,PALO ALTO,-122.11036934,37.41980095
8885,8372691,2017,2017-05-30,4313,2017-05-08,1720,4339,PAUL,1,5,7,4313,0,0,0,,0,004,SILVER CREEK RD,E CAPITOL EXPWY,27.0,N,N,A,-,N,,,,,,,,,,Y,4,0,1,2,A,-,08,22107.0,,N,B,C,A,A,H,-,A,A,0,,,,,Y,,-,,0,0,1,0,0,0,0,0,0,-,-,,,SANTA CLARA,SAN JOSE,-121.81102235,37.30720126
8886,8372651,2017,2017-05-30,4313,2017-05-03,1441,4171,LINCO,3,5,7,4313,0,0,0,,0,0L5,SENTER RD,TULLY RD,0.0,,-,A,-,N,,,,,,,,,,N,4,0,1,2,A,-,10,21950.0,A,N,A,G,A,A,H,-,A,A,0,,Y,,,Y,,-,,0,0,1,0,0,0,1,0,0,-,-,,,SANTA CLARA,SAN JOSE,-121.84779987,37.30796006
8887,8371250,2017,2018-07-20,4305,2017-05-11,1525,321,04305,4,5,4,4305,0,0,0,,0,002,GRANT RD,FOOTHILL EXPWY,413.0,N,N,A,-,N,,,,,,,,,,N,3,0,1,2,A,-,09,21802.0,A,N,D,G,A,A,H,-,A,A,0,,Y,,,Y,,A,07,0,1,0,0,0,0,1,0,0,-,-,,,SANTA CLARA,LOS ALTOS,-122.07734032,37.34539322
8888,8371231,2017,2018-07-20,4313,2017-05-02,706,3306,FOOTH,2,5,7,4313,0,0,0,,0,0W2,OLIVESTONE WY,NORTH CAPITAL AV,0.0,,N,A,-,N,,,,,,,,,,N,3,0,2,3,A,-,12,22450.0,,N,G,B,B,A,H,-,A,D,0,Y,,,,Y,,-,,0,2,0,0,1,0,0,0,0,-,-,37.23389,-121.5251,SANTA CLARA,SAN JOSE,-121.86821997,37.39408996
8889,8370875,2017,2017-06-19,4313,2017-03-28,57,3457,CENTR,2,5,7,4313,0,0,0,,0,0L1,S 10TH ST,PHELAN AV,0.0,,N,A,-,N,,,,,,,,,,N,3,0,1,2,A,-,03,22350.0,,N,B,G,A,A,H,-,C,D,0,,Y,,,Y,Y,-,,0,1,0,0,0,0,1,0,0,-,-,37.18565,-121.51446000000001,SANTA CLARA,SAN JOSE,-121.86240999,37.31568007
8890,8370847,2017,2018-07-20,4313,2017-05-10,1342,3698,CENTR,3,5,7,4313,0,0,0,,0,0R4,E GISH RD,INDUSTRIAL AV,0.0,,Y,A,-,N,,,,,,,,,,N,4,0,1,2,A,-,00,21754.0,A,N,B,C,A,A,H,-,A,D,0,,,,,Y,,-,,0,0,1,0,0,0,0,0,0,-,-,34.221270000000004,-119.20473999999999,SANTA CLARA,SAN JOSE,-121.89825989,37.36887994