,CASE_ID,ACCIDENT_YEAR,PROC_DATE,JURIS,COLLISION_DATE,COLLISION_TIME,OFFICER_ID,REPORTING_DISTRICT,DAY_OF_WEEK,CHP_SHIFT,POPULATION,CNTY_CITY_LOC,SPECIAL_COND,BEAT_TYPE,CHP_BEAT_TYPE,CITY_DIVISION_LAPD,CHP_BEAT_CLASS,BEAT_NUMBER,PRIMARY_RD,SECONDARY_RD,DISTANCE,DIRECTION,INTERSECTION,WEATHER_1,WEATHER_2,STATE_HWY_IND,CALTRANS_COUNTY,CALTRANS_DISTRICT,STATE_ROUTE,ROUTE_SUFFIX,POSTMILE_PREFIX,POSTMILE,LOCATION_TYPE,RAMP_INTERSECTION,SIDE_OF_HWY,TOW_AWAY,COLLISION_SEVERITY,NUMBER_KILLED,NUMBER_INJURED,PARTY_COUNT,PRIMARY_COLL_FACTOR,PCF_CODE_OF_VIOL,PCF_VIOL_CATEGORY,PCF_VIOLATION,PCF_VIOL_SUBSECTION,HIT_AND_RUN,TYPE_OF_COLLISION,MVIW,PED_ACTION,ROAD_SURFACE,ROAD_COND_1,ROAD_COND_2,LIGHTING,CONTROL_DEVICE,CHP_ROAD_TYPE,PEDESTRIAN_ACCIDENT,BICYCLE_ACCIDENT,MOTORCYCLE_ACCIDENT,TRUCK_ACCIDENT,NOT_PRIVATE_PROPERTY,ALCOHOL_INVOLVED,STWD_VEHTYPE_AT_FAULT,CHP_VEHTYPE_AT_FAULT,COUNT_SEVERE_INJ,COUNT_VISIBLE_INJ,COUNT_COMPLAINT_PAIN,COUNT_PED_KILLED,COUNT_PED_INJURED,COUNT_BICYCLIST_KILLED,COUNT_BICYCLIST_INJURED,COUNT_MC_KILLED,COUNT_MC_INJURED,PRIMARY_RAMP,SECONDARY_RAMP,LATITUDE,LONGITUDE,COUNTY,CITY,POINT_X,POINT_Y
9075,90549571,2017,2017-09-18,9720,2017-09-10,1345,21382,,7,1,9,4400,0,1,3,,1,010,SR-1 S/B,OCEAN ST,60.0,S,N,A,-,Y,,,1.0,,,,,,S,Y,3,0,1,2,A,-,9,21804.0,A,N,F,A,A,A,H,-,A,D,0,,,Y,,Y,,A,01,0,1,0,0,0,0,0,0,1,-,-,37.0112,-122.195,SANTA CRUZ,UNINCORPORATED,-122.19500938,37.01117962
9076,90549983,2017,2017-09-18,9720,2017-09-13,1015,18601,,3,1,9,4400,0,3,5,,2,100,EMPIRE GRADE RD,HELLER DR.,15.0,N,N,B,-,N,,,,,,,,,,N,3,0,1,1,A,-,3,22350.0,,N,F,A,A,B,H,-,A,D,0,,Y,,,Y,,L,04,0,1,0,0,0,0,1,0,0,-,-,36.98762,-122.06875,SANTA CRUZ,UNINCORPORATED,-122.0687857,36.98790924
9077,90551610,2017,2017-09-19,9720,2017-09-08,800,21248,,5,1,9,4400,0,2,4,,1,021,SOQUEL DR,DAUBENBISS AVE,0.0,,Y,A,-,N,,,,,,,,,,N,2,0,1,2,A,-,8,22107.0,,N,D,G,A,A,H,-,A,A,0,,Y,,,Y,,D,22,1,0,0,0,0,0,1,0,0,-,-,36.9877,-121.95843,SANTA CRUZ,UNINCORPORATED,-121.95828988,36.98783008
9078,90551787,2017,2017-09-20,9720,2017-09-07,1410,21714,,4,2,9,4400,0,2,4,,1,021,SOQUEL DR,PERIMETER RD.,0.0,,Y,A,-,N,,,,,,,,,,N,3,0,1,2,A,-,11,21954.0,A,N,G,B,D,A,H,-,A,D,0,Y,,,,Y,,N,60,0,1,0,0,1,0,0,0,0,-,-,36.98986,-121.92878,SANTA CRUZ,UNINCORPORATED,-121.92895990000001,36.98981006
9079,90554359,2017,2017-09-25,9720,2017-09-13,1547,18071,,3,2,9,4400,0,3,5,,2,200,STATE PARD DR,SOQUEL DRIVE,14.0,S,N,B,-,N,,,,,,,,,,N,3,0,1,2,A,-,11,21950.0,B,N,G,B,B,A,H,-,A,A,0,Y,,,,Y,,N,60,0,1,0,0,1,0,0,0,0,-,-,36.979820000000004,-121.90845,SANTA CRUZ,UNINCORPORATED,,
9080,90567566,2017,2017-10-11,9720,2017-09-30,330,21702,,6,3,9,4400,0,2,4,,1,023,BROMMER STREET,17TH AVENUE,0.0,,Y,A,-,N,,,,,,,,,,Y,3,0,1,1,A,-,1,23152.0,G,F,E,I,A,A,H,-,C,A,0,,,,,Y,Y,A,01,0,1,0,0,0,0,0,0,0,-,-,36.9709,-121.9845,SANTA CRUZ,UNINCORPORATED,-121.98449987,36.97106007
9081,90571012,2017,2017-10-16,9720,2017-10-16,737,14653,,1,1,9,4400,0,2,4,,1,021,SOQUEL DR,CHANTICLEER AVE,400.0,E,N,A,-,N,,,,,,,,,,N,3,0,1,2,A,-,8,22107.0,,N,D,G,A,A,H,-,A,D,0,,Y,,,Y,,A,01,0,1,0,0,0,0,1,0,0,-,-,36.988279999999996,-121.97658999999999,SANTA CRUZ,UNINCORPORATED,-121.97658197,36.98836557
9082,90605009,2017,2017-11-29,9720,2017-11-28,1400,20640,,2,2,9,4400,0,2,4,,1,021,SOQUEL DR,HARDIN WAY,125.0,E,N,A,-,N,,,,,,,,,,Y,3,0,1,3,A,-,3,22350.0,,N,C,C,A,A,H,-,A,D,0,,,,,Y,,A,07,0,1,0,0,0,0,0,0,0,-,-,36.9879,-121.94403,SANTA CRUZ,UNINCORPORATED,-121.94403232,36.98782501
9083,90617814,2017,2017-12-14,9720,2017-10-02,1658,15170,,1,2,9,4400,0,2,4,,1,016,GRAHAM HILL RD,SR-9,0.0,,Y,A,-,Y,,,,,,,,,,N,1,1,0,2,A,-,10,21950.0,,N,G,B,B,A,H,-,A,A,0,Y,,,,Y,,E,22,0,0,0,1,0,0,0,0,0,-,-,37.05297,-122.07311000000001,SANTA CRUZ,UNINCORPORATED,-122.07325987,37.05308003
9084,90620271,2017,2017-12-19,9720,2017-12-09,1830,21790,,6,2,9,4400,0,1,3,,1,014,SR-9,PLEASANT WAY,5.0,N,N,A,-,Y,,,9.0,,,,,,,N,4,0,2,2,A,-,3,22350.0,,N,C,C,A,A,H,-,D,D,0,,,,,Y,,D,22,0,0,2,0,0,0,0,0,0,-,-,37.15153,-122.13604,SANTA CRUZ,UNINCORPORATED,-122.13603441,37.15152069
9085,90625714,2017,2017-12-25,9720,2017-12-16,650,21215,,6,1,9,4400,0,1,3,,2,020,SR-1 N/B TO 41ST AVE,41ST AVE,6.0,S,N,A,-,Y,,,1.0,,,,R,,N,N,4,0,1,2,D,-,0,,,N,H,G,A,A,H,-,A,A,0,,Y,,,Y,,-,-,0,0,1,0,0,0,1,0,0,-,-,36.98369,-121.96448000000001,SANTA CRUZ,UNINCORPORATED,-121.96448000000001,36.98369
9086,8170561,2017,2018-06-06,4501,2017-12-03,1326,421,4501,7,5,2,4501,0,0,0,,0,001,RT 273,NORTH ST,0.0,,Y,A,-,Y,SHA,2.0,273.0,-,-,5.438,I,5,N,Y,3,0,2,3,A,-,3,22350.0,,N,D,C,A,A,H,-,A,A,0,,,,,Y,,A,1,0,1,1,0,0,0,0,0,0,-,-,,,SHASTA,ANDERSON,-122.30136604,40.4505002
9087,8356468,2017,2018-03-20,4502,2017-01-08,2011,323,RPD,7,5,5,4502,0,0,0,,0,006,RT 299,CALIFORNIA ST,0.0,,Y,C,-,Y,SHA,2.0,299.0,-,-,240.02,I,5,E,Y,4,0,1,2,A,-,8,22100.0,A,N,B,C,A,B,H,-,C,A,0,,,,,Y,,D,22,0,0,1,0,0,0,0,0,0,-,-,,,SHASTA,REDDING,,
9088,8366527,2017,2018-03-20,4502,2017-01-10,1808,145,,2,5,5,4502,0,0,0,,0,001,HILLTOP DR,RT 44,17.0,,N,C,-,Y,SHA,2.0,5.0,-,R,15.14,R,4,N,,4,0,1,2,A,-,10,21950.0,A,N,D,G,A,B,H,-,C,A,0,,Y,,,Y,,A,1,0,0,1,0,0,0,1,0,0,-,-,,,SHASTA,REDDING,-122.36036526,40.58089869
9089,8366625,2017,2017-06-13,4501,2017-04-23,1010,405,,7,5,2,4501,0,0,0,,0,001,RHONDA RD,PLEASANT HILLS DR,500.0,S,N,A,-,N,,,,,,,,,,N,4,0,1,1,A,-,7,21658.0,A,N,E,I,A,A,H,-,A,A,0,,,Y,,Y,,C,2,0,0,1,0,0,0,0,0,1,-,-,,,SHASTA,ANDERSON,-122.28811021,40.43322021
9090,8367943,2017,2017-05-23,4502,2017-01-21,1237,146,,6,5,5,4502,0,0,0,,0,001,HILLTOP DR,LAKE BL,528.0,S,N,B,-,N,,,,,,,,,,N,3,0,3,2,A,-,3,22350.0,,N,A,C,A,B,H,-,A,D,0,,,,,Y,,A,1,0,1,2,0,0,0,0,0,0,-,-,,,SHASTA,REDDING,-122.37452155,40.60903797
9091,8370984,2017,2018-04-23,4502,2017-04-05,1117,157,,3,5,5,4502,0,0,0,,0,002,RT 5,CYPRESS AV,5.0,N,N,B,-,Y,SHA,2.0,5.0,-,R,14.665,R,1,S,N,4,0,1,2,A,-,5,21650.0,1,N,D,G,A,A,H,-,A,A,0,,Y,,,Y,,L,4,0,0,1,0,0,0,1,0,0,SF,-,,,SHASTA,REDDING,-122.36068839,40.57401743
9092,8374351,2017,2018-03-20,4502,2017-02-01,1950,134,,3,5,5,4502,0,0,0,,0,006,SUNDIAL BRIDGE DR,RT 44,147.0,N,N,A,-,Y,SHA,2.0,44.0,-,L,0.748,R,4,W,N,3,0,1,2,A,-,10,21950.0,A,F,G,B,B,A,H,-,C,A,0,Y,,,,Y,,-,99,0,1,0,0,1,0,0,0,0,-,-,,,SHASTA,REDDING,-122.38033357,40.58681817
9093,8374376,2017,2017-06-01,4502,2017-02-10,1813,323,RPD,5,5,5,4502,0,0,0,,0,002,HARTNELL AV,VICTOR AV,0.0,,Y,B,C,N,,,,,,,,,,N,4,0,1,2,A,-,10,21950.0,A,N,G,B,B,B,H,-,C,A,0,Y,,,,Y,,A,1,0,0,1,0,1,0,0,0,0,-,-,,,SHASTA,REDDING,-122.33949996,40.56373999
9094,8374380,2017,2017-06-09,4502,2017-02-14,1418,105,,2,5,5,4502,0,0,0,,0,005,PINE ST,TEHAMA ST,62.0,S,N,A,-,N,,,,,,,,,,Y,4,0,1,2,A,-,8,22107.0,,N,B,C,A,A,H,-,A,D,0,,,,,Y,,A,7,0,0,1,0,0,0,0,0,0,-,-,,,SHASTA,REDDING,-122.38994036,40.58550825
9095,8374408,2017,2017-06-13,4502,2017-03-03,1926,137,4502,5,5,5,4502,0,0,0,,0,001,DANA DR,CHURN CREEK RD,0.0,,Y,A,-,N,,,,,,,,,,Y,4,0,6,3,A,-,12,21453.0,A,N,A,C,A,A,H,-,B,A,0,,,,,Y,,A,1,0,0,6,0,0,0,0,0,0,-,-,,,SHASTA,REDDING,-122.35151995,40.58618995
9096,8374425,2017,2017-06-01,4502,2017-02-01,903,105,,3,5,5,4502,0,0,0,,0,005,SHASTA ST,PINE ST,0.0,,Y,B,-,N,,,,,,,,,,N,4,0,2,3,A,-,9,21453.0,B,N,G,B,B,A,H,-,A,A,0,Y,,,,Y,,A,1,0,0,2,0,2,0,0,0,0,-,-,,,SHASTA,REDDING,-122.3904399,40.58667999
9097,8374463,2017,2017-06-01,4502,2017-03-01,1033,133,4502,3,5,5,4502,0,0,0,,0,002,MISTLETOE LN,PENN DR,0.0,,Y,A,-,N,,,,,,,,,,Y,3,0,1,2,A,-,9,21802.0,A,N,D,C,A,A,H,-,A,A,0,,,,,Y,,A,1,0,1,0,0,0,0,0,0,0,-,-,,,SHASTA,REDDING,-122.34569991,40.57837999
9098,8374473,2017,2017-06-07,4502,2017-03-03,1655,137,4502,5,5,5,4502,0,0,0,,0,002,EAST CYPRESS AV,LARKSPUR,150.0,W,N,B,-,N,,,,,,,,,,Y,4,0,1,2,A,-,9,21804.0,A,N,D,C,A,A,H,-,A,D,0,,,,,Y,,A,1,0,0,1,0,0,0,0,0,0,-,-,,,SHASTA,REDDING,-122.35596012,40.57104205
9099,8375738,2017,2017-06-09,4502,2017-04-18,1711,145,,2,5,5,4502,0,0,0,,0,002,HARTNELL AV,KENCO AV,6.0,E,N,A,-,N,,,,,,,,,,N,4,0,1,2,A,-,5,21650.0,1,N,D,G,A,A,H,-,A,A,0,,Y,,,Y,,L,4,0,0,1,0,0,0,1,0,0,-,-,,,SHASTA,REDDING,-122.3382284,40.56372
9100,8378863,2017,2017-06-14,4502,2017-03-10,1903,153,,5,5,5,4502,0,0,0,,0,006,BENTON DR,QUARTZ HILL RD,48.0,S,N,B,-,N,,,,,,,,,,Y,4,0,2,2,A,-,5,21650.0,,N,A,C,A,A,H,-,A,A,0,,,,,Y,Y,A,1,0,0,2,0,0,0,0,0,0,-,-,,,SHASTA,REDDING,-122.40073343,40.59657465
9101,8388360,2017,2017-06-20,4500,2017-05-05,1021,209,SHAST,5,5,2,4580,0,0,0,,0,03B,CASCADE BL,AUTUMN HARVEST WY,0.0,,Y,A,-,N,,,,,,,,,,Y,4,0,1,2,A,-,21,22106.0,,N,D,C,A,A,H,-,A,A,0,,,,,Y,,A,1,0,0,1,0,0,0,0,0,0,-,-,,,SHASTA,SHASTA LAKE,-122.35962994,40.65534997
9102,8401768,2017,2018-04-02,4501,2017-05-29,1441,418,4501,1,5,2,4501,0,0,0,,0,001,LOCUST RD,RT 5,39.0,W,N,A,-,Y,SHA,2.0,5.0,-,-,4.124,R,2,N,Y,3,0,1,1,A,-,3,22350.0,,N,F,I,A,A,H,-,A,D,0,,,,Y,Y,,G,25,0,1,0,0,0,0,0,0,0,-,EF,,,SHASTA,ANDERSON,-122.28549238,40.43392051
9103,8401929,2017,2018-03-20,4500,2017-02-10,1620,221,SHAST,5,5,2,4580,0,0,0,,0,03B,SHASTA DAM BL,CASCADE BL,31.0,W,N,C,-,Y,SHA,2.0,151.0,-,-,6.79,I,5,W,N,2,0,1,2,A,-,10,21950.0,A,N,G,B,B,B,H,-,C,A,0,Y,,,,Y,,D,22,1,0,0,0,1,0,0,0,0,-,-,,,SHASTA,SHASTA LAKE,-122.41573893,40.7150787
9104,8417396,2017,2017-08-03,4502,2017-05-25,1639,305,,4,5,5,4502,0,0,0,,0,001,CHURN CREEK,OLD ALTURAS,0.0,,Y,A,-,N,,,,,,,,,,N,3,0,1,2,A,-,10,21950.0,A,N,G,B,B,A,H,-,A,A,0,Y,,,,Y,,D,22,0,1,0,0,1,0,0,0,0,-,-,,,SHASTA,REDDING,-122.35106996,40.58841989
9105,8436682,2017,2017-10-19,4502,2017-07-09,1349,116,4502,7,5,5,4502,0,0,0,,0,001,E PALISADES,HILLTOP DR,51.0,W,N,A,-,N,,,,,,,,,,N,4,0,1,2,A,-,8,22107.0,,N,B,C,A,A,H,-,A,A,0,,,,,Y,,A,1,0,0,1,0,0,0,0,0,0,-,-,,,SHASTA,REDDING,-122.35835369,40.58941097
9106,8436743,2017,2017-09-26,4502,2017-07-07,1124,146,,5,5,5,4502,0,0,0,,0,002,GOODWATER AV,SHASTA VIEW DR,69.0,W,N,A,-,N,,,,,,,,,,N,3,0,1,2,A,-,3,22350.0,,N,A,G,A,A,H,-,A,D,0,,Y,,,Y,,L,4,0,1,0,0,0,0,1,0,0,-,-,,,SHASTA,REDDING,-122.32583624,40.57089475
9107,8438914,2017,2018-04-23,4502,2017-06-06,1924,144,RPD,2,5,5,4502,0,0,0,,0,006,RT 273,CYPRESS AV,24.0,N,N,A,-,Y,SHA,2.0,273.0,-,-,16.01,H,-,N,Y,3,0,3,2,A,-,12,21453.0,A,N,D,C,A,A,H,-,A,A,0,,,,,Y,,A,7,0,1,2,0,0,0,0,0,0,-,-,,,SHASTA,REDDING,-122.38666669,40.576697499999995
9108,8444997,2017,2017-11-09,4502,2017-06-02,1650,198,,5,5,5,4502,0,0,0,,0,004,EASTSIDE RD,GIRVAN RD,0.0,,Y,A,-,N,,,,,,,,,,N,4,0,2,2,A,-,3,22350.0,,N,C,C,A,A,H,-,A,A,0,,,,,Y,,A,1,0,0,2,0,0,0,0,0,0,-,-,,,SHASTA,REDDING,-122.38011989,40.51304995
9109,8445005,2017,2017-11-09,4502,2017-06-01,212,128,,4,5,5,4502,0,0,0,,0,003,BECHELLI LN,3RD ST,3.0,S,N,A,-,N,,,,,,,,,,N,4,0,1,2,A,-,9,21802.0,A,F,D,G,A,A,H,-,D,D,0,,Y,,,Y,Y,A,7,0,0,1,0,0,0,1,0,0,-,-,,,SHASTA,REDDING,-122.36263999999998,40.55798176
9110,8445171,2017,2017-10-11,4501,2017-08-08,2147,408,4501,2,5,2,4501,0,0,0,,0,001,LOCUST ST,BARNEY RD,450.0,E,N,A,-,N,,,,,,,,,,Y,4,0,1,1,A,-,7,21658.0,A,N,E,I,A,A,H,-,D,D,0,,,,,Y,,A,1,0,0,1,0,0,0,0,0,0,-,-,,,SHASTA,ANDERSON,-122.28159740000001,40.43700044
9111,8461186,2017,2018-04-02,4502,2017-08-06,1258,127,,7,5,5,4502,0,0,0,,0,004,RT 273,PARKVIEW AV,60.0,N,N,A,-,Y,SHA,2.0,273.0,-,-,15.83,H,-,N,Y,4,0,1,1,A,-,3,22350.0,,N,E,I,A,A,H,-,A,D,0,,,,,Y,,A,1,0,0,1,0,0,0,0,0,0,-,-,,,SHASTA,REDDING,-122.38757653,40.57421655
9112,8461198,2017,2018-05-25,4502,2017-08-25,2034,369,4502,5,5,5,4502,0,0,0,,0,006,RT 273,BENTON DR,0.0,,Y,A,-,Y,SHA,2.0,273.0,-,-,17.82,I,5,S,N,4,0,1,2,A,-,5,21202.0,A,N,D,G,A,A,H,-,C,A,0,,Y,,,Y,,L,4,0,0,1,0,0,0,1,0,0,-,-,,,SHASTA,REDDING,-122.38417397,40.59958295
9113,8504337,2017,2018-06-15,4502,2017-11-10,1341,125,,5,5,5,4502,0,0,0,,0,004,RT 273,CANYON RD,55.0,S,N,C,-,Y,SHA,2.0,273.0,-,-,14.46,H,-,N,Y,4,0,3,2,A,-,3,22350.0,,N,A,C,A,B,H,-,A,A,0,,,,,Y,,A,1,0,0,3,0,0,0,0,0,0,-,-,,,SHASTA,REDDING,-122.38791983,40.55444438
9114,8516877,2017,2018-01-22,4502,2017-10-13,1318,147,,5,5,5,4502,0,0,0,,0,005,PLACER ST,COURT ST,75.0,E,N,A,-,N,,,,,,,,,,Y,4,0,1,4,A,-,12,21453.0,A,N,D,C,A,A,H,-,A,A,0,,,,,Y,,A,8,0,0,1,0,0,0,0,0,0,-,-,,,SHASTA,REDDING,-122.3946226,40.5812524
9115,8525626,2017,2018-01-16,4502,2017-09-01,1421,329,,5,5,5,4502,0,0,0,,0,III,BECHELLI LN,3RD ST,348.0,N,N,A,F,N,,,,,,,,,,Y,4,0,2,2,A,-,9,21804.0,A,N,D,C,A,A,H,-,A,D,0,,,,,Y,,D,22,0,0,2,0,0,0,0,0,0,-,-,,,SHASTA,REDDING,-122.36262004,40.55894538
9116,8527971,2017,2018-01-19,4502,2017-11-22,1725,132,,3,5,5,4502,0,0,0,,0,001,FRIENDLY RD,DANA DR,288.0,N,N,A,-,N,,,,,,,,,,N,4,0,1,2,A,-,9,21804.0,A,N,A,G,A,A,H,-,D,D,0,,Y,,,Y,,A,1,0,0,1,0,0,0,1,0,0,-,-,,,SHASTA,REDDING,-122.34731573,40.58654072
9117,8528663,2017,2018-01-22,4502,2017-09-22,810,116,4502,5,5,5,4502,0,0,0,,0,002,HARTNELL ST,CHURN CREEK RD,175.0,E,N,A,-,N,,,,,,,,,,Y,4,0,2,2,A,-,3,22350.0,,N,C,C,A,A,H,-,A,D,0,,,,,Y,,A,8,0,0,2,0,0,0,0,0,0,-,-,,,SHASTA,REDDING,-122.35248992,40.56382
9118,8532936,2017,2018-01-12,4502,2017-10-28,1630,116,4502,6,5,5,4502,0,0,0,,0,001,HILLTOP DR,BROWNING ST,0.0,,Y,A,-,N,,,,,,,,,,N,3,0,3,4,A,-,10,21950.0,A,N,D,B,B,A,H,-,A,A,0,Y,,,,Y,,A,1,0,1,2,0,3,0,0,0,0,-,-,,,SHASTA,REDDING,-122.35838992,40.59296991
9119,8532948,2017,2018-01-12,4502,2017-10-18,934,119,,3,5,5,4502,0,0,0,,0,002,HARTNELL AV,CHURN CREEK RD,95.0,E,N,A,-,N,,,,,,,,,,N,4,0,4,2,A,-,9,21804.0,A,N,D,C,A,A,H,-,A,D,0,,,,,Y,,A,1,0,0,4,0,0,0,0,0,0,-,-,,,SHASTA,REDDING,-122.35277796,40.56382
9120,8532952,2017,2018-01-12,4502,2017-10-18,1915,132,4502,3,5,5,4502,0,0,0,,0,001,SHASTA VIEW DR,OLD ALTURAS RD,0.0,,Y,A,-,N,,,,,,,,,,Y,3,0,1,2,A,-,17,21461.0,A,N,A,C,A,A,H,-,C,A,0,,,,,Y,,A,1,0,1,0,0,0,0,0,0,0,-,-,,,SHASTA,REDDING,,
9121,8556616,2017,2018-02-27,4502,2017-12-17,1621,152,,7,5,5,4502,0,0,0,,0,007,N MARKET,TWIN VIEW,0.0,,Y,B,-,N,,,,,,,,,,Y,3,0,3,2,A,-,17,21658.0,,N,D,C,A,A,H,-,A,A,0,,,,,Y,,A,1,0,1,2,0,0,0,0,0,0,-,-,,,SHASTA,REDDING,,
9122,90548952,2017,2017-09-15,9135,2017-09-09,2500,18471,,6,4,9,4500,0,1,3,,2,040,SR-44 E/B FROM VICTOR AVENUE,VICTOR AVE,188.0,E,N,A,-,Y,,,,,,,,,,Y,3,0,1,1,A,-,1,23152.0,A,N,E,I,A,A,H,-,C,D,0,,,,,Y,Y,A,7,0,1,0,0,0,0,0,0,0,-,-,40.57911,-122.33787,SHASTA,UNINCORPORATED,-122.33813727,40.57944297
9123,90592707,2017,2017-11-13,9135,2017-11-03,1050,12142,,5,1,9,4500,0,1,3,,1,606,STATE ROUTE 89,MCARTHUR BURNEY FALLS STATE PARK,650.0,S,N,C,-,Y,,,,,,,,,,Y,3,0,1,1,A,-,8,22107.0,,N,E,I,A,B,H,-,A,D,0,,,,Y,Y,,G,25,0,1,0,0,0,0,0,0,0,-,-,41.00952,-121.64508000000001,SHASTA,UNINCORPORATED,,
9124,8339286,2017,2018-02-12,4700,2017-02-24,640,1574,3D1,5,5,1,4701,0,0,0,,0,,RT 97,W 4TH ST,0.0,,N,B,-,Y,SIS,2.0,97.0,-,-,5.062,H,-,S,Y,3,0,4,2,A,-,3,22350.0,,N,A,C,A,C,H,-,A,A,0,,,,,Y,,-,,0,1,3,0,0,0,0,0,0,-,-,,,SISKIYOU,DORRIS,-122.34529099,41.48025357
9125,8391863,2017,2017-06-20,4708,2017-05-26,940,385,8,5,5,2,4708,0,0,0,,0,1.0,WEED BL,PACIFIC CORP UTILITY POLE #06241005,48.0,N,N,A,-,N,,,,,,,,,,Y,2,0,1,1,A,-,1,23152.0,A,N,E,I,A,A,H,-,A,D,0,,,,,Y,,A,01,1,0,0,0,0,0,0,0,0,-,-,,,SISKIYOU,WEED,,
9126,8396531,2017,2017-06-27,4706,2017-06-15,1013,1102,,4,5,2,4706,0,0,0,,0,,NORTH MOUNT SHASTA BL,CHESTNUT ST,0.0,,Y,A,-,N,,,,,,,,,,N,3,0,1,2,A,-,8,21717.0,,N,B,G,A,A,H,-,A,A,0,,Y,,,Y,,-,,0,1,0,0,0,0,1,0,0,-,-,,,SISKIYOU,MOUNT SHASTA,-122.31831993,41.31891996
9127,90407679,2017,2017-03-07,9145,2017-02-25,1435,13713,,6,2,9,4700,0,1,3,,1,11.0,SR-96,LADD ROAD,3.0,W,N,B,-,Y,,,96.0,,,,,,,Y,3,0,1,1,A,-,1,23152.0,A,N,E,I,A,A,H,-,A,D,0,,,,,Y,Y,A,01,0,1,0,0,0,0,0,0,0,-,-,41.83804,-123.18791,SISKIYOU,UNINCORPORATED,-123.18795617,41.83797181
9128,90479403,2017,2017-06-15,9145,2017-06-07,1630,21593,,3,2,9,4700,0,3,5,,2,5.0,AGER RD,AGER BESWICK RD,3168.0,S,N,A,-,Y,,,,,,,,,,Y,3,0,1,1,A,-,8,22107.0,,N,F,A,A,A,H,-,A,D,0,,,,,Y,Y,D,22,0,1,0,0,0,0,0,0,0,-,-,41.85699,-122.46545,SISKIYOU,UNINCORPORATED,-122.46548215,41.85693724
9129,90491126,2017,2017-06-29,9145,2017-06-22,1425,18726,,4,2,9,4700,0,3,5,,2,2.0,ISLAND ROAD,HOLZHAUSER RD,2640.0,E,N,A,-,N,,,,,,,,,,N,4,0,1,2,D,-,0,,,N,D,C,A,A,H,-,A,D,0,,,,,Y,,-,-,0,0,1,0,0,0,0,0,0,-,-,41.48981,-122.86355,SISKIYOU,UNINCORPORATED,-122.86289362,41.49001808
9130,90572260,2017,2017-10-18,9145,2017-09-22,1145,16707,,5,1,2,4709,0,1,1,,2,71.0,I-5 N/B FROM SR-3 ON RAMP,SR-3,120.0,N,N,A,-,Y,,,5.0,,,,R,,N,Y,2,0,1,1,A,-,1,23152.0,A,N,F,A,A,A,H,-,A,D,0,,,,Y,Y,Y,G,26,1,0,0,0,0,0,0,0,0,-,-,41.739509999999996,-122.62646000000001,SISKIYOU,YREKA,-122.62646000000001,41.739509999999996
9131,90631910,2017,2018-01-03,9146,2017-12-30,1920,19167,,6,2,2,4706,0,1,1,,2,11.0,I-5 N/B,LAKE ST. OC,800.0,S,N,A,-,Y,,,5.0,,,,,,N,Y,3,0,1,1,A,-,8,22107.0,,N,E,I,A,A,H,-,C,D,0,,,,,Y,,A,01,0,1,0,0,0,0,0,0,0,-,-,41.30762,-122.31826000000001,SISKIYOU,MOUNT SHASTA,-122.31854035,41.30746729999999
9132,90481291,2017,2017-06-19,9365,2017-06-02,2020,019720,,5,2,9,4800,0,1,1,,2,081,I-80 WESTBOUND TO TENNESSEE ST.,TENNESSEE ST,278.0,S,N,A,-,Y,,,,,,,,,,Y,2,0,2,1,A,-,1,23152.0,A,N,E,I,A,A,H,-,B,D,0,,,,,Y,Y,A,01,1,0,1,0,0,0,0,0,0,-,-,38.1105,-122.23021000000001,SOLANO,UNINCORPORATED,-122.22971367,38.10888667
9133,90471339,2017,2017-06-05,9365,2017-05-20,1135,017559,,6,1,9,4800,0,1,3,,2,113,SR-113 S/B,HASTINGS RD,0.0,,Y,A,-,Y,,,113.0,,,,,,S,Y,4,0,1,1,A,-,3,22350.0,,N,F,A,A,A,H,-,A,D,0,,,Y,,Y,,C,02,0,0,1,0,0,0,0,0,1,-,-,38.28552,-121.80538999999999,SOLANO,UNINCORPORATED,-121.80551386,38.2853037
9134,90466056,2017,2017-05-29,9365,2017-05-03,1335,019051,,3,1,9,4800,0,3,5,,2,020,ABERNATHY RD,CHADBOURNE ROAD,0.0,,Y,A,-,N,,,,,,,,,,Y,3,0,3,2,C,-,18,,,N,A,C,A,A,H,-,A,D,0,,,,,Y,,-,-,0,3,0,0,0,0,0,0,0,-,-,38.243790000000004,-122.09018999999999,SOLANO,UNINCORPORATED,,
9135,90457783,2017,2017-05-17,9365,2017-05-07,1615,020432,,7,2,9,4800,0,1,A,,2,030,HARTLEY RD,UDELL RD,1901.0,S,N,A,-,N,,,,,,,,,,Y,2,0,1,2,A,-,3,22350.0,,N,D,C,A,A,H,-,A,D,0,,,Y,,Y,,C,02,1,0,0,0,0,0,0,0,1,-,-,38.42969,-121.94321000000001,SOLANO,UNINCORPORATED,-121.94312875,38.42971869
9136,90438709,2017,2017-04-20,9365,2017-04-13,1700,019720,,4,2,9,4800,0,3,5,,2,020,SUISUN VALLEY RD,NAPA COUNTY LINE,1584.0,S,N,A,-,N,,,,,,,,,,Y,3,0,1,1,A,-,3,22350.0,,N,F,A,A,A,H,-,A,D,0,,,,,Y,,A,01,0,1,0,0,0,0,0,0,0,-,-,38.31343,-122.12964,SOLANO,UNINCORPORATED,,