,CASE_ID,ACCIDENT_YEAR,PROC_DATE,JURIS,COLLISION_DATE,COLLISION_TIME,OFFICER_ID,REPORTING_DISTRICT,DAY_OF_WEEK,CHP_SHIFT,POPULATION,CNTY_CITY_LOC,SPECIAL_COND,BEAT_TYPE,CHP_BEAT_TYPE,CITY_DIVISION_LAPD,CHP_BEAT_CLASS,BEAT_NUMBER,PRIMARY_RD,SECONDARY_RD,DISTANCE,DIRECTION,INTERSECTION,WEATHER_1,WEATHER_2,STATE_HWY_IND,CALTRANS_COUNTY,CALTRANS_DISTRICT,STATE_ROUTE,ROUTE_SUFFIX,POSTMILE_PREFIX,POSTMILE,LOCATION_TYPE,RAMP_INTERSECTION,SIDE_OF_HWY,TOW_AWAY,COLLISION_SEVERITY,NUMBER_KILLED,NUMBER_INJURED,PARTY_COUNT,PRIMARY_COLL_FACTOR,PCF_CODE_OF_VIOL,PCF_VIOL_CATEGORY,PCF_VIOLATION,PCF_VIOL_SUBSECTION,HIT_AND_RUN,TYPE_OF_COLLISION,MVIW,PED_ACTION,ROAD_SURFACE,ROAD_COND_1,ROAD_COND_2,LIGHTING,CONTROL_DEVICE,CHP_ROAD_TYPE,PEDESTRIAN_ACCIDENT,BICYCLE_ACCIDENT,MOTORCYCLE_ACCIDENT,TRUCK_ACCIDENT,NOT_PRIVATE_PROPERTY,ALCOHOL_INVOLVED,STWD_VEHTYPE_AT_FAULT,CHP_VEHTYPE_AT_FAULT,COUNT_SEVERE_INJ,COUNT_VISIBLE_INJ,COUNT_COMPLAINT_PAIN,COUNT_PED_KILLED,COUNT_PED_INJURED,COUNT_BICYCLIST_KILLED,COUNT_BICYCLIST_INJURED,COUNT_MC_KILLED,COUNT_MC_INJURED,PRIMARY_RAMP,SECONDARY_RAMP,LATITUDE,LONGITUDE,COUNTY,CITY,POINT_X,POINT_Y
9382,8491687,2017,2017-12-05,5002,2017-11-07,739,11773,M079,2,5,6,5002,0,0,0,,0,062,PRESCOTT RD,MT VERNON RD,0.0,,Y,A,-,N,,,,,,,,,,N,4,0,2,2,A,-,09,21802.0,A,N,D,C,A,A,H,-,A,A,0,,,,,Y,,A,,0,0,2,0,0,0,0,0,0,-,-,,,STANISLAUS,MODESTO,-121.03130990000001,37.6735999
9383,8491505,2017,2017-12-05,5002,2017-08-29,1400,BOYLE,,2,5,6,5002,0,0,0,,0,043,EDENTON WY,CREEKWOOD DR,0.0,,Y,A,-,N,,,,,,,,,,N,4,0,1,2,A,-,05,21650.0,1,N,D,G,A,A,H,-,A,A,0,,Y,,,Y,,L,04,0,0,1,0,0,0,1,0,0,-,-,,,STANISLAUS,MODESTO,-120.92616993,37.64722989
9384,8490333,2017,2017-11-28,5002,2017-10-23,758,13066,,1,5,6,5002,0,0,0,,0,062,S CARVER,W BRIGGSMORE,0.0,,Y,A,-,N,,,,,,,,,,N,3,0,1,2,A,-,08,22107.0,,F,D,G,A,A,H,-,A,A,0,,Y,,,Y,,D,,0,1,0,0,0,0,1,0,0,-,-,,,STANISLAUS,MODESTO,-121.0221399,37.67148995
9385,8488072,2017,2017-11-15,5007,2017-10-19,2110,5769,,4,5,5,5007,0,0,0,,0,004,TAYLOR RD,NORTH WALNUT RD,0.0,,Y,A,-,N,,,,,,,,,,,4,0,2,3,A,-,03,22350.0,,N,C,C,A,A,H,-,-,A,0,,,,,Y,,A,01,0,0,2,0,0,0,0,0,0,-,-,,,STANISLAUS,TURLOCK,-120.86672999,37.53667992
9386,8486296,2017,2018-06-05,5002,2017-10-13,1640,11765,M055,5,5,6,5002,0,0,0,,0,083,MCHENRY AV,SYLVAN AV,650.0,S,N,A,-,Y,STA,10.0,108.0,-,-,25.94,H,-,E,Y,2,0,3,2,A,-,08,22107.0,,N,C,C,A,A,H,-,A,D,0,,,,,Y,,A,01,3,0,0,0,0,0,0,0,0,-,-,,,STANISLAUS,MODESTO,-120.99437003,37.68714766
9387,8485383,2017,2017-12-19,5002,2017-11-06,1436,13075,145,1,5,6,5002,0,0,0,,0,072,COFFEE RD,CELESTE DR,0.0,,Y,A,-,N,,,,,,,,,,N,4,0,1,2,A,-,05,21650.0,,N,D,G,A,A,H,-,A,A,0,,Y,,,Y,,L,,0,0,1,0,0,0,1,0,0,-,-,,,STANISLAUS,MODESTO,-120.97572996,37.67184999
9388,8483543,2017,2017-11-07,5007,2017-10-02,802,5777,,1,5,5,5007,0,0,0,,0,001,GEER RD,CHRISTOFFERSEN PKWY,13.0,S,N,A,-,N,,,,,,,,,,N,4,0,1,2,D,-,00,,,N,D,G,A,A,H,-,A,A,0,,Y,,,Y,,-,-,0,0,1,0,0,0,1,0,0,-,-,,,STANISLAUS,TURLOCK,-120.84908,37.529354299999994
9389,8479513,2017,2017-10-31,5001,2017-10-18,741,704,S7,3,5,4,5001,0,0,0,,0,001,HATCH RD,CENTRAL AV,0.0,,Y,A,-,N,,,,,,,,,,Y,3,0,2,2,A,-,08,22100.0,,N,B,C,A,A,C,-,A,A,0,,,,,Y,,A,01,0,1,1,0,0,0,0,0,0,-,-,37.60924,-120.95705,STANISLAUS,CERES,-120.95708996,37.6092399
9390,8479271,2017,2017-10-27,5002,2017-10-11,2316,11209,M558,3,5,6,5002,0,0,0,,0,031,HATCH RD,USTICK RD,0.0,,Y,A,-,N,,,,,,,,,,Y,3,0,1,2,A,-,12,21453.0,A,F,-,C,A,A,H,-,C,A,0,,,,,Y,,A,,0,1,0,0,0,0,0,0,0,-,-,,,STANISLAUS,MODESTO,-121.01176998,37.60641994
9391,8479268,2017,2017-11-13,5002,2017-10-20,2332,11861,M350,5,5,6,5002,0,0,0,,0,033,CARPENTER RD,KANSAS AV,5.0,S,N,A,-,N,,,,,,,,,,Y,4,0,1,2,D,-,00,,,N,D,C,A,A,H,-,C,A,0,,,,,Y,,-,-,0,0,1,0,0,0,0,0,0,-,-,,,STANISLAUS,MODESTO,-121.03029936,37.64597628
9392,8479267,2017,2017-10-27,5002,2017-10-12,1150,10152,284,4,5,6,5002,0,0,0,,0,071,COFFEE RD,EAST ORANGEBURG AV,0.0,,Y,A,-,N,,,,,,,,,,Y,4,0,1,4,A,-,08,22107.0,,N,D,C,A,A,H,-,A,A,0,,,,,Y,,A,,0,0,1,0,0,0,0,0,0,-,-,,,STANISLAUS,MODESTO,-120.97567998,37.66354996
9393,8479255,2017,2017-10-27,5002,2017-10-13,1351,11790,M271,5,5,6,5002,0,0,0,,0,081,COFFEE RD,LUCERN AV,0.0,,Y,A,-,N,,,,,,,,,,Y,4,0,2,2,A,-,04,21703.0,,N,C,C,A,A,H,-,A,A,0,,,,,Y,,A,,0,0,2,0,0,0,0,0,0,-,-,,,STANISLAUS,MODESTO,-120.9755699,37.65269988
9394,8479220,2017,2017-10-30,5002,2017-10-17,1541,11310,349,2,5,6,5002,0,0,0,,0,041,H ST,15TH ST,0.0,,Y,A,-,N,,,,,,,,,,Y,4,0,2,2,A,-,09,21802.0,A,N,D,C,A,A,H,-,A,A,0,,,,,Y,,A,,0,0,2,0,0,0,0,0,0,-,-,,,STANISLAUS,MODESTO,-120.99319997,37.64217991
9395,8476740,2017,2017-10-23,5001,2017-10-11,1500,827,C002,3,5,4,5001,0,0,0,,0,005,EAST WHITMORE AV,3RD ST,15.0,W,N,A,-,N,,,,,,,,,,N,4,0,1,2,A,-,10,21950.0,A,N,G,B,B,A,H,-,A,A,0,Y,,,,Y,,A,01,0,0,1,0,1,0,0,0,0,-,-,37.59455,-120.95407,STANISLAUS,CERES,-120.95461177,37.594770000000004
9396,8476312,2017,2017-11-02,5002,2017-10-13,1327,10751,,5,5,6,5002,0,0,0,,0,061,CARVERWOOD DR,TEAKWOOD DR,0.0,,Y,A,-,N,,,,,,,,,,Y,4,0,1,2,A,-,08,22107.0,,N,D,C,A,A,H,-,A,D,0,,,,,Y,,A,,0,0,1,0,0,0,0,0,0,-,-,,,STANISLAUS,MODESTO,-121.01966986,37.67030997
9397,8474025,2017,2018-06-05,5002,2017-10-05,2145,11742,M180,4,5,6,5002,0,0,0,,0,061,CARPENTER RD,RT 99,0.0,,Y,A,-,Y,STA,10.0,99.0,-,M,18.375999999999998,R,1,N,N,3,0,1,2,A,-,12,21453.0,A,F,D,B,B,A,D,-,C,A,0,Y,,,,Y,,A,,0,1,0,0,1,0,0,0,0,-,NF,,,STANISLAUS,MODESTO,-121.02938941,37.66487472
9398,8474022,2017,2018-07-05,5002,2017-10-17,801,13113,465,2,5,6,5002,0,0,0,,0,042,RT 132,SANTA RITA,0.0,,Y,A,-,Y,STA,10.0,132.0,-,-,16.005,I,5,E,N,4,0,1,2,A,-,05,21650.0,1,N,D,G,A,A,H,-,A,D,0,,Y,,,Y,,L,,0,0,1,0,0,0,1,0,0,-,-,,,STANISLAUS,MODESTO,-120.97779443,37.63821659
9399,8473081,2017,2018-06-05,5006,2017-10-04,1138,S987,MODES,3,5,3,5006,0,0,0,,0,,RT 108,OAKDALE RD,563.0,E,N,A,-,Y,STA,10.0,108.0,-,-,31.16,H,-,E,N,3,0,1,2,A,-,09,21804.0,A,N,B,G,A,A,H,-,A,A,0,,Y,,,Y,,L,04,0,1,0,0,0,0,1,0,0,-,-,,,STANISLAUS,RIVERBANK,-120.95679882,37.73264634
9400,8471929,2017,2018-07-09,5002,2017-09-22,2012,11861,237,5,5,6,5002,0,0,0,,0,081,RT 108,STODDARD AV,0.0,,Y,A,-,Y,STA,10.0,108.0,-,-,23.31,I,5,W,N,4,0,2,2,A,-,08,22107.0,,F,F,C,A,A,H,-,C,D,0,,,,,Y,,A,,0,0,2,0,0,0,0,0,0,-,-,,,STANISLAUS,MODESTO,-120.99374616,37.6490727
9401,8466409,2017,2017-10-10,5002,2017-09-16,2133,11765,120,6,5,6,5002,0,0,0,,0,082,BRIGGSMORE AV,SUNRISE AV,60.0,W,N,A,-,N,,,,,,,,,,Y,3,0,2,2,A,-,09,21453.0,B,N,C,C,A,A,H,-,C,A,0,,,,,Y,,A,,0,1,1,0,0,0,0,0,0,-,-,,,STANISLAUS,MODESTO,-120.98507466,37.66867663
9402,8466146,2017,2017-10-05,5002,2017-09-09,2030,11795,M0,6,5,6,5002,0,0,0,,0,0G2,ORANGEBURG AV,BRIGGSMORE AV,62.0,S,N,A,-,N,,,,,,,,,,Y,4,0,1,2,A,-,01,23152.0,A,N,A,C,A,A,H,-,A,A,0,,,,,Y,Y,-,,0,0,1,0,0,0,0,0,0,-,-,,,STANISLAUS,MODESTO,-121.03138,37.667790000000004
9403,8466138,2017,2017-10-05,5002,2017-09-03,2014,11797,M414,7,5,6,5002,0,0,0,,0,041,J ST,10TH ST,0.0,,Y,A,-,N,,,,,,,,,,N,4,0,1,2,A,-,10,21950.0,A,F,G,B,-,A,H,-,A,A,0,Y,,,,Y,,-,,0,0,1,0,1,0,0,0,0,-,-,,,STANISLAUS,MODESTO,-121.00029991,37.64049998
9404,8466137,2017,2017-10-10,5002,2017-09-10,2028,11857,396,7,5,6,5002,0,0,0,,0,041,H ST,17TH ST,92.0,,N,A,-,N,,,,,,,,,,Y,4,0,2,2,A,-,03,22350.0,,N,C,C,A,A,H,-,C,A,0,,,,,Y,,-,,0,0,2,0,0,0,0,0,0,-,-,,,STANISLAUS,MODESTO,-120.99137993,37.6435799
9405,8466117,2017,2017-10-10,5002,2017-09-16,1910,11765,120,6,5,6,5002,0,0,0,,0,082,BRIGGSMORE AV,ALOHA WY,134.0,E,N,A,-,N,,,,,,,,,,N,3,0,2,3,A,-,05,21650.0,1,N,D,G,A,A,H,-,B,D,0,,Y,,,Y,,-,-,0,2,0,0,0,0,2,0,0,-,-,,,STANISLAUS,MODESTO,-120.99627722,37.67054
9406,8465196,2017,2017-11-22,5002,2017-09-27,1530,13060,415,3,5,6,5002,0,0,0,,0,041,H ST,10TH ST,0.0,,Y,A,-,N,,,,,,,,,,N,4,0,1,2,A,-,10,21950.0,A,N,G,B,B,A,H,-,A,A,0,Y,,,,Y,,D,,0,0,1,0,1,0,0,0,0,-,-,,,STANISLAUS,MODESTO,-120.99799992,37.63855993
9407,8465083,2017,2017-11-13,5002,2017-09-23,1053,11807,255,6,5,6,5002,0,0,0,,0,082,EAST ORANGEBURG AV,SUNRISE AV,0.0,,Y,A,-,N,,,,,,,,,,N,3,0,1,2,A,-,05,21650.0,1,N,B,G,A,A,H,-,A,A,0,,Y,,,Y,,L,,0,1,0,0,0,0,1,0,0,-,-,,,STANISLAUS,MODESTO,-120.98481995,37.66361996
9408,8452453,2017,2017-09-21,5002,2017-09-06,1740,11478,M309,3,5,6,5002,0,0,0,,0,042,EL VISTA AV,SCENIC DR,51.0,S,N,A,-,N,,,,,,,,,,Y,2,0,2,5,A,-,01,23152.0,,F,D,C,A,A,H,-,A,A,0,,,,,Y,Y,A,,1,0,1,0,0,0,0,0,0,-,-,,,STANISLAUS,MODESTO,-120.95738736,37.65292996
9409,8452449,2017,2017-09-21,5002,2017-09-06,1532,11248,554,3,5,6,5002,0,0,0,,0,031,MONTICELLO LN,HATCH RD,4.0,N,N,A,-,N,,,,,,,,,,N,3,0,1,2,A,-,05,21650.0,,N,D,G,A,A,H,-,A,D,0,,Y,,,Y,,L,,0,1,0,0,0,0,1,0,0,-,-,,,STANISLAUS,MODESTO,-121.02546000000001,37.60604
9410,8452310,2017,2018-06-11,5004,2017-07-26,0,187,RD35,3,5,3,5004,0,0,0,,0,00W,WEST F ST,SCHOOL AV,144.0,W,N,A,-,Y,STA,10.0,108.0,-,-,37.5,H,-,W,N,3,0,1,2,A,-,03,22350.0,,N,D,C,A,A,H,-,A,D,0,,,,,Y,,-,,0,1,0,0,0,0,0,0,0,-,-,37.76202,-120.85914,STANISLAUS,OAKDALE,-120.85900311,37.76155549
9411,8451013,2017,2017-10-16,5002,2017-08-27,1057,11334,M866,7,5,6,5002,0,0,0,,0,081,W ORANGEBURG,ROOSEVELT DR,75.0,W,N,A,-,N,,,,,,,,,,Y,4,0,1,2,A,-,08,22107.0,,N,D,C,A,A,H,-,A,D,0,,,,,Y,,A,,0,0,1,0,0,0,0,0,0,-,-,,,STANISLAUS,MODESTO,-121.00269898,37.66384617
9412,8446818,2017,2017-09-13,5002,2017-08-26,650,13104,723,6,5,6,5002,0,0,0,,0,071,LAKEWOOD AV,SCENIC DR,3.0,N,N,A,-,N,,,,,,,,,,N,4,0,1,2,A,-,12,22450.0,A,N,D,G,A,A,H,-,A,A,0,,Y,,,Y,,A,,0,0,1,0,0,0,1,0,0,-,-,,,STANISLAUS,MODESTO,-120.93922019,37.65503824
9413,8443501,2017,2017-09-07,5002,2017-08-24,320,10111,,4,5,6,5002,0,0,0,,0,061,RAVEL WY,POUST RD,27.0,W,N,A,-,N,,,,,,,,,,Y,3,0,1,2,A,-,01,23152.0,A,N,A,E,A,A,H,-,C,D,0,,,,,Y,Y,-,,0,1,0,0,0,0,0,0,0,-,-,,,STANISLAUS,MODESTO,-121.04494326,37.66150892
9414,8443034,2017,2017-09-06,5006,2017-08-15,1452,S987,MODES,2,5,3,5006,0,0,0,,0,,CLAUS RD,TOWNSEND AV,0.0,,Y,-,-,N,,,,,,,,,,Y,4,0,2,2,A,-,09,21801.0,A,N,D,C,A,A,H,-,A,A,0,,,,,Y,,A,01,0,0,2,0,0,0,0,0,0,-,-,,,STANISLAUS,RIVERBANK,-120.92199993,37.72266993
9415,8441834,2017,2017-09-18,5002,2017-08-31,1156,11606,,4,5,6,5002,0,0,0,,0,062,BRIGGSMORE AV,CARVER RD,0.0,,Y,A,-,N,,,,,,,,,,Y,4,0,1,2,A,-,03,22350.0,,N,C,C,A,A,H,-,A,A,0,,,,,Y,,A,,0,0,1,0,0,0,0,0,0,-,-,,,STANISLAUS,MODESTO,-121.0221399,37.67148995
9416,8441314,2017,2017-10-09,5007,2017-08-13,1625,5768,STANI,7,5,5,5007,0,0,0,,0,004,COUNTRYSIDE DR,EAST TUOLUMNE RD,0.0,,Y,A,-,N,,,,,,,,,,Y,4,0,1,2,A,-,08,22107.0,,F,A,C,A,A,H,-,A,A,0,,,,,Y,,A,07,0,0,1,0,0,0,0,0,0,-,-,,,STANISLAUS,TURLOCK,-120.87800989,37.51455998
9417,8436121,2017,2017-09-29,5002,2017-08-30,1603,461,B204,3,5,6,5002,0,0,0,,0,003,EAST HATCH RD,ANGIE AV,0.0,,Y,A,-,N,,,,,,,,,,Y,4,0,1,2,A,-,08,22107.0,,N,D,C,A,A,H,-,A,D,0,,,,,Y,,D,22,0,0,1,0,0,0,0,0,0,-,-,37.60931,-120.94013000000001,STANISLAUS,MODESTO,-120.94015988,37.60931996
9418,8435830,2017,2017-08-29,5002,2017-08-09,1240,13067,,3,5,6,5002,0,0,0,,0,063,PELANDALE AV,GALLEGOS DR,85.0,E,N,A,-,N,,,,,,,,,,N,4,0,1,2,A,-,08,22100.0,A,N,B,C,A,A,H,-,A,D,0,,,,,Y,,A,,0,0,1,0,0,0,0,0,0,-,-,,,STANISLAUS,MODESTO,,
9419,8432029,2017,2017-08-21,5002,2017-08-03,1252,10507,M168,4,5,6,5002,0,0,0,,0,061,POUST RD,BLUE GUM AV,48.0,N,N,A,B,N,,,,,,,,,,Y,3,0,1,2,A,-,08,22107.0,,N,A,C,A,A,H,-,A,A,0,,,,,Y,,A,,0,1,0,0,0,0,0,0,0,-,-,,,STANISLAUS,MODESTO,-121.04483227,37.66048181
9420,8431707,2017,2017-09-27,5002,2017-08-28,1056,11084,M180,1,5,6,5002,0,0,0,,0,061,CARVER RD,PRINCETON AV,0.0,,Y,A,-,N,,,,,,,,,,N,3,0,1,2,A,-,05,21650.0,,N,D,G,A,A,H,-,A,D,0,,Y,,,Y,,L,,0,1,0,0,0,0,1,0,0,-,-,,,STANISLAUS,MODESTO,-121.02192990000002,37.65685998
9421,8417120,2017,2017-07-31,5001,2017-07-24,1901,747,A201,1,5,4,5001,0,0,0,,0,001,HATCH RD,MOFFETT,0.0,,Y,A,-,N,,,,,,,,,,Y,4,0,3,2,A,-,08,22107.0,,N,D,C,A,A,H,-,A,A,0,,,,,Y,,A,01,0,0,3,0,0,0,0,0,0,-,-,37.60929,-120.94791000000001,STANISLAUS,CERES,-120.94790988,37.6092799
9422,8412914,2017,2017-09-06,5001,2017-08-26,1358,340,B102,6,5,4,5001,0,0,0,,0,003,MITCHELL RD,ROSEWOOD AV,0.0,,Y,A,-,N,,,,,,,,,,Y,3,0,2,2,A,-,08,22107.0,,N,D,C,A,A,H,-,A,A,0,,,,,Y,,A,07,0,1,1,0,0,0,0,0,0,-,-,37.60604,-120.93871000000001,STANISLAUS,CERES,-120.93873998,37.60598996
9423,8411755,2017,2017-07-28,5007,2017-06-25,341,5743,5007,7,5,5,5007,0,0,0,,0,001,PEDRAS RD,GEER RD,17.0,W,N,A,-,N,,,,,,,,,,Y,3,0,1,1,A,-,08,22107.0,,M,E,I,A,A,H,-,C,A,0,,,,,Y,Y,-,,0,1,0,0,0,0,0,0,0,-,-,,,STANISLAUS,TURLOCK,-120.8490386,37.51089068
9424,8411122,2017,2017-07-31,5002,2017-06-15,1803,11402,M005,4,5,6,5002,0,0,0,,0,063,STANDIFORD AV,HAHN DR,0.0,,Y,A,-,N,,,,,,,,,,Y,4,0,1,2,A,-,03,22350.0,,N,C,C,A,A,H,-,A,A,0,,,,,Y,,D,,0,0,1,0,0,0,0,0,0,-,-,,,STANISLAUS,MODESTO,-121.04522993,37.68557999
9425,8410531,2017,2018-06-11,5007,2017-07-11,1343,5697,,2,5,5,5007,0,0,0,,0,002,LANDER AV,RT 99,0.0,,Y,A,-,Y,STA,10.0,99.0,-,R,1.841,R,4,S,N,3,0,1,2,A,-,05,21202.0,A,N,D,G,A,A,H,-,A,A,0,,Y,,,Y,Y,L,04,0,1,0,0,0,0,1,0,0,-,SF,,,STANISLAUS,TURLOCK,-120.85235420000001,37.47506573
9426,8407054,2017,2018-06-11,5002,2017-07-13,1943,11765,110,4,5,6,5002,0,0,0,,0,082,RT 108,FLOYD AV,0.0,,Y,A,-,Y,STA,10.0,108.0,-,-,25.32,I,5,E,N,3,0,1,2,A,-,01,23152.0,A,N,D,C,A,A,H,-,A,A,0,,,,,Y,Y,A,,0,1,0,0,0,0,0,0,0,-,-,,,STANISLAUS,MODESTO,-120.99423614,37.6780188
9427,8403821,2017,2017-07-13,5002,2017-06-30,1023,13064,M098,5,5,6,5002,0,0,0,,0,083,SYLVAN MEADOWS DR,FOUNTAIN WY,9.0,E,N,A,-,N,,,,,,,,,,Y,4,0,2,2,A,-,09,21802.0,A,N,C,C,A,A,H,-,A,D,0,,,,,Y,,A,,0,0,2,0,0,0,0,0,0,-,-,,,STANISLAUS,MODESTO,-120.9769389,37.69132963
9428,8403600,2017,2017-07-12,5002,2017-06-22,1915,11530,410,4,5,6,5002,0,0,0,,0,041,H ST,NORTH 9TH ST,0.0,,Y,A,-,N,,,,,,,,,,N,3,0,1,2,A,-,05,21650.0,1,N,B,B,A,A,H,-,A,A,0,,Y,,,Y,,A,,0,1,0,0,0,0,1,0,0,-,-,,,STANISLAUS,MODESTO,-120.99898995,37.63780989
9429,8403560,2017,2017-07-12,5002,2017-06-27,923,13018,,2,5,6,5002,0,0,0,,0,071,COFFEE RD,SCENIC DR,6.0,N,N,A,-,N,,,,,,,,,,N,3,0,1,2,A,-,10,21950.0,A,N,G,B,A,A,H,-,A,A,0,,,,,Y,,D,,0,1,0,0,0,0,0,0,0,-,-,,,STANISLAUS,MODESTO,-120.97551045,37.64903647
9430,8403544,2017,2017-07-12,5002,2017-06-25,1954,11855,101,7,5,6,5002,0,0,0,,0,073,HASHEM DR,EAST RUMBLE RD,0.0,,Y,A,-,N,,,,,,,,,,N,3,0,1,2,A,-,12,22450.0,,N,D,G,A,A,H,-,B,A,0,,Y,,,Y,,L,,0,1,0,0,0,0,1,0,0,-,-,,,STANISLAUS,MODESTO,-120.96266998,37.68166995
9431,8403439,2017,2017-07-12,5002,2017-07-02,211,13075,558,7,5,6,5002,0,0,0,,0,031,HATCH RD,USTICK RD,0.0,,Y,A,-,N,,,,,,,,,,N,4,0,1,2,A,-,09,21453.0,B,N,C,C,A,A,H,-,C,A,0,,,Y,,Y,,A,,0,0,1,0,0,0,0,0,1,-,-,,,STANISLAUS,MODESTO,-121.01176998,37.60641994
9432,8403372,2017,2017-07-12,5002,2017-07-04,118,11247,580,2,5,6,5002,0,0,0,,0,071,CLAUS,BRIGGSMORE,5.0,S,N,A,-,N,,,,,,,,,,Y,4,0,1,2,A,-,08,22107.0,,N,D,C,A,A,H,-,C,A,0,,,,,Y,,E,,0,0,1,0,0,0,0,0,0,-,-,,,STANISLAUS,MODESTO,-120.92128999999998,37.66688627
9433,8402478,2017,2017-07-17,5007,2017-06-07,1042,5505,TURLO,3,5,5,5007,0,0,0,,0,002,GOLDEN STATE,EAST OLIVE AV,114.0,N,N,-,-,N,,,,,,,,,,N,4,0,1,2,A,-,08,22107.0,,N,C,C,A,A,H,-,-,A,0,,,,,Y,,A,07,0,0,1,0,0,0,0,0,0,-,-,,,STANISLAUS,TURLOCK,-120.84710923,37.49564199
9434,8402254,2017,2017-07-19,5007,2017-06-05,651,5769,,1,5,5,5007,0,0,0,,0,004,DREW AV,PEDRAS RD,0.0,,Y,A,-,N,,,,,,,,,,N,3,0,1,2,A,-,05,21650.0,1,N,D,G,A,A,H,-,A,A,0,,Y,,,Y,,L,04,0,1,0,0,0,0,1,0,0,-,-,,,STANISLAUS,TURLOCK,-120.85276999,37.51092992
9435,8402240,2017,2017-07-17,5007,2017-06-29,1118,5769,,4,5,5,5007,0,0,0,,0,001,GEER RD,PEDRAS RD,135.0,N,N,A,-,N,,,,,,,,,,N,4,0,1,2,A,-,05,21650.0,1,N,D,G,A,A,H,-,A,D,0,,Y,,,Y,,L,04,0,0,1,0,0,0,1,0,0,-,-,,,STANISLAUS,TURLOCK,-120.84897601,37.51126071
9436,8402224,2017,2017-07-17,5007,2017-06-02,1743,5755,,5,5,5,5007,0,0,0,,0,004,WEST TUOLUMNE RD,GEER RD,390.0,W,N,A,-,N,,,,,,,,,,Y,3,0,1,1,A,-,08,22107.0,,N,E,I,A,A,H,-,A,D,0,,,,,Y,,A,01,0,1,0,0,0,0,0,0,0,-,-,,,STANISLAUS,TURLOCK,-120.85031436,37.51460696
9437,8400253,2017,2017-06-30,5002,2017-06-23,1108,10751,,5,5,6,5002,0,0,0,,0,081,COLLEGE AV,MORRIS AV,0.0,,Y,A,-,N,,,,,,,,,,N,4,0,2,2,A,-,09,21802.0,A,N,D,C,A,A,H,-,A,A,0,,,,,Y,,A,,0,0,2,0,0,0,0,0,0,-,-,,,STANISLAUS,MODESTO,-121.00744986,37.65128992
9438,8400232,2017,2017-07-14,5002,2017-06-10,1358,11808,961,6,5,6,5002,0,0,0,,0,032,TUOLUMNE BL,ROSEMONT AV,0.0,,Y,A,-,N,,,,,,,,,,N,3,0,1,2,A,-,10,21950.0,A,N,G,B,B,A,H,-,A,A,0,Y,,,,Y,,-,,0,1,0,0,1,0,0,0,0,-,-,,,STANISLAUS,MODESTO,-121.00379992,37.62782998
9439,8400212,2017,2017-07-14,5002,2017-06-14,1258,11813,015,3,5,6,5002,0,0,0,,0,062,PRESCOTT RD,SHELDON DR,0.0,,Y,A,-,N,,,,,,,,,,N,3,0,1,2,A,-,08,22107.0,,N,D,G,A,A,H,-,A,D,0,,Y,,,Y,,L,04,0,1,0,0,0,0,1,0,0,-,-,,,STANISLAUS,MODESTO,-121.03147991,37.68448
9440,8397420,2017,2017-06-27,5002,2017-06-17,1154,10507,419,6,5,6,5002,0,0,0,,0,041,6TH ST,I ST,0.0,,Y,A,-,N,,,,,,,,,,Y,4,0,1,2,A,-,12,21453.0,A,N,D,C,A,A,H,-,A,A,0,,,,,Y,,-,,0,0,1,0,0,0,0,0,0,-,-,,,STANISLAUS,MODESTO,-121.00297987,37.63664998
9441,8386993,2017,2018-04-20,5002,2017-06-29,1645,11862,055,4,5,6,5002,0,0,0,,0,083,RT 108-MCHENRY AV,SYLVAN AV,825.0,S,N,A,-,Y,STA,10.0,108.0,-,-,25.89,H,-,W,N,4,0,1,2,A,-,04,21703.0,,N,C,C,A,A,H,-,A,A,0,,,,,Y,,A,,0,0,1,0,0,0,0,0,0,-,-,,,STANISLAUS,MODESTO,-120.99426426,37.68641103
9442,8385512,2017,2017-07-07,5002,2017-06-23,1605,13039,M215,5,5,6,5002,0,0,0,,0,082,WEST ORANGEBURG AV,SYCAMORE AV,0.0,,Y,A,-,N,,,,,,,,,,Y,4,0,2,2,A,-,09,21804.0,A,N,D,C,A,A,H,-,A,D,0,,,,,Y,,A,,0,0,2,0,0,0,0,0,0,-,-,,,STANISLAUS,MODESTO,-120.99791992,37.66375995
9443,8385504,2017,2017-07-07,5002,2017-06-02,1827,11026,537,5,5,6,5002,0,0,0,,0,063,BLUEBIRD DR,PELANDALE AV,0.0,,Y,A,-,N,,,,,,,,,,N,4,0,4,2,A,-,01,23152.0,A,F,D,C,A,A,H,-,A,D,0,,,,,Y,Y,E,,0,0,4,0,0,0,0,0,0,-,-,,,STANISLAUS,MODESTO,-121.05869986,37.70017998
9444,8383846,2017,2017-06-08,5002,2017-05-25,711,13040,M135,4,5,6,5002,0,0,0,,0,073,COFFEE RD,SYLVAN AV,0.0,,Y,A,-,N,,,,,,,,,,N,3,0,1,2,A,-,08,22107.0,,N,D,G,A,A,H,-,A,A,0,,Y,,,Y,,A,,0,1,0,0,0,0,1,0,0,-,-,,,STANISLAUS,MODESTO,-120.97608991,37.68889997
9445,8382065,2017,2018-04-10,5004,2017-04-17,1231,187,RD28,1,5,3,5004,0,0,0,,0,00E,JOHNSON AV,RT 120,0.0,,Y,B,-,Y,STA,10.0,120.0,-,-,5.64,I,6,W,N,4,0,1,2,A,-,10,21950.0,A,N,G,B,B,A,H,-,A,A,0,Y,,,,Y,,D,22,0,0,1,0,1,0,0,0,0,-,-,37.76985,-120.83828000000001,STANISLAUS,OAKDALE,-120.83828897,37.76986206