,CASE_ID,ACCIDENT_YEAR,PROC_DATE,JURIS,COLLISION_DATE,COLLISION_TIME,OFFICER_ID,REPORTING_DISTRICT,DAY_OF_WEEK,CHP_SHIFT,POPULATION,CNTY_CITY_LOC,SPECIAL_COND,BEAT_TYPE,CHP_BEAT_TYPE,CITY_DIVISION_LAPD,CHP_BEAT_CLASS,BEAT_NUMBER,PRIMARY_RD,SECONDARY_RD,DISTANCE,DIRECTION,INTERSECTION,WEATHER_1,WEATHER_2,STATE_HWY_IND,CALTRANS_COUNTY,CALTRANS_DISTRICT,STATE_ROUTE,ROUTE_SUFFIX,POSTMILE_PREFIX,POSTMILE,LOCATION_TYPE,RAMP_INTERSECTION,SIDE_OF_HWY,TOW_AWAY,COLLISION_SEVERITY,NUMBER_KILLED,NUMBER_INJURED,PARTY_COUNT,PRIMARY_COLL_FACTOR,PCF_CODE_OF_VIOL,PCF_VIOL_CATEGORY,PCF_VIOLATION,PCF_VIOL_SUBSECTION,HIT_AND_RUN,TYPE_OF_COLLISION,MVIW,PED_ACTION,ROAD_SURFACE,ROAD_COND_1,ROAD_COND_2,LIGHTING,CONTROL_DEVICE,CHP_ROAD_TYPE,PEDESTRIAN_ACCIDENT,BICYCLE_ACCIDENT,MOTORCYCLE_ACCIDENT,TRUCK_ACCIDENT,NOT_PRIVATE_PROPERTY,ALCOHOL_INVOLVED,STWD_VEHTYPE_AT_FAULT,CHP_VEHTYPE_AT_FAULT,COUNT_SEVERE_INJ,COUNT_VISIBLE_INJ,COUNT_COMPLAINT_PAIN,COUNT_PED_KILLED,COUNT_PED_INJURED,COUNT_BICYCLIST_KILLED,COUNT_BICYCLIST_INJURED,COUNT_MC_KILLED,COUNT_MC_INJURED,PRIMARY_RAMP,SECONDARY_RAMP,LATITUDE,LONGITUDE,COUNTY,CITY,POINT_X,POINT_Y
9507,8486766,2017,2017-11-16,5102,2017-08-29,1606,4083,3.0,2,5,4,5102,0,0,0,,0,,BUNCE RD,VOBORIL DR,13.0,S,N,A,-,N,,,,,,,,,,N,4,0,1,2,D,-,0,,,F,G,B,D,A,H,-,A,D,0,Y,,,,Y,,-,-,0,0,1,0,1,0,0,0,0,-,-,,,SUTTER,YUBA CITY,-121.62488,39.119014299999996
9508,8504909,2017,2018-07-09,5102,2017-11-19,1847,4113,4.0,7,5,4,5102,0,0,0,,0,4.0,COLUSA HWY,W ROCCA WY PROLONGATION,300.0,W,N,A,-,Y,SUT,3.0,20.0,-,-,15.66,H,-,W,Y,3,0,1,2,A,-,9,21800.0,A,N,C,C,A,D,H,-,C,D,0,,,Y,,Y,,A,01,0,1,0,0,0,0,0,0,1,-,-,,,SUTTER,YUBA CITY,-121.63308658,39.14190433
9509,8507195,2017,2018-07-09,5102,2017-10-10,1101,4083,2.0,2,5,4,5102,0,0,0,,0,,FRANKLIN AV,RT 99,43.0,E,N,A,-,Y,SUT,3.0,99.0,-,-,29.67,I,6,N,N,3,0,1,2,A,-,5,21650.0,,N,D,G,A,A,H,-,A,D,0,,Y,,,Y,,L,04,0,1,0,0,0,0,1,0,0,-,-,,,SUTTER,YUBA CITY,-121.63447675,39.12732981
9510,8516828,2017,2018-01-11,5102,2017-11-15,1424,4083,2.0,3,5,4,5102,0,0,0,,0,,LASSEN BL,WALTON AV,0.0,,Y,A,-,N,,,,,,,,,,N,4,0,1,2,D,-,0,,,N,G,B,B,A,H,-,A,A,0,Y,,,,Y,,-,-,0,0,1,0,1,0,0,0,0,-,-,,,SUTTER,YUBA CITY,-121.64390998,39.13796998
9511,8522553,2017,2018-01-02,5102,2017-11-10,1145,4094,5.0,5,5,4,5102,0,0,0,,0,5.0,GARDEN HWY,EPLEY DR,0.0,,Y,A,-,N,,,,,,,,,,N,4,0,1,2,A,-,5,21650.0,,N,D,G,A,B,H,-,A,A,0,,Y,,,Y,,L,04,0,0,1,0,0,0,1,0,0,-,-,,,SUTTER,YUBA CITY,-121.61717996,39.11043991
9512,8528921,2017,2018-02-21,5102,2017-12-09,2245,487,1.0,6,5,4,5102,0,0,0,,0,1.0,BUTTE HOUSE RD,TIERRA BUENA RD,30.0,W,N,A,-,N,,,,,,,,,,N,4,0,1,2,A,-,8,22107.0,,N,B,G,A,A,H,-,A,D,0,,Y,,,Y,,A,01,0,0,1,0,0,0,1,0,0,-,-,,,SUTTER,YUBA CITY,-121.66247991,39.15328712
9513,8534235,2017,2018-01-24,5102,2017-12-22,1509,9009,4.0,5,5,4,5102,0,0,0,,0,,FORBES AV,CLARK AV,43.0,E,N,A,-,N,,,,,,,,,,N,3,0,1,2,A,-,8,22107.0,,N,B,G,A,A,H,-,A,D,0,,Y,,,Y,,A,01,0,1,0,0,0,0,1,0,0,-,-,,,SUTTER,YUBA CITY,-121.62529859,39.13791369
9514,90560985,2017,2017-10-02,9285,2017-09-17,7,18747,,7,3,9,5100,0,3,5,,1,7.0,ONSTOTT RD,SANDERS RD,10.0,S,N,A,-,N,,,,,,,,,,Y,3,0,1,1,A,-,3,22350.0,,M,E,J,A,A,H,-,D,A,0,,,,,Y,,A,01,0,1,0,0,0,0,0,0,0,-,-,39.20435,-121.63681000000001,SUTTER,UNINCORPORATED,-121.63686047,39.20437356
9515,90587721,2017,2017-11-06,9285,2017-11-03,905,14793,,5,1,9,5100,0,3,5,,1,7.0,SOUTH BUTTE ROAD,LOCUST ST,2640.0,E,N,B,-,N,,,,,,,,,,Y,3,0,1,1,A,-,3,22350.0,,N,E,I,A,B,H,-,A,A,0,,,,,Y,,A,01,0,1,0,0,0,0,0,0,0,-,-,39.1548,-121.73518999999999,SUTTER,UNINCORPORATED,-121.73526409,39.15476262
9516,8328086,2017,2017-04-18,5202,2017-02-16,1425,2400,RBPD,4,5,3,5202,0,0,0,,0,,WALNUT ST,LINCOLN ST,0.0,,Y,B,-,N,,,,,,,,,,N,4,0,1,2,A,-,8,22107.0,,N,D,G,A,A,H,-,A,D,0,,Y,,,Y,,A,1,0,0,1,0,0,0,1,0,0,-,-,40.17523,-122.24207,TEHAMA,RED BLUFF,-122.2421,40.17518992
9517,8374791,2017,2017-06-16,5202,2017-05-30,1049,1668,RBPD,2,5,3,5202,0,0,0,,0,,WALNUT ST,JACKSON ST,6.0,E,N,A,-,N,,,,,,,,,,N,4,0,1,2,A,-,11,21950.0,B,N,G,B,B,A,H,-,A,A,0,Y,,,Y,Y,,N,60,0,0,1,0,1,0,0,0,0,-,-,40.17575,-122.241,TEHAMA,RED BLUFF,-122.24093205,40.17575905
9518,90612411,2017,2017-12-07,9130,2017-11-30,1815,19041,,4,2,9,5200,0,1,1,,2,51.0,I-5 S/B TO HOOKER CREEK ROAD,HOOKER CREEK RD,0.0,,Y,A,-,Y,,,5.0,,,,R,,S,Y,2,0,1,1,A,-,1,23152.0,A,N,E,I,A,A,H,-,C,D,0,,,,,Y,Y,D,22,1,0,0,0,0,0,0,0,0,-,-,40.29295,-122.27968999999999,TEHAMA,UNINCORPORATED,-122.27968999999999,40.29295
9519,90621544,2017,2017-12-20,9130,2017-12-10,830,18980,,7,1,9,5200,0,1,3,,1,41.0,SR-99,GRANT ST,0.0,,Y,A,-,Y,,,99.0,,,,,,,Y,3,0,1,2,A,-,9,21802.0,A,N,D,C,A,A,H,-,A,A,0,,,,,Y,,A,1,0,1,0,0,0,0,0,0,0,-,-,40.02483,-122.09981,TEHAMA,UNINCORPORATED,-122.09987062,40.02482936
9520,90589320,2017,2017-11-07,9175,2017-11-01,1720,16084,,3,2,9,5300,0,1,3,,1,11,SR-299,WEAVER STREET,0.0,,Y,A,-,Y,,,299.0,,,,,,,N,3,0,1,2,A,-,8,22107.0,,N,D,G,A,A,H,-,A,D,0,,Y,,,Y,,A,1,0,1,0,0,0,0,1,0,0,-,-,40.72653,-122.93465,TRINITY,UNINCORPORATED,-122.93467864,40.72648934
9521,90461792,2017,2017-05-23,9481,2017-05-16,1315,014265,,2,1,9,5400,0,3,5,,2,010,AVENUE 208,ROAD 188,33.0,W,N,A,-,N,,,,,,,,,,Y,3,0,3,2,A,-,05,21650.0,,N,A,C,A,A,H,-,A,A,0,,,,,Y,,A,01,0,1,2,0,0,0,0,0,0,-,-,36.16725,-119.15283000000001,TULARE,UNINCORPORATED,-119.15295167,36.16724001
9522,90446244,2017,2017-05-01,9481,2017-04-19,1530,019104,,3,2,4,5405,1,4,S,,2,901,OLIVE AVENUE,VILLA STREET,150.0,E,N,B,-,N,,,,,,,,,,N,3,0,1,2,A,-,08,22107.0,,N,D,G,A,A,H,-,A,D,0,,Y,,,Y,,H,63,0,1,0,0,0,0,1,0,0,-,-,36.06609,-119.03003999999999,TULARE,PORTERVILLE,,
9523,90445298,2017,2017-04-28,9480,2017-04-25,1915,017452,,2,2,9,5400,0,3,5,,2,003,AVENUE 230,ROAD 46,0.0,,Y,A,-,N,,,,,,,,,,N,3,0,3,1,A,-,03,22350.0,,N,F,A,A,A,H,-,A,D,0,,,Y,,Y,,C,06,0,3,0,0,0,0,0,0,3,-,-,36.20675,-119.47068,TULARE,UNINCORPORATED,-119.47070997,36.20660004
9524,90418751,2017,2017-03-23,9481,2017-03-22,1230,017523,,3,1,9,5400,0,3,5,,2,020,AVENUE 194,RICHARDSON ROAD,250.0,E,N,B,-,N,,,,,,,,,,N,3,0,1,1,A,-,08,22107.0,,N,F,A,A,A,H,-,A,D,0,,,,,Y,,M,96,0,1,0,0,0,0,0,0,0,-,-,36.14188,-119.05552,TULARE,UNINCORPORATED,-119.05560438,36.14192224
9525,90367284,2017,2017-01-11,9480,2017-01-04,1740,016145,,3,2,9,5400,0,3,5,,2,002,AVE 320,RD 108,0.0,,Y,B,-,N,,,,,,,,,,Y,4,0,1,2,A,-,09,21802.0,A,N,D,C,A,B,H,-,C,A,0,,,,,Y,,D,22,0,0,1,0,0,0,0,0,0,-,-,36.52383,-119.3768,TULARE,UNINCORPORATED,,
9526,8547772,2017,2018-02-07,5407,2017-12-29,1530,C46,480,5,5,5,5407,0,0,0,,0,00O,NORTH BEN MADDOX WY,EAST HOUSTON AV,0.0,,Y,A,-,N,,,,,,,,,,Y,4,0,1,2,A,-,09,21453.0,B,N,D,C,A,A,H,-,A,A,0,,,,,Y,,A,01,0,0,1,0,0,0,0,0,0,-,-,36.341840000000005,-119.27882,TULARE,VISALIA,-119.27880987,36.34186006
9527,8547708,2017,2018-02-08,5407,2017-11-24,1138,M201,480,5,5,5,5407,0,0,0,,0,,N BEN MADDOX WY,DOUGLAS AV,0.0,,Y,A,-,N,,,,,,,,,,Y,4,0,2,2,A,-,08,22100.0,A,N,D,A,A,A,H,-,A,A,0,,,,,Y,,A,01,0,0,2,0,0,0,0,0,0,-,-,36.338229999999996,-119.27881000000001,TULARE,VISALIA,-119.27881991,36.3382201
9528,8547667,2017,2018-02-10,5407,2017-12-22,651,A298,480,5,5,5,5407,0,0,0,,0,011,AMERICAN ST,GOSHEN AV,200.0,S,N,A,-,N,,,,,,,,,,N,4,0,1,2,A,-,06,21755.0,A,N,D,D,A,A,H,-,A,A,0,,,Y,,Y,,C,02,0,0,1,0,0,0,0,0,1,-,-,,,TULARE,VISALIA,-119.40353333,36.34142115
9529,8516096,2017,2018-07-03,5405,2017-12-09,1227,234,5405,6,5,4,5405,0,0,0,,0,001,HENDERSON AV,RT 65,128.0,W,N,A,-,Y,TUL,6.0,65.0,-,R,20.423,R,4,S,N,4,0,2,2,A,-,09,21804.0,A,N,B,C,A,A,H,-,A,B,0,,,,,Y,,-,,0,0,2,0,0,0,0,0,0,-,SF,,,TULARE,PORTERVILLE,-119.03944224,36.08427128
9530,8505831,2017,2017-12-27,5407,2017-11-18,2139,A284,480,6,5,5,5407,0,0,0,,0,026,HOUSTON AV,LOCUST ST,0.0,,Y,A,-,N,,,,,,,,,,Y,4,0,1,2,A,-,09,21800.0,A,N,D,C,A,A,H,-,A,A,0,,,,,Y,,A,01,0,0,1,0,0,0,0,0,0,-,-,,,TULARE,VISALIA,-119.2935399,36.34192009
9531,8505823,2017,2017-12-27,5407,2017-11-18,1518,11725,480,6,5,5,5407,0,0,0,,0,012,W WALNUT AV,CHINOWTH ST,660.0,E,N,A,-,N,,,,,,,,,,Y,3,0,3,2,A,-,09,21804.0,A,M,D,C,A,A,H,-,A,A,0,,,,,Y,,A,01,0,1,2,0,0,0,0,0,0,-,-,36.31289,-119.30086000000001,TULARE,VISALIA,-119.33392208,36.31280501
9532,8505807,2017,2017-12-13,5407,2017-11-03,647,M214,480,5,5,5,5407,0,0,0,,0,R12,DEMAREE,NOBLE,0.0,,Y,A,-,N,,,,,,,,,,N,3,0,1,2,D,-,00,,,N,G,B,B,A,H,-,C,A,0,Y,,,,Y,,-,-,0,1,0,0,1,0,0,0,0,-,-,36.326640000000005,-119.33174,TULARE,VISALIA,-119.33176989,36.32663004
9533,8505748,2017,2017-12-07,5407,2017-10-31,1527,M214,480,2,5,5,5407,0,0,0,,0,R12,W WALNUT AV,S ATWOOD ST,0.0,,Y,A,-,N,,,,,,,,,,Y,4,0,1,2,A,-,09,21802.0,A,N,D,C,A,A,H,-,A,A,0,,,,,Y,,D,22,0,0,1,0,0,0,0,0,0,-,-,36.31277,-119.3467,TULARE,VISALIA,-119.34672986,36.31278005
9534,8505716,2017,2017-12-07,5407,2017-10-07,2206,A285,480,6,5,5,5407,0,0,0,,0,P33,E NOBLE,S BEN MADDOX,0.0,,Y,A,-,N,,,,,,,,,,N,4,0,1,2,A,-,05,21650.0,1,N,G,G,A,A,H,-,C,A,0,,Y,,,Y,,L,04,0,0,1,0,0,0,1,0,0,-,-,,,TULARE,VISALIA,-119.27853993,36.32611002
9535,8492051,2017,2017-11-27,5407,2017-10-01,1322,A282,480,7,5,5,5407,0,0,0,,0,012,COUNTY CENTER DR,WEST CALDWELL AV,65.0,N,N,A,-,N,,,,,,,,,,N,3,0,2,2,A,-,09,21804.0,A,N,D,C,A,A,H,-,A,A,0,,,,,Y,,A,01,0,2,0,0,0,0,0,0,0,-,-,36.2984,-119.32258999999999,TULARE,VISALIA,-119.32259446,36.29859834
9536,8485533,2017,2018-06-29,5405,2017-10-17,1800,236,,2,5,4,5405,0,0,0,,0,001,MAIN ST,RT 190,0.0,,Y,A,-,Y,TUL,6.0,190.0,-,-,16.573,R,1,E,N,3,0,1,2,A,-,10,21950.0,A,F,G,B,B,A,H,-,B,A,0,Y,,,,Y,,-,,0,1,0,0,1,0,0,0,0,-,EF,,,TULARE,PORTERVILLE,-119.01520307,36.05097465
9537,8477598,2017,2017-11-09,5405,2017-10-19,1542,203,,4,5,4,5405,0,0,0,,0,001,NEWCOMB ST,MORTON AV,0.0,,N,A,-,N,,,,,,,,,,N,3,0,1,2,A,-,05,21650.0,,F,D,G,A,A,H,-,A,A,0,,Y,,,Y,,L,04,0,1,0,0,0,0,1,0,0,-,-,,,TULARE,PORTERVILLE,-119.05294012,36.07312011
9538,8477582,2017,2017-11-09,5405,2017-10-11,2051,107,,3,5,4,5405,0,0,0,,0,003,OLIVE AV,2ND ST,0.0,,N,A,-,N,,,,,,,,,,N,3,0,1,2,A,-,10,21950.0,A,N,G,B,B,A,H,-,C,A,0,Y,,,,Y,,-,,0,1,0,0,1,0,0,0,0,-,-,,,TULARE,PORTERVILLE,-119.01525008,36.06513003
9539,8457734,2017,2017-10-04,5405,2017-09-20,1509,238,5405,3,5,4,5405,0,0,0,,0,001,INDIANA ST,OAKMONT AV,150.0,S,N,A,-,N,,,,,,,,,,N,3,0,1,2,A,-,05,21650.0,1,N,D,G,A,A,H,-,A,D,0,,Y,,,Y,,L,04,0,1,0,0,0,0,1,0,0,-,-,,,TULARE,PORTERVILLE,-119.03499667,36.07832848
9540,8457730,2017,2017-10-04,5405,2017-09-23,1817,163,,6,5,4,5405,0,0,0,,0,001,HENDERSON AV,MATHEW ST,0.0,,Y,A,-,N,,,,,,,,,,N,4,0,1,2,A,-,08,22107.0,,F,D,G,A,A,H,-,A,A,0,,Y,,,Y,,L,04,0,0,1,0,0,0,1,0,0,-,-,,,TULARE,PORTERVILLE,-119.06177012,36.08033003
9541,8444705,2017,2017-09-09,5405,2017-08-10,1718,228,,4,5,4,5405,0,0,0,,0,003,OLIVE AV,C ST,0.0,,Y,A,-,N,,,,,,,,,,N,4,0,1,2,D,-,00,,,N,G,G,A,A,H,-,A,A,0,,Y,,,Y,,-,-,0,0,1,0,0,0,1,0,0,-,-,,,TULARE,PORTERVILLE,-119.01578001,36.06513002
9542,8440312,2017,2017-09-06,5407,2017-07-21,900,M222,480,5,5,5,5407,0,0,0,,0,025,RINALDI ST,HOUSTON AV,825.0,S,N,A,-,N,,,,,,,,,,N,3,0,1,2,A,-,08,22107.0,,N,D,C,A,A,H,-,A,A,0,,,Y,,Y,,A,01,0,1,0,0,0,0,0,0,1,-,-,36.34189,-119.30811000000001,TULARE,VISALIA,-119.30811499,36.33964614
9543,8439684,2017,2017-09-13,5407,2017-08-01,2206,A279,480,2,5,5,5407,0,0,0,,0,Q-34,W WALNUT AV,GIDDINGS,0.0,,Y,A,-,N,,,,,,,,,,Y,4,0,2,2,A,-,01,23152.0,A,F,C,C,A,A,H,-,C,A,0,,,,,Y,Y,D,22,0,0,2,0,0,0,0,0,0,-,-,36.31929,-119.30533999999999,TULARE,VISALIA,-119.30535988,36.31291005
9544,8422356,2017,2017-08-07,5405,2017-07-20,1613,238,5405,4,5,4,5405,0,0,0,,0,001,HENDERSON AV,PORTER RD,222.0,E,N,A,-,N,,,,,,,,,,N,3,0,1,2,A,-,08,22107.0,,N,G,G,A,A,H,-,A,D,0,,Y,,,Y,,-,,0,1,0,0,0,0,1,0,0,-,-,,,TULARE,PORTERVILLE,-119.03710971,36.08040856
9545,8419646,2017,2017-08-04,5407,2017-06-24,330,A268,480,6,5,5,5407,0,0,0,,0,,W CALDWELL AV,S STONEBROOK ST,0.0,,Y,A,-,N,,,,,,,,,,Y,4,0,1,1,A,-,01,23152.0,B,N,E,I,A,A,H,-,C,A,0,,,,,Y,Y,-,,0,0,1,0,0,0,0,0,0,-,-,36.29834,-119.30514,TULARE,VISALIA,-119.30513988,36.29840001
9546,8419604,2017,2017-08-03,5407,2017-07-11,736,C40,480,2,5,5,5407,0,0,0,,0,034,MOONEY,BEECH,0.0,,N,A,-,N,,,,,,,,,,N,3,0,1,2,A,-,05,21650.0,1,N,G,G,A,A,H,-,A,D,0,,Y,,,Y,,L,04,0,1,0,0,0,0,1,0,0,-,-,,,TULARE,VISALIA,-119.31387997,36.30936001
9547,8411917,2017,2017-07-27,5405,2017-07-14,1029,237,PPD,5,5,4,5405,0,0,0,,0,001,WEST HENDERSON AV,PROSPECT ST,675.0,E,N,A,-,N,,,,,,,,,,N,4,0,1,2,A,-,05,21650.0,1,N,D,G,A,A,H,-,A,D,0,,Y,,,Y,,L,04,0,0,1,0,0,0,1,0,0,-,-,,,TULARE,PORTERVILLE,-119.04168989,36.08039394
9548,8403902,2017,2017-07-12,5405,2017-06-26,2023,172,,1,5,4,5405,0,0,0,,0,002,MURRY ST,PUTNAM AV,333.0,N,N,A,-,N,,,,,,,,,,N,3,0,1,2,A,-,05,21202.0,,N,D,G,A,A,H,-,B,D,0,,Y,,,Y,,L,04,0,1,0,0,0,0,1,0,0,-,-,,,TULARE,PORTERVILLE,-119.01012677,36.07031338
9549,8391267,2017,2017-08-23,5405,2017-06-04,2028,234,,7,5,4,5405,0,0,0,,0,003,ORANGE AV,MAIN ST,0.0,,Y,A,-,N,,,,,,,,,,Y,3,0,1,2,A,-,12,21453.0,A,N,B,C,A,A,H,-,C,A,0,,,,,Y,,-,-,0,1,0,0,0,0,0,0,0,-,-,,,TULARE,PORTERVILLE,-119.01655013,36.06122011
9550,8385651,2017,2017-07-07,5407,2017-05-08,1344,M33,480,1,5,5,5407,0,0,0,,0,,ST JOHNS PKWY,CHELSEA CT,0.0,,Y,A,-,N,,,,,,,,,,N,2,0,2,3,A,-,10,21950.0,A,N,G,B,B,A,H,-,A,A,0,Y,Y,,,Y,,A,01,1,1,0,0,1,0,1,0,0,-,-,36.34778,-119.27078999999999,TULARE,VISALIA,-119.27006994,36.34738004
9551,8385635,2017,2017-07-07,5407,2017-05-23,619,M234,480,2,5,5,5407,0,0,0,,0,00R,W TULARE AV,DEMAREE,0.0,,Y,A,-,N,,,,,,,,,,Y,3,0,1,2,A,-,01,23152.0,E,N,D,C,A,A,H,-,A,A,0,,,,,Y,,A,01,0,1,0,0,0,0,0,0,0,-,-,36.32007,-119.33173000000001,TULARE,VISALIA,-119.33172989,36.32006007
9552,8385486,2017,2017-07-07,5407,2017-06-06,748,M33,480,2,5,5,5407,0,0,0,,0,,GOSHEN,DEMAREE,3.0,E,N,A,-,N,,,,,,,,,,N,3,0,1,2,A,-,05,21650.0,1,N,D,G,A,A,H,-,A,A,0,,Y,,,Y,,L,04,0,1,0,0,0,0,1,0,0,-,-,36.33878,-119.33195,TULARE,VISALIA,,
9553,8383657,2017,2017-06-08,5407,2017-05-03,2039,A253,480,3,5,5,5407,0,0,0,,0,N25,WEST MAIN ST,WILLIS ST,0.0,,Y,A,-,N,,,,,,,,,,N,3,0,2,2,A,-,01,23153.0,A,N,D,C,A,A,H,-,D,A,0,,,,,Y,Y,-,,0,1,1,0,0,0,0,0,0,-,-,36.33013,-119.29771000000001,TULARE,VISALIA,-119.29771992,36.3301601
9554,8383649,2017,2017-06-08,5407,2017-05-14,1414,A276,480,7,5,5,5407,0,0,0,,0,026,NORTH LOVERS LN,RACE,0.0,,Y,A,-,N,,,,,,,,,,Y,4,0,2,2,A,-,08,22100.0,A,N,-,C,A,A,H,-,A,A,0,,,,,Y,,-,,0,0,2,0,0,0,0,0,0,-,-,36.33831,-119.26086000000001,TULARE,VISALIA,-119.26067991,36.33589001
9555,8383344,2017,2017-06-19,5407,2017-05-12,1556,M214,480,5,5,5,5407,0,0,0,,0,026,TULARE,COTTA,0.0,,Y,A,-,N,,,,,,,,,,Y,4,0,1,2,A,-,05,21650.0,1,N,D,G,A,A,H,-,A,A,0,,Y,,,Y,,L,04,0,0,1,0,0,0,1,0,0,-,-,36.32015,-119.27954,TULARE,VISALIA,-119.27953999,36.32014003
9556,8380032,2017,2017-05-31,5405,2017-04-25,2500,163,,2,5,4,5405,0,0,0,,0,004,JAYE ST,ORANGE AV,0.0,,Y,A,-,N,,,,,,,,,,N,3,0,1,2,A,-,08,22107.0,,F,D,G,A,A,H,-,A,A,0,,Y,,,Y,,-,,0,1,0,0,0,0,1,0,0,-,-,,,TULARE,PORTERVILLE,-119.02614003,36.06137003
9557,8371066,2017,2018-04-09,5407,2017-05-16,1315,A289,480,2,5,5,5407,0,0,0,,0,012,TULARE,RT 63,0.0,,Y,A,-,Y,TUL,6.0,63.0,-,-,7.51,I,5,N,N,4,0,1,2,A,-,10,21950.0,A,N,G,B,B,A,H,-,A,A,0,Y,,,,Y,,A,01,0,0,1,0,1,0,0,0,0,-,-,36.31997,-119.31433999999999,TULARE,VISALIA,-119.31388348,36.32021381
9558,8360544,2017,2017-05-12,5405,2017-05-03,1449,201,,3,5,4,5405,0,0,0,,0,003,MAIN ST,LOCUST AV,0.0,,Y,A,-,N,,,,,,,,,,N,4,0,1,2,A,-,09,21802.0,A,N,D,C,A,A,H,-,A,A,0,,,,,Y,,-,,0,0,1,0,0,0,0,0,0,-,-,,,TULARE,PORTERVILLE,-119.01657004,36.05987002
9559,8360499,2017,2017-06-21,5405,2017-04-19,1654,C23,PORTE,3,5,4,5405,0,0,0,,0,004,COTTAGE ST,OLIVE AV,6.0,N,N,A,-,N,,,,,,,,,,Y,3,0,1,2,A,-,05,21650.0,1,N,D,B,B,A,H,-,A,D,0,Y,,,,Y,,-,-,0,1,0,0,1,0,0,0,0,-,-,,,TULARE,PORTERVILLE,-119.03293086,36.06601645
9560,8360487,2017,2017-05-17,5405,2017-04-21,745,238,5405,5,5,4,5405,0,0,0,,0,004,MATTHEW ST,OLIVE AV,276.0,S,N,A,-,N,,,,,,,,,,N,3,0,1,2,A,-,08,22107.0,,N,G,G,A,A,H,-,A,D,0,,Y,,,Y,,-,,0,1,0,0,0,0,1,0,0,-,-,,,TULARE,PORTERVILLE,-119.06190625,36.06490272
9561,8358148,2017,2017-05-02,5407,2017-03-05,1057,A160,480,7,5,5,5407,0,0,0,,0,025,MAIN,HALL,0.0,,Y,C,-,N,,,,,,,,,,Y,3,0,1,3,A,-,12,22450.0,A,N,D,C,A,B,H,-,A,A,0,,,,,Y,,-,99,0,1,0,0,0,0,0,0,0,-,-,36.33007,-119.30877,TULARE,VISALIA,-119.3087799,36.33006009
9562,8358144,2017,2017-05-02,5407,2017-03-02,1647,M243,480,4,5,5,5407,0,0,0,,0,,S ROEBAN ST,DARTMOUTH AV,0.0,,Y,A,-,N,,,,,,,,,,N,4,0,1,2,A,-,05,21650.0,1,N,D,G,A,A,H,-,A,A,0,,Y,,,Y,,L,04,0,0,1,0,0,0,1,0,0,-,-,36.31698,-119.35858999999999,TULARE,VISALIA,-119.35853988,36.31698007
9563,8358140,2017,2017-05-02,5407,2017-03-02,1622,M222,480,4,5,5,5407,0,0,0,,0,033,LOVERS LN,NOBLE,0.0,,N,A,-,N,,,,,,,,,,N,3,0,1,2,A,-,06,21755.0,A,N,B,C,A,A,H,-,A,A,0,,,Y,,Y,,C,02,0,1,0,0,0,0,0,0,1,-,-,36.326640000000005,-119.26076,TULARE,VISALIA,-119.26082995,36.32662001
9564,8358136,2017,2017-05-02,5407,2017-03-10,729,M186,480,5,5,5,5407,0,0,0,,0,00R,DEMAREE ST,NOBLE,0.0,,Y,A,-,N,,,,,,,,,,N,4,0,1,2,D,-,00,,,N,G,B,B,A,H,-,A,A,0,Y,,,,Y,,-,-,0,0,1,0,1,0,0,0,0,-,-,36.32665,-119.33173000000001,TULARE,VISALIA,-119.33176989,36.32663004
9565,8349780,2017,2017-05-04,5407,2017-04-18,1908,A276,480,2,5,5,5407,0,0,0,,0,012,S AKERS ST,W CAMBRIDGE AV,0.0,,Y,A,-,N,,,,,,,,,,N,3,0,1,2,A,-,05,21650.0,1,N,D,G,A,A,H,-,A,A,0,,Y,,,Y,,L,04,0,1,0,0,0,0,1,0,0,-,-,36.31426,-119.34953,TULARE,VISALIA,-119.34970998,36.31471005
9566,8337802,2017,2017-04-26,5407,2017-02-24,1038,M33,480,5,5,5,5407,0,0,0,,0,00N,DIVISADERO,GOSHEN,0.0,,Y,A,-,N,,,,,,,,,,Y,3,0,2,3,A,-,-,,,N,G,B,-,A,H,-,A,A,0,Y,,,,Y,,N,60,0,1,1,0,2,0,0,0,0,-,-,36.33495,-119.30995,TULARE,VISALIA,,
9567,8337634,2017,2017-04-07,5407,2017-03-17,1846,C40,480,5,5,5,5407,0,0,0,,0,034,W SEEGER AV,S GIDDINGS ST,0.0,,Y,A,-,N,,,,,,,,,,N,4,0,1,2,A,-,08,22107.0,,N,A,C,A,A,H,-,A,D,0,,,,,Y,,A,01,0,0,1,0,0,0,0,0,0,-,-,,,TULARE,VISALIA,-119.30531991,36.31041001
9568,8337557,2017,2017-04-19,5407,2017-02-24,1525,M214,480,5,5,5,5407,0,0,0,,0,012,WHITEDALE,CRENSHAW,0.0,,Y,A,-,N,,,,,,,,,,N,4,0,1,2,A,-,11,21950.0,B,N,-,B,B,A,H,-,A,A,0,Y,,,,Y,,N,60,0,0,1,0,1,0,0,0,0,-,-,36.30604,-119.34718000000001,TULARE,VISALIA,,
9569,8337441,2017,2017-04-05,5405,2017-03-28,921,124,5405,2,5,4,5405,0,0,0,,0,003,PLANO ST,DATE AV,0.0,,Y,A,-,N,,,,,,,,,,N,2,0,1,2,A,-,10,21950.0,A,N,G,B,B,A,H,-,A,A,0,Y,,,,Y,,-,,1,0,0,0,1,0,0,0,0,-,-,,,TULARE,PORTERVILLE,-119.00779006,36.05850003