,CASE_ID,ACCIDENT_YEAR,PROC_DATE,JURIS,COLLISION_DATE,COLLISION_TIME,OFFICER_ID,REPORTING_DISTRICT,DAY_OF_WEEK,CHP_SHIFT,POPULATION,CNTY_CITY_LOC,SPECIAL_COND,BEAT_TYPE,CHP_BEAT_TYPE,CITY_DIVISION_LAPD,CHP_BEAT_CLASS,BEAT_NUMBER,PRIMARY_RD,SECONDARY_RD,DISTANCE,DIRECTION,INTERSECTION,WEATHER_1,WEATHER_2,STATE_HWY_IND,CALTRANS_COUNTY,CALTRANS_DISTRICT,STATE_ROUTE,ROUTE_SUFFIX,POSTMILE_PREFIX,POSTMILE,LOCATION_TYPE,RAMP_INTERSECTION,SIDE_OF_HWY,TOW_AWAY,COLLISION_SEVERITY,NUMBER_KILLED,NUMBER_INJURED,PARTY_COUNT,PRIMARY_COLL_FACTOR,PCF_CODE_OF_VIOL,PCF_VIOL_CATEGORY,PCF_VIOLATION,PCF_VIOL_SUBSECTION,HIT_AND_RUN,TYPE_OF_COLLISION,MVIW,PED_ACTION,ROAD_SURFACE,ROAD_COND_1,ROAD_COND_2,LIGHTING,CONTROL_DEVICE,CHP_ROAD_TYPE,PEDESTRIAN_ACCIDENT,BICYCLE_ACCIDENT,MOTORCYCLE_ACCIDENT,TRUCK_ACCIDENT,NOT_PRIVATE_PROPERTY,ALCOHOL_INVOLVED,STWD_VEHTYPE_AT_FAULT,CHP_VEHTYPE_AT_FAULT,COUNT_SEVERE_INJ,COUNT_VISIBLE_INJ,COUNT_COMPLAINT_PAIN,COUNT_PED_KILLED,COUNT_PED_INJURED,COUNT_BICYCLIST_KILLED,COUNT_BICYCLIST_INJURED,COUNT_MC_KILLED,COUNT_MC_INJURED,PRIMARY_RAMP,SECONDARY_RAMP,LATITUDE,LONGITUDE,COUNTY,CITY,POINT_X,POINT_Y
9755,8393765,2017,2017-06-21,5600,2017-06-01,1142,4703,8210,4,5,5,5601,0,0,0,,0,08D,SANTA ROSA RD,RANA PL,0.0,,Y,A,-,N,,,,,,,,,,N,3,0,1,2,A,-,05,21650.0,1,N,A,G,A,A,H,-,A,A,0,,Y,,,Y,,L,04,0,1,0,0,0,0,1,0,0,-,-,34.2196,-119.00368999999999,VENTURA,CAMARILLO,-119.00356003,34.21959011
9756,8389533,2017,2017-06-15,5608,2017-05-31,1415,365,,3,5,6,5608,0,0,0,,0,002,TELEGRAPH RD,WAKE FOREST AV,0.0,,Y,A,-,N,,,,,,,,,,N,3,0,1,2,A,-,10,21950.0,A,N,G,B,B,A,H,-,A,A,0,Y,,,,Y,,-,,0,1,0,0,1,0,0,0,0,-,-,,,VENTURA,VENTURA,-119.21795988,34.27757004
9757,8389531,2017,2017-06-16,5608,2017-06-05,1203,423,,1,5,6,5608,0,0,0,,0,003,MILLS RD,N MAIN ST,494.0,N,N,A,-,N,,,,,,,,,,N,2,0,1,2,A,-,10,21952.0,,N,G,B,B,A,H,-,A,D,0,Y,,,,Y,,-,,1,0,0,0,1,0,0,0,0,-,-,,,VENTURA,VENTURA,-119.24626445,34.26639308
9758,8387062,2017,2018-04-10,5600,2017-06-15,1318,3147,9006,4,5,6,5607,0,0,0,,0,9A01,OLSEN RD,RT 23,43.0,E,N,A,-,Y,VEN,7.0,23.0,-,R,8.056000000000001,R,4.0,N,N,4,0,2,2,A,-,08,22100.0,A,N,D,C,A,A,H,-,A,A,0,,,,,Y,,A,07,0,0,2,0,0,0,0,0,0,-,NF,,,VENTURA,THOUSAND OAKS,-118.84061347,34.23926174
9759,8384761,2017,2017-06-28,5600,2017-06-02,1555,2941,6007,5,5,3,5602,0,0,0,,0,6A01,B ST,SANTA CLARA ST,1.0,W,N,A,-,N,,,,,,,,,,N,4,0,1,2,A,-,05,21650.0,1,N,D,G,A,A,H,-,A,A,0,,Y,,,Y,,L,04,0,0,1,0,0,0,1,0,0,-,-,,,VENTURA,FILLMORE,-118.92270054,34.39678271
9760,8384311,2017,2017-07-06,5609,2017-06-11,1815,389,,7,5,6,5609,0,0,0,,0,004,TAPO CANYON RD,LOS ANGELES AV,9.0,S,N,A,-,N,,,,,,,,,,N,3,0,1,2,A,-,05,21650.0,1,N,H,G,A,A,H,-,A,A,0,,Y,,,Y,Y,L,04,0,1,0,0,0,0,1,0,0,-,-,34.271609999999995,-118.71734,VENTURA,SIMI VALLEY,-118.71732425,34.27164577
9761,8383585,2017,2017-06-08,5608,2017-05-25,801,441,,4,5,6,5608,0,0,0,,0,001,MAIN ST,MILLS RD,176.0,E,N,B,-,N,,,,,,,,,,N,3,0,1,2,A,-,05,21650.0,1,N,A,G,A,A,H,-,A,D,0,,Y,,,Y,,L,04,0,1,0,0,0,0,1,0,0,-,-,,,VENTURA,VENTURA,-119.24549821,34.26490672
9762,8376919,2017,2017-06-01,5605,2017-04-24,537,165,PATRO,1,5,3,5605,0,0,0,,0,GRID12,SURFSIDE DR,PORT HUENEME RD,85.0,S,N,A,-,N,,,,,,,,,,N,4,0,1,2,A,-,11,21954.0,A,F,G,B,E,A,H,-,B,A,0,Y,,,,Y,,N,60,0,0,1,0,1,0,0,0,0,-,-,,,VENTURA,PORT HUENEME,-119.19046000000002,34.1476
9763,8374105,2017,2017-05-26,5606,2017-01-24,745,1063,5606,2,5,4,5606,0,0,0,,0,001,HARVARD E BL,4TH S ST,277.0,E,N,A,-,N,,,,,,,,,,Y,4,0,1,2,A,-,09,21804.0,A,N,D,C,A,A,H,-,A,D,0,,,,,Y,,A,01,0,0,1,0,0,0,0,0,0,-,-,,,VENTURA,SANTA PAULA,-119.06636147,34.34804614
9764,8373430,2017,2017-06-05,5608,2017-05-15,1744,401,,1,5,6,5608,0,0,0,,0,002,EAST THOMPSON BL,FRANCES ST,0.0,,Y,A,-,N,,,,,,,,,,N,4,0,1,2,A,-,17,21658.0,,N,-,G,A,A,H,-,A,D,0,,Y,,,Y,,L,04,0,0,1,0,0,0,1,0,0,-,-,,,VENTURA,VENTURA,-119.25858994,34.27203005
9765,8365866,2017,2017-05-17,5609,2017-04-21,840,356,,5,5,6,5609,0,0,0,,0,003,LOS ANGELES AV,ERRINGER RD,460.0,W,N,A,-,N,,,,,,,,,,Y,4,0,1,2,A,-,08,22100.0,A,N,D,C,A,A,H,-,A,D,0,,,,,Y,,A,01,0,0,1,0,0,0,0,0,0,-,-,34.27173,-118.7613,VENTURA,SIMI VALLEY,-118.76291918,34.27178801
9766,8365862,2017,2017-05-17,5609,2017-04-21,705,374,,5,5,6,5609,0,0,0,,0,,LOS ANGELES AV,TAPO CANYON RD,66.0,W,N,A,-,N,,,,,,,,,,Y,2,0,1,2,A,-,08,22100.0,A,N,D,C,A,A,H,-,A,A,0,,,Y,,Y,,A,01,1,0,0,0,0,0,0,0,1,-,-,34.271609999999995,-118.71734,VENTURA,SIMI VALLEY,-118.71754812,34.27167
9767,8364076,2017,2017-05-18,5608,2017-05-09,2109,466,,2,5,6,5608,0,0,0,,0,004,VICTORIA AV,AVOCET DR,345.0,N,N,A,-,N,,,,,,,,,,N,3,0,1,2,A,-,03,22350.0,,N,B,C,A,A,H,-,C,D,0,,,,,Y,,-,,0,1,0,0,0,0,0,0,0,-,-,,,VENTURA,VENTURA,-119.21076123,34.2577618
9768,8363933,2017,2017-05-17,5608,2017-04-13,1053,451,,4,5,6,5608,0,0,0,,0,004,TELEPHONE RD,CLAY AV,20.0,E,N,A,-,N,,,,,,,,,,Y,4,0,1,2,A,-,08,22107.0,,N,F,C,A,A,H,-,A,D,0,,,,,Y,,-,,0,0,1,0,0,0,0,0,0,-,-,,,VENTURA,VENTURA,-119.16135605,34.27773174
9769,8363925,2017,2017-05-18,5608,2017-04-14,1617,456,,5,5,6,5608,0,0,0,,0,002,POLI ST,VIRGINIA DR,0.0,,Y,A,-,N,,,,,,,,,,N,3,0,1,2,A,-,09,21802.0,A,N,-,A,A,A,H,-,A,A,0,,,,,Y,,-,,0,1,0,0,0,0,0,0,0,-,-,,,VENTURA,VENTURA,-119.26037988,34.27919004
9770,8359068,2017,2017-06-17,5605,2017-04-17,800,14,PATRO,1,5,3,5605,0,0,0,,0,010,PORT HUENEME RD,J ST,40.0,W,N,A,-,N,,,,,,,,,,,4,0,1,1,A,-,01,23152.0,A,M,E,I,A,A,H,-,A,A,0,,,,,Y,Y,A,01,0,0,1,0,0,0,0,0,0,-,-,,,VENTURA,PORT HUENEME,-119.18636205,34.14756
9771,8358717,2017,2017-05-05,5608,2017-03-06,2500,449,,1,5,6,5608,0,0,0,,0,003,KIMBALL RD,TELEPHONE RD,0.0,,Y,A,-,N,,,,,,,,,,N,3,0,1,2,A,-,08,22107.0,,N,G,G,A,A,H,-,A,A,0,,Y,,,Y,,-,,0,1,0,0,0,0,1,0,0,-,-,,,VENTURA,VENTURA,-119.18866009,34.26887009
9772,8358633,2017,2017-05-05,5608,2017-04-25,1344,372,,2,5,6,5608,0,0,0,,0,,MILLS RD,TELEGRAPH RD,0.0,,Y,A,-,N,,,,,,,,,,N,3,0,1,2,A,-,09,21802.0,B,N,D,G,A,A,H,-,A,A,0,,Y,,,Y,,L,04,0,1,0,0,0,0,1,0,0,-,-,,,VENTURA,VENTURA,-119.24781987,34.27308008
9773,8355672,2017,2017-05-03,5600,2017-04-21,811,4615,8217,5,5,5,5601,0,0,0,,0,08D,MISSION OAKS BL,WOODCREEK RD,0.0,S,N,A,-,N,,,,,,,,,,N,3,0,1,2,A,-,05,21650.0,1,N,D,G,A,A,H,-,A,D,0,,Y,,,Y,,L,04,0,1,0,0,0,0,1,0,0,-,-,34.22829,-118.99853999999999,VENTURA,CAMARILLO,-118.99718005,34.22877009
9774,8352487,2017,2017-05-10,5608,2017-04-21,1720,442,,5,5,6,5608,0,0,0,,0,003,HILL RD,TELEPHONE RD,120.0,N,N,A,-,N,,,,,,,,,,N,4,0,1,2,A,-,09,21804.0,A,N,C,C,A,A,H,-,A,D,0,,,,,Y,,-,,0,0,1,0,0,0,0,0,0,-,-,,,VENTURA,VENTURA,-119.20653259,34.26663524
9775,8350451,2017,2017-04-25,5609,2017-04-06,2258,437,,4,5,6,5609,0,0,0,,0,004,COCHRAN ST,SEQUOIA AV,0.0,,Y,A,-,N,,,,,,,,,,N,4,0,1,2,A,-,11,21456.0,B,F,G,B,B,A,H,-,C,A,0,Y,,,,Y,,N,60,0,0,1,0,1,0,0,0,0,-,-,34.279,-118.73052,VENTURA,SIMI VALLEY,-118.73052009999999,34.27901004
9776,8348152,2017,2017-05-02,5600,2017-04-18,1548,2913,9154,2,5,6,5607,0,0,0,,0,09G,HILLCREST DR,ALMON DR,0.0,,Y,A,-,N,,,,,,,,,,Y,3,0,2,2,A,-,09,21802.0,A,N,D,D,A,A,H,-,A,A,0,,,,,Y,,A,01,0,1,1,0,0,0,0,0,0,-,-,,,VENTURA,THOUSAND OAKS,-118.8393101,34.17728005
9777,8347565,2017,2017-04-20,5608,2017-04-13,1601,365,,4,5,6,5608,0,0,0,,0,004,NORTH BANK DR,RED ROCK AV,0.0,,Y,A,-,N,,,,,,,,,,N,4,0,1,2,A,-,11,21954.0,A,N,G,B,D,A,H,-,A,A,0,Y,,,,Y,,N,60,0,0,1,0,1,0,0,0,0,-,-,,,VENTURA,VENTURA,-119.16499012,34.26847011
9778,8346916,2017,2017-04-25,5608,2017-04-05,2115,480,VENTU,3,5,6,5608,0,0,0,,0,003,RALSTON ST,VICTORIA AV,0.0,,Y,A,-,N,,,,,,,,,,N,4,0,1,2,A,-,00,21450.0,A,F,G,B,B,A,H,-,C,A,0,Y,,,,Y,Y,-,,0,0,1,0,1,0,0,0,0,-,-,,,VENTURA,VENTURA,-119.21164992,34.26106007
9779,8346842,2017,2017-04-14,5608,2017-04-02,1032,466,,7,5,6,5608,0,0,0,,0,004,OLIVAS PARK DR,VICTORIA AV,32.0,E,N,A,-,N,,,,,,,,,,N,4,0,1,1,A,-,03,22350.0,,N,E,I,A,A,H,-,A,A,0,,,,,Y,,-,,0,0,1,0,0,0,0,0,0,-,-,,,VENTURA,VENTURA,-119.2149893,34.24411315
9780,8346838,2017,2017-04-14,5608,2017-04-01,1551,482,,6,5,6,5608,0,0,0,,0,004,TELEPHONE RD,CYPRESS POINT LN,704.0,E,N,A,-,N,,,,,,,,,,N,4,0,1,2,A,-,09,21804.0,B,N,D,G,A,A,H,-,A,D,0,,Y,,,Y,,L,04,0,0,1,0,0,0,1,0,0,-,-,,,VENTURA,VENTURA,-119.21361247,34.26528459
9781,8346794,2017,2017-04-14,5608,2017-03-31,1405,443,VENTU,5,5,6,5608,0,0,0,,0,001,VENTURA AV,STANLEY AV,0.0,,Y,A,-,N,,,,,,,,,,N,4,0,2,2,A,-,03,22350.0,A,N,C,C,A,A,H,-,A,A,0,,,,,Y,,D,22,0,0,2,0,0,0,0,0,0,-,-,,,VENTURA,VENTURA,-119.29532996,34.29950005
9782,8346758,2017,2017-04-29,5608,2017-03-31,2359,475,,5,5,6,5608,0,0,0,,0,004,RAMELLI AV,RALSTON ST,75.0,S,N,A,-,N,,,,,,,,,,Y,4,0,1,1,A,-,03,22350.0,,N,E,I,A,A,H,-,C,A,0,,,Y,,Y,,C,02,0,0,1,0,0,0,0,0,1,-,-,,,VENTURA,VENTURA,-119.19215465,34.26166143
9783,8337475,2017,2017-04-06,5600,2017-03-22,757,5298,9050,3,5,6,5607,0,0,0,,0,09B,MOORPARK RD,COLUMBIA RD,0.0,,Y,B,-,N,,,,,,,,,,Y,4,0,3,3,A,-,09,21801.0,A,N,H,C,A,B,H,-,A,A,0,,,,,Y,,A,01,0,0,3,0,0,0,0,0,0,-,-,,,VENTURA,THOUSAND OAKS,-118.86836006,34.20222001
9784,8334947,2017,2017-03-29,5608,2017-03-10,1346,456,,5,5,6,5608,0,0,0,,0,002,THOMPSON BL,S SEAWARD AV,12.0,E,N,B,-,N,,,,,,,,,,N,3,0,1,2,-,-,-,,,N,D,J,A,A,H,-,A,A,0,,,,,Y,,-,-,0,1,0,0,0,0,0,0,0,-,-,,,VENTURA,VENTURA,-119.26635149,34.27357207
9785,8334519,2017,2017-03-30,5600,2017-02-17,1432,2833,9160,5,5,6,5607,0,0,0,,0,09D,THOUSAND OAKS BL,PIERCE ARROW AV,4.0,E,N,C,-,N,,,,,,,,,,N,4,0,1,2,A,-,10,21950.0,A,N,G,B,B,B,H,-,A,A,0,Y,,,,Y,,A,01,0,0,1,0,1,0,0,0,0,-,-,,,VENTURA,THOUSAND OAKS,-118.82573892,34.16241403
9786,8332995,2017,2017-03-30,5608,2017-03-21,1759,442,,2,5,6,5608,0,0,0,,0,004,JOHNSON DR,NORTH BANK,169.0,S,N,C,-,N,,,,,,,,,,Y,4,0,2,2,A,-,09,21804.0,A,N,D,C,A,B,H,-,A,D,0,,,,,Y,,A,01,0,0,2,0,0,0,0,0,0,-,-,,,VENTURA,VENTURA,-119.19445399,34.24666007
9787,8332396,2017,2017-03-28,5600,2017-03-10,1915,2877,8007,5,5,5,5601,0,0,0,,0,8A01,LAS POSAS RD,DAILY DR,0.0,,Y,A,-,N,,,,,,,,,,N,4,0,1,2,A,-,10,21950.0,A,N,G,B,B,A,H,-,C,A,0,Y,,,,Y,,A,07,0,0,1,0,1,0,0,0,0,-,-,34.221740000000004,-119.06963,VENTURA,CAMARILLO,-119.06979004,34.22184001
9788,8327971,2017,2017-03-24,5608,2017-03-10,1914,401,,5,5,6,5608,0,0,0,,0,002,EAST MAIN ST,N KATHERINE DR,0.0,,Y,A,-,N,,,,,,,,,,Y,3,0,2,3,A,-,01,23153.0,,F,G,B,B,A,H,-,C,A,0,Y,,,,Y,Y,-,,0,2,0,0,2,0,0,0,0,-,-,,,VENTURA,VENTURA,-119.26152998,34.27478011
9789,8327940,2017,2017-03-24,5608,2017-03-15,1035,441,,3,5,6,5608,0,0,0,,0,001,VENTURA AV,W PROSPECT ST,16.0,S,N,A,-,N,,,,,,,,,,N,3,0,1,2,A,-,09,21802.0,A,N,C,C,A,A,H,-,A,D,0,,,,,Y,,-,,0,1,0,0,0,0,0,0,0,-,-,,,VENTURA,VENTURA,-119.29913279,34.28695738
9790,8326777,2017,2017-04-01,5608,2017-03-05,1358,482,,7,5,6,5608,0,0,0,,0,004,VICTORIA AV,THILLE ST,0.0,,Y,A,G,N,,,,,,,,,,Y,4,0,4,2,A,-,12,21453.0,A,N,D,C,A,A,H,-,A,A,0,,,,,Y,,-,,0,0,4,0,0,0,0,0,0,-,-,,,VENTURA,VENTURA,-119.21303994,34.26810003
9791,8323675,2017,2017-03-23,5600,2017-02-28,1701,2877,8021,2,5,5,5601,0,0,0,,0,8B01,LAS POSAS RD,CARMEN DR,0.0,,Y,A,-,N,,,,,,,,,,Y,4,0,1,2,A,-,01,23152.0,B,N,D,C,A,A,H,-,A,A,0,,,,,Y,Y,A,01,0,0,1,0,0,0,0,0,0,-,-,34.233509999999995,-119.05136999999999,VENTURA,CAMARILLO,-119.05154009,34.23350007
9792,8318299,2017,2017-03-14,5609,2017-01-28,1607,437,,6,5,6,5609,0,0,0,,0,001,SIMI TOWN CENTER WY,JEFFERSON WY EAST,0.0,,Y,A,-,N,,,,,,,,,,Y,4,0,2,2,A,-,12,22450.0,A,N,D,C,A,A,H,-,A,D,0,,,,,Y,,A,01,0,0,2,0,0,0,0,0,0,-,-,,,VENTURA,SIMI VALLEY,-118.77468008,34.28319008
9793,8315855,2017,2017-03-08,5600,2017-02-04,1800,3852,9064,6,5,6,5607,0,0,0,,0,9B01,MOORPARK RD,CONEJO VALLEY PLZ,7.0,N,N,A,-,N,,,,,,,,,,N,3,0,1,2,A,-,08,22107.0,,N,G,J,A,A,H,-,C,A,0,,Y,,,Y,,A,01,0,1,0,0,0,0,1,0,0,-,-,,,VENTURA,THOUSAND OAKS,-118.86957797,34.1982764
9794,8308128,2017,2017-08-04,5608,2017-03-11,1909,451,,6,5,6,5608,0,0,0,,0,004,TELEPHONE RD,PETIT AV,0.0,,Y,A,-,N,,,,,,,,,,N,3,0,1,2,A,-,08,22107.0,,N,E,G,A,A,H,-,C,A,0,,Y,,,Y,,-,,0,1,0,0,0,0,1,0,0,-,-,34.27218,-119.17048,VENTURA,VENTURA,-119.17057008,34.27224004
9795,8299870,2017,2017-02-27,5608,2017-02-10,1241,464,,5,5,6,5608,0,0,0,,0,002,MILLS RD,TELEPHONE RD,5.0,S,N,A,-,N,,,,,,,,,,N,3,0,1,2,A,-,10,21950.0,A,N,G,B,B,A,H,-,A,A,0,Y,,,,Y,,-,,0,1,0,0,1,0,0,0,0,-,-,,,VENTURA,VENTURA,,
9796,8297869,2017,2018-02-07,5600,2017-01-27,1322,1936,9102,5,5,6,5607,0,0,0,,0,09G,MOORPARK RD,RT 101,8.0,N,N,A,-,Y,VEN,7.0,101.0,-,-,3.925,R,4.0,N,N,4,0,1,2,A,-,21,22106.0,,N,C,C,A,A,H,-,A,A,0,,,Y,,Y,,A,08,0,0,1,0,0,0,0,0,1,-,NF,,,VENTURA,THOUSAND OAKS,-118.87390422,34.17724216
9797,8296927,2017,2018-02-07,5600,2017-01-31,1343,4438,8262,2,5,5,5601,0,0,0,,0,8D1,SANTA ROSA RD,RT 101,0.0,,Y,A,-,Y,VEN,7.0,101.0,-,-,12.208,R,4.0,N,Y,4,0,1,2,A,-,12,21453.0,A,N,D,C,A,A,H,-,A,A,0,,,,,Y,,D,22,0,0,1,0,0,0,0,0,0,-,NF,34.21476,-119.00703,VENTURA,CAMARILLO,-119.0062494,34.21330382
9798,8285766,2017,2018-01-06,5609,2017-01-10,1459,443,619,2,5,6,5609,0,0,0,,0,006,ROCKY PEAK RD,RT 118,0.0,,Y,B,-,Y,VEN,7.0,118.0,-,R,32.216,R,4.0,E,Y,4,0,2,2,A,-,09,21802.0,A,N,D,C,A,A,H,-,A,D,0,,,,,Y,,A,01,0,0,2,0,0,0,0,0,0,-,EO,34.2674,-118.6353,VENTURA,SIMI VALLEY,-118.63877104,34.26650866
9799,8285020,2017,2017-01-30,5609,2017-01-10,1741,389,,2,5,6,5609,0,0,0,,0,005,ALAMO ST,TAPO CANYON RD,10.0,E,N,C,-,N,,,,,,,,,,N,4,0,1,2,A,-,10,21950.0,A,N,G,B,B,B,H,-,C,A,0,Y,,,,Y,,D,22,0,0,1,0,1,0,0,0,0,-,-,34.286429999999996,-118.71781000000001,VENTURA,SIMI VALLEY,-118.71780695,34.28638
9800,8284522,2017,2017-01-24,5608,2017-01-06,1508,464,,5,5,6,5608,0,0,0,,0,002,THOMPSON BL,BORCHARD DR,2.0,E,N,A,-,N,,,,,,,,,,Y,4,0,1,2,A,-,08,22107.0,,N,D,C,A,A,H,-,A,A,0,,,,,Y,,-,,0,0,1,0,0,0,0,0,0,-,-,,,VENTURA,VENTURA,-119.26030356,34.27236877
9801,8282067,2017,2017-01-18,5600,2017-01-05,1000,4483,9154,4,5,6,5607,0,0,0,,0,9G01,HAMPSHIRE RD,THOUSAND OAKS BL,10.0,S,N,B,-,N,,,,,,,,,,N,4,0,1,2,A,-,04,21703.0,,N,C,C,A,B,H,-,A,A,0,,,,,Y,,A,01,0,0,1,0,0,0,0,0,0,-,-,,,VENTURA,THOUSAND OAKS,-118.8361611,34.169218900000004
9802,6718638,2017,2018-03-01,5608,2017-09-26,1903,322,5608,2,5,6,5608,0,0,0,,0,002,E MAIN ST,N KATHERINE ST,0.0,,Y,A,-,N,,,,,,,,,,Y,1,1,0,1,C,-,18,,,N,E,I,A,A,B,G,B,A,0,,,,,Y,,-,-,0,0,0,0,0,0,0,0,0,-,-,,,VENTURA,VENTURA,-119.26152998,34.27478011
9803,6718592,2017,2018-02-16,5600,2017-07-30,1136,4615,8126,7,5,5,5601,0,0,0,,0,08C,KELLEY AV,HARTNELL ST,0.0,,Y,A,-,N,,,,,,,,,,Y,1,1,0,1,A,-,01,23152.0,G,N,E,I,A,A,H,-,A,D,0,,,Y,,Y,Y,C,02,0,0,0,0,0,0,0,1,0,-,-,34.13405,-119.01853999999999,VENTURA,CAMARILLO,-119.03091004,34.2234301
9804,90493665,2017,2017-07-05,9765,2017-06-03,835,18490,,6,1,9,5600,0,3,5,,2,006,HOUSTON ROAD,PACIFIC VIEW DRIVE,67.0,S,N,A,-,N,,,,,,,,,,Y,2,0,1,1,A,-,08,22107.0,,N,E,I,A,A,H,-,A,D,0,,,,Y,Y,,F,27,1,0,0,0,0,0,0,0,0,-,-,34.58,-118.5815,VENTURA,UNINCORPORATED,-118.97033617,34.08647457
9805,90519408,2017,2017-08-09,9770,2017-08-01,1425,17409,,2,2,6,5607,0,1,2,,2,072,US-101 N/B TO LYNN ROAD,LYNN ROAD,5.0,S,N,A,-,Y,,,101.0,,,,R,,N,N,3,0,1,2,A,-,09,21804.0,A,N,H,G,A,A,H,-,A,A,0,,Y,,,Y,,L,04,0,1,0,0,0,0,1,0,0,-,-,34.184090000000005,-118.89123000000001,VENTURA,THOUSAND OAKS,-118.89123000000001,34.184090000000005
9806,90540703,2017,2017-09-05,9765,2017-09-02,548,16712,,6,3,6,5608,0,1,2,,2,302,US-101 N/B FROM VICTORIA AVE,VICTORIA AVENUE,26.0,N,N,A,-,Y,,,101.0,,,,R,,N,N,3,0,1,1,A,-,03,22350.0,,N,F,A,A,A,B,-,C,D,0,,,,,Y,,J,49,0,1,0,0,0,0,0,0,0,-,-,34.25312,-119.21088,VENTURA,VENTURA,-119.21088,34.25312
9807,90542092,2017,2017-09-06,9770,2017-08-30,1930,20917,,3,2,9,5600,0,1,3,,1,057,SR-23 (BELLEVUE AVENUE),CHAMBERSBURG ROAD,18.0,W,N,A,-,Y,,,23.0,,,,,,,Y,4,0,1,2,A,-,03,22350.0,,N,D,C,A,A,H,-,B,D,0,,,,,Y,,A,01,0,0,1,0,0,0,0,0,0,-,-,34.37231,-118.91593999999999,VENTURA,UNINCORPORATED,-118.91594749,34.37234876
9808,90551157,2017,2017-09-19,9765,2017-09-08,1155,15696,,5,1,9,5600,0,3,5,,2,003,OLIVAS PARK DRIVE,TELEPHONE ROAD,38.0,E,N,B,-,N,,,,,,,,,,N,3,0,1,2,A,-,08,22107.0,,N,H,G,A,A,H,-,A,A,0,,Y,,,Y,,A,01,0,1,0,0,0,0,1,0,0,-,-,34.24434,-119.23395,VENTURA,UNINCORPORATED,-119.23405456,34.24440523
9809,90600156,2017,2017-11-22,9770,2017-11-13,1754,19849,,1,2,6,5609,0,1,3,,2,082,SR-118 W/B FROM TAPO CANYON RD,TAPO CANYON ROAD,6.0,W,N,A,-,Y,,,118.0,,,,R,,W,N,3,0,1,2,A,-,05,21650.0,,N,D,G,A,A,H,-,C,D,0,,Y,,,Y,,L,04,0,1,0,0,0,0,1,0,0,-,-,34.28224,-118.71791,VENTURA,SIMI VALLEY,-118.71791,34.28224
9810,90604287,2017,2017-11-28,9770,2017-11-16,1720,21909,,4,2,9,5600,0,2,4,,1,030,SANTA ROSA ROAD,HILL CANYON ROAD,2640.0,W,N,B,C,N,,,,,,,,,,Y,3,0,3,2,A,-,01,23152.0,A,N,D,C,A,B,H,-,D,D,0,,,,,Y,Y,A,01,0,1,2,0,0,0,0,0,0,-,-,34.2352,-118.93901000000001,VENTURA,UNINCORPORATED,-118.93942013,34.23519376
9811,90614352,2017,2017-12-11,9765,2017-12-02,20,21082,,6,3,9,5600,0,3,5,,2,006,LAS POSAS ROAD,SR-34 (EAST FIFTH STREET),3.0,N,N,A,-,Y,,,,,,,,,,Y,3,0,1,1,A,-,01,23152.0,A,M,E,I,A,A,H,-,C,A,0,,,,,Y,Y,D,22,0,1,0,0,0,0,0,0,0,-,-,34.19643,-119.0701,VENTURA,UNINCORPORATED,,
9812,90628653,2017,2017-12-28,9770,2017-12-24,1815,20238,,7,2,6,5607,0,1,2,,2,072,US-101 (N/B) FROM LYNN ROAD,LYNN ROAD,30.0,N,N,A,-,Y,,,101.0,,,,R,,,Y,2,0,1,1,A,-,08,22107.0,,N,E,I,A,A,H,-,C,D,0,,,,,Y,,A,07,1,0,0,0,0,0,0,0,0,-,-,34.183609999999994,-118.8914,VENTURA,THOUSAND OAKS,-118.8914,34.183609999999994
9813,90481940,2017,2017-06-20,9280,2017-06-10,1550,13837,,6,2,9,5700,0,3,5,,2,003,COUNTY ROAD 95,COUNTY ROAD 29,4752.0,S,N,A,-,N,,,,,,,,,,Y,4,0,2,2,A,-,3,22350.0,,N,C,C,A,A,H,-,A,D,0,,,,,Y,,D,22.0,0,0,2,0,0,0,0,0,0,-,-,38.57626,-121.85891000000001,YOLO,UNINCORPORATED,-121.85871753,38.577618799999996
9814,90461053,2017,2017-05-22,9280,2017-05-15,645,12272,,1,1,9,5700,0,3,5,,2,003,COUNTY ROAD 23 (27500 BLK),COUNTY ROAD 87B,93.0,E,N,A,-,N,,,,,,,,,,Y,4,0,1,2,A,-,3,22350.0,,N,C,C,A,A,H,-,A,D,0,,,,,Y,,A,1.0,0,0,1,0,0,0,0,0,0,-,-,38.6691,-121.9982,YOLO,UNINCORPORATED,-121.99832381,38.66909838
9815,90458132,2017,2017-05-17,9280,2017-05-15,720,17964,,1,1,9,5700,0,2,4,,1,021,COUNTY ROAD 102,COUNTY ROAD 17,50.0,N,N,A,-,N,,,,,,,,,,Y,4,0,1,1,A,-,3,22350.0,,N,E,I,A,A,H,-,A,A,0,,,,,Y,,A,1.0,0,0,1,0,0,0,0,0,0,-,-,38.73458,-121.72991,YOLO,UNINCORPORATED,-121.72959571,38.73474728
9816,90447333,2017,2017-05-02,9280,2017-04-22,2046,16929,,6,2,9,5700,0,3,5,,2,002,COUNTY ROAD 24,COUNTY ROAD 95A,45.0,E,N,A,-,N,,,,,,,,,,Y,4,0,1,2,A,-,8,22107.0,,N,A,C,A,A,H,-,D,A,0,,,,,Y,,A,1.0,0,0,1,0,0,0,0,0,0,-,-,38.6634,-121.84868,YOLO,UNINCORPORATED,-121.84882237,38.66340867